aco_flight_number,plot_datetime,study_area,other_study_area,users,plot_id,tube_name,pre_survey_notes,gnss_unit,gnss_setup,other_gnss_setup,gnss_status,rover_height,tare_weight_g,plot_type,cardinal,distance_m,custom_distance,sample_type,depth_cm,depth_timestamp,depth_final_cm,core_length_cm,plug_cm,mass_tube_g,snow_depth,multi_core,multi_part_core_num,multi_core_num_copy,depth_cm_new,depth_cm_timestamp_new,core_section_length_cm,plug_cm_copy,mass_tube_g_new,core_length_final,plot_features,core_features,depth_of_saturation,mass_final_g,depth_max,retrieval,swe_cm,density,sample_rating,notes,snow_pit_distance_from_centre,snow_pit_depth_above_ground,snow_pit_temperature,snow_pit_density,survey_end
1,5/10/2024 10:11,Cruickshank,,Ak bf tm,S2F,CHRL 1,Big disturbance on south due to soft snow. 20-30cm footprint.,,,,,,3430,,N,2.5,,Depth,78.0,5/10/2024 10:13,162.0,,,,162.0,,,,,,,,,,O,,,,,,,,Good,,,,,,5/10/2024 10:37
1,5/10/2024 10:11,Cruickshank,,Ak bf tm,S2F,CHRL 1,Big disturbance on south due to soft snow. 20-30cm footprint.,,,,,,3430,,N,10.0,,Density,122.0,5/10/2024 10:12,,114.0,0.0,4020.0,122.0,,,,,,,,,114.0,U,,,590.0,122.0,93.0,52.575,0.431,Good,,,,,,5/10/2024 10:37
1,5/10/2024 10:11,Cruickshank,,Ak bf tm,S2F,CHRL 1,Big disturbance on south due to soft snow. 20-30cm footprint.,,,,,,3430,,N,5.0,,Depth,35.0,5/10/2024 10:13,119.0,,,,119.0,,,,,,,,,,E,,,,,,,,Good,,,,,,5/10/2024 10:37
1,5/10/2024 10:11,Cruickshank,,Ak bf tm,S2F,CHRL 1,Big disturbance on south due to soft snow. 20-30cm footprint.,,,,,,3430,,N,7.5,,Depth,28.0,5/10/2024 10:13,112.0,,,,112.0,,,,,,,,,,U,,,,,,,,Good,,,,,,5/10/2024 10:37
1,5/10/2024 10:11,Cruickshank,,Ak bf tm,S2F,CHRL 1,Big disturbance on south due to soft snow. 20-30cm footprint.,,,,,,3430,,N,10.0,,Depth,60.0,5/10/2024 10:14,144.0,,,,144.0,,,,,,,,,,U,,,,,,,,Good,,,,,,5/10/2024 10:37
1,5/10/2024 10:11,Cruickshank,,Ak bf tm,S2F,CHRL 1,Big disturbance on south due to soft snow. 20-30cm footprint.,,,,,,3430,,E,,,Density,45.0,5/10/2024 10:17,,40.0,0.0,3670.0,45.0,,,,,,,,,40.0,O,,,240.0,45.0,89.0,21.386,0.475,Good,,,,,,5/10/2024 10:37
1,5/10/2024 10:11,Cruickshank,,Ak bf tm,S2F,CHRL 1,Big disturbance on south due to soft snow. 20-30cm footprint.,,,,,,3430,,S,10.0,,Depth,16.0,5/10/2024 10:18,100.0,,,,100.0,,,,,,,,,,O,,,,,,,,Good,,,,,,5/10/2024 10:37
1,5/10/2024 10:11,Cruickshank,,Ak bf tm,S2F,CHRL 1,Big disturbance on south due to soft snow. 20-30cm footprint.,,,,,,3430,,S,7.5,,Depth,61.0,5/10/2024 10:20,61.0,,,,61.0,,,,,,,,,,O,,,,,,,,Good,,,,,,5/10/2024 10:37
1,5/10/2024 10:11,Cruickshank,,Ak bf tm,S2F,CHRL 1,Big disturbance on south due to soft snow. 20-30cm footprint.,,,,,,3430,,S,5.0,,Depth,78.0,5/10/2024 10:20,78.0,,,,78.0,,,,,,,,,,O,,,,,,,,Good,,,,,,5/10/2024 10:37
1,5/10/2024 10:11,Cruickshank,,Ak bf tm,S2F,CHRL 1,Big disturbance on south due to soft snow. 20-30cm footprint.,,,,,,3430,,S,2.5,,Depth,69.0,5/10/2024 10:20,69.0,,,,69.0,,,,,,,,,,E,,,,,,,,Good,,,,,,5/10/2024 10:37
1,5/10/2024 10:11,Cruickshank,,Ak bf tm,S2F,CHRL 1,Big disturbance on south due to soft snow. 20-30cm footprint.,,,,,,3430,,Centre,,,Density,128.0,5/10/2024 10:20,,118.0,0.0,4060.0,128.0,,,,,,,,,118.0,O,,,630.0,128.0,92.0,56.139,0.439,Good,,,,,,5/10/2024 10:37
1,5/10/2024 10:11,Cruickshank,,Ak bf tm,S2F,CHRL 1,Big disturbance on south due to soft snow. 20-30cm footprint.,,,,,,3430,,E,2.5,,Depth,88.0,5/10/2024 10:21,88.0,,,,88.0,,,,,,,,,,U,,,,,,,,Good,,,,,,5/10/2024 10:37
1,5/10/2024 10:11,Cruickshank,,Ak bf tm,S2F,CHRL 1,Big disturbance on south due to soft snow. 20-30cm footprint.,,,,,,3430,,E,5.0,,Depth,40.0,5/10/2024 10:22,40.0,,,,40.0,,,,,,,,,,U,,,,,,,,Good,,,,,,5/10/2024 10:37
1,5/10/2024 10:11,Cruickshank,,Ak bf tm,S2F,CHRL 1,Big disturbance on south due to soft snow. 20-30cm footprint.,,,,,,3430,,E,7.5,,Depth,41.0,5/10/2024 10:23,41.0,,,,41.0,,,,,,,,,,O,,,,,,,,Good,,,,,,5/10/2024 10:37
1,5/10/2024 10:11,Cruickshank,,Ak bf tm,S2F,CHRL 1,Big disturbance on south due to soft snow. 20-30cm footprint.,,,,,,3430,,E,10.0,,Depth,47.0,5/10/2024 10:23,47.0,,,,47.0,,,,,,,,,,O,,,,,,,,Good,,,,,,5/10/2024 10:37
1,5/10/2024 10:11,Cruickshank,,Ak bf tm,S2F,CHRL 1,Big disturbance on south due to soft snow. 20-30cm footprint.,,,,,,3430,,,,,Density,135.0,5/10/2024 10:24,,123.0,0.0,4100.0,135.0,,,,,,,,,123.0,O,,,670.0,135.0,91.0,59.704,0.442,Good,,,,,,5/10/2024 10:37
1,5/10/2024 10:11,Cruickshank,,Ak bf tm,S2F,CHRL 1,Big disturbance on south due to soft snow. 20-30cm footprint.,,,,,,3430,,NE,10.0,,Depth,153.0,5/10/2024 10:26,153.0,,,,153.0,,,,,,,,,,O,,,,,,,,Good,,,,,,5/10/2024 10:37
1,5/10/2024 10:11,Cruickshank,,Ak bf tm,S2F,CHRL 1,Big disturbance on south due to soft snow. 20-30cm footprint.,,,,,,3430,,NE,7.5,,Depth,105.0,5/10/2024 10:26,105.0,,,,105.0,,,,,,,,,,O,,,,,,,,Good,,,,,,5/10/2024 10:37
1,5/10/2024 10:11,Cruickshank,,Ak bf tm,S2F,CHRL 1,Big disturbance on south due to soft snow. 20-30cm footprint.,,,,,,3430,,NE,5.0,,Depth,101.0,5/10/2024 10:26,101.0,,,,101.0,,,,,,,,,,O,,,,,,,,Good,,,,,,5/10/2024 10:37
1,5/10/2024 10:11,Cruickshank,,Ak bf tm,S2F,CHRL 1,Big disturbance on south due to soft snow. 20-30cm footprint.,,,,,,3430,,NE,2.5,,Depth,117.0,5/10/2024 10:26,117.0,,,,117.0,,,,,,,,,,E,,,,,,,,Good,,,,,,5/10/2024 10:37
1,5/10/2024 10:11,Cruickshank,,Ak bf tm,S2F,CHRL 1,Big disturbance on south due to soft snow. 20-30cm footprint.,,,,,,3430,,Centre,,,Depth,135.0,5/10/2024 10:26,135.0,,,,135.0,,,,,,,,,,O,,,,,,,,Good,,,,,,5/10/2024 10:37
1,5/10/2024 10:11,Cruickshank,,Ak bf tm,S2F,CHRL 1,Big disturbance on south due to soft snow. 20-30cm footprint.,,,,,,3430,,W,2.5,,Depth,130.0,5/10/2024 10:27,130.0,,,,130.0,,,,,,,,,,O,,,,,,,,Good,,,,,,5/10/2024 10:37
1,5/10/2024 10:11,Cruickshank,,Ak bf tm,S2F,CHRL 1,Big disturbance on south due to soft snow. 20-30cm footprint.,,,,,,3430,,W,5.0,,Depth,76.0,5/10/2024 10:27,76.0,,,,76.0,,,,,,,,,,O,,,,,,,,Good,,,,,,5/10/2024 10:37
1,5/10/2024 10:11,Cruickshank,,Ak bf tm,S2F,CHRL 1,Big disturbance on south due to soft snow. 20-30cm footprint.,,,,,,3430,,W,7.5,,Depth,134.0,5/10/2024 10:28,134.0,,,,134.0,,,,,,,,,,O,,,,,,,,Good,,,,,,5/10/2024 10:37
1,5/10/2024 10:11,Cruickshank,,Ak bf tm,S2F,CHRL 1,Big disturbance on south due to soft snow. 20-30cm footprint.,,,,,,3430,,W,10.0,,Depth,125.0,5/10/2024 10:28,125.0,,,,125.0,,,,,,,,,,O,,,,,,,,Good,,,,,,5/10/2024 10:37
1,5/10/2024 10:11,Cruickshank,,Ak bf tm,S2F,CHRL 1,Big disturbance on south due to soft snow. 20-30cm footprint.,,,,,,3430,,S,10.0,,Density,56.0,5/10/2024 10:28,,51.0,0.0,3780.0,56.0,,,,,,,,,51.0,U,,,350.0,56.0,91.0,31.189,0.557,Good,,,,,,5/10/2024 10:37
1,5/10/2024 10:11,Cruickshank,,Ak bf tm,S2F,CHRL 1,Big disturbance on south due to soft snow. 20-30cm footprint.,,,,,,3430,,SW,10.0,,Depth,70.0,5/10/2024 10:30,70.0,,,,70.0,,,,,,,,,,U,,,,,,,,Good,,,,,,5/10/2024 10:37
1,5/10/2024 10:11,Cruickshank,,Ak bf tm,S2F,CHRL 1,Big disturbance on south due to soft snow. 20-30cm footprint.,,,,,,3430,,SW,7.5,,Depth,61.0,5/10/2024 10:30,61.0,,,,61.0,,,,,,,,,,E,,,,,,,,Good,,,,,,5/10/2024 10:37
1,5/10/2024 10:11,Cruickshank,,Ak bf tm,S2F,CHRL 1,Big disturbance on south due to soft snow. 20-30cm footprint.,,,,,,3430,,SW,5.0,,Depth,121.0,5/10/2024 10:31,121.0,,,,121.0,,,,,,,,,,O,,,,,,,,Good,,,,,,5/10/2024 10:37
1,5/10/2024 10:11,Cruickshank,,Ak bf tm,S2F,CHRL 1,Big disturbance on south due to soft snow. 20-30cm footprint.,,,,,,3430,,SW,2.5,,Depth,120.0,5/10/2024 10:31,120.0,,,,120.0,,,,,,,,,,O,,,,,,,,Good,,,,,,5/10/2024 10:37
1,5/10/2024 10:11,Cruickshank,,Ak bf tm,S2F,CHRL 1,Big disturbance on south due to soft snow. 20-30cm footprint.,,,,,,3430,,SE,10.0,,Depth,42.0,5/10/2024 10:33,42.0,,,,42.0,,,,,,,,,,"U,TW",,,,,,,,Good,,,,,,5/10/2024 10:37
1,5/10/2024 10:11,Cruickshank,,Ak bf tm,S2F,CHRL 1,Big disturbance on south due to soft snow. 20-30cm footprint.,,,,,,3430,,SE,7.5,,Depth,68.0,5/10/2024 10:34,68.0,,,,68.0,,,,,,,,,,U,,,,,,,,Good,,,,,,5/10/2024 10:37
1,5/10/2024 10:11,Cruickshank,,Ak bf tm,S2F,CHRL 1,Big disturbance on south due to soft snow. 20-30cm footprint.,,,,,,3430,,SE,5.0,,Depth,56.0,5/10/2024 10:34,56.0,,,,56.0,,,,,,,,,,O,,,,,,,,Good,,,,,,5/10/2024 10:37
1,5/10/2024 10:11,Cruickshank,,Ak bf tm,S2F,CHRL 1,Big disturbance on south due to soft snow. 20-30cm footprint.,,,,,,3430,,SE,2.5,,Depth,43.0,5/10/2024 10:34,43.0,,,,43.0,,,,,,,,,,E,,,,,,,,Good,,,,,,5/10/2024 10:37
1,5/10/2024 10:11,Cruickshank,,Ak bf tm,S2F,CHRL 1,Big disturbance on south due to soft snow. 20-30cm footprint.,,,,,,3430,,NW,10.0,,Depth,116.0,5/10/2024 10:37,116.0,,,,116.0,,,,,,,,,,O,,,,,,,,Good,,,,,,5/10/2024 10:37
1,5/10/2024 10:11,Cruickshank,,Ak bf tm,S2F,CHRL 1,Big disturbance on south due to soft snow. 20-30cm footprint.,,,,,,3430,,NW,7.5,,Depth,98.0,5/10/2024 10:37,98.0,,,,98.0,,,,,,,,,,E,,,,,,,,Good,,,,,,5/10/2024 10:37
1,5/10/2024 10:11,Cruickshank,,Ak bf tm,S2F,CHRL 1,Big disturbance on south due to soft snow. 20-30cm footprint.,,,,,,3430,,NW,5.0,,Depth,135.0,5/10/2024 10:37,135.0,,,,135.0,,,,,,,,,,U,,,,,,,,Good,,,,,,5/10/2024 10:37
1,5/10/2024 10:11,Cruickshank,,Ak bf tm,S2F,CHRL 1,Big disturbance on south due to soft snow. 20-30cm footprint.,,,,,,3430,,NW,2.5,,Depth,131.0,5/10/2024 10:37,131.0,,,,131.0,,,,,,,,,,O,,,,,,,,Good,,,,,,5/10/2024 10:37
1,5/10/2024 9:13,Cruickshank,,Ak bf tm,E3S,CHRL 1,,,,,,,3500,Cardinal 10 m,S,10.0,,Depth,206.0,5/10/2024 9:15,206.0,,,,206.0,,,,,,,,,,O,,,,,,,,Good,,,,,,5/10/2024 9:33
1,5/10/2024 9:13,Cruickshank,,Ak bf tm,E3S,CHRL 1,,,,,,,3500,Cardinal 10 m,S,7.5,,Depth,212.0,5/10/2024 9:15,212.0,,,,212.0,,,,,,,,,,O,,,,,,,,Good,,,,,,5/10/2024 9:33
1,5/10/2024 9:13,Cruickshank,,Ak bf tm,E3S,CHRL 1,,,,,,,3500,Cardinal 10 m,S,5.0,,Depth,207.0,5/10/2024 9:15,207.0,,,,207.0,,,,,,,,,,O,,,,,,,,Good,,,,,,5/10/2024 9:33
1,5/10/2024 9:13,Cruickshank,,Ak bf tm,E3S,CHRL 1,,,,,,,3500,Cardinal 10 m,S,2.5,,Depth,166.0,5/10/2024 9:15,166.0,,,,166.0,,,,,,,,,,O,,,,,,,,Good,,,,,,5/10/2024 9:33
1,5/10/2024 9:13,Cruickshank,,Ak bf tm,E3S,CHRL 1,,,,,,,3500,Cardinal 10 m,Centre,,,Depth,144.0,5/10/2024 9:16,144.0,,,,144.0,,,,,,,,,,O,,,,,,,,Good,,,,,,5/10/2024 9:33
1,5/10/2024 9:13,Cruickshank,,Ak bf tm,E3S,CHRL 1,,,,,,,3500,Cardinal 10 m,N,10.0,,Depth,120.0,5/10/2024 9:17,120.0,,,,120.0,,,,,,,,,,O,,,,,,,,Good,,,,,,5/10/2024 9:33
1,5/10/2024 9:13,Cruickshank,,Ak bf tm,E3S,CHRL 1,,,,,,,3500,Cardinal 10 m,N,7.5,,Depth,140.0,5/10/2024 9:17,140.0,,,,140.0,,,,,,,,,,O,,,,,,,,Good,,,,,,5/10/2024 9:33
1,5/10/2024 9:13,Cruickshank,,Ak bf tm,E3S,CHRL 1,,,,,,,3500,Cardinal 10 m,N,5.0,,Depth,127.0,5/10/2024 9:17,127.0,,,,127.0,,,,,,,,,,O,,,,,,,,Good,,,,,,5/10/2024 9:33
1,5/10/2024 9:13,Cruickshank,,Ak bf tm,E3S,CHRL 1,,,,,,,3500,Cardinal 10 m,N,2.5,,Depth,137.0,5/10/2024 9:17,137.0,,,,137.0,,,,,,,,,,O,,,,,,,,Good,,,,,,5/10/2024 9:33
1,5/10/2024 9:13,Cruickshank,,Ak bf tm,E3S,CHRL 1,,,,,,,3500,Cardinal 10 m,E,10.0,,Depth,136.0,5/10/2024 9:19,136.0,,,,136.0,,,,,,,,,,O,,,,,,,,Good,,,,,,5/10/2024 9:33
1,5/10/2024 9:13,Cruickshank,,Ak bf tm,E3S,CHRL 1,,,,,,,3500,Cardinal 10 m,E,7.5,,Depth,118.0,5/10/2024 9:19,118.0,,,,118.0,,,,,,,,,,U,,,,,,,,Good,,,,,,5/10/2024 9:33
1,5/10/2024 9:13,Cruickshank,,Ak bf tm,E3S,CHRL 1,,,,,,,3500,Cardinal 10 m,E,5.0,,Depth,94.0,5/10/2024 9:20,94.0,,,,94.0,,,,,,,,,,O,,,,,,,,Good,,,,,,5/10/2024 9:33
1,5/10/2024 9:13,Cruickshank,,Ak bf tm,E3S,CHRL 1,,,,,,,3500,Cardinal 10 m,E,2.5,,Depth,128.0,5/10/2024 9:20,128.0,,,,128.0,,,,,,,,,,O,,,,,,,,Good,,,,,,5/10/2024 9:33
1,5/10/2024 9:13,Cruickshank,,Ak bf tm,E3S,CHRL 1,,,,,,,3500,Cardinal 10 m,S,10.0,,Density,205.0,5/10/2024 9:21,,180.0,0.0,4590.0,205.0,,,,,,,,,180.0,O,,,1090.0,205.0,88.0,97.13,0.474,Good,,,,,,5/10/2024 9:33
1,5/10/2024 9:13,Cruickshank,,Ak bf tm,E3S,CHRL 1,,,,,,,3500,Cardinal 10 m,W,10.0,,Depth,168.0,5/10/2024 9:22,168.0,,,,168.0,,,,,,,,,,O,,,,,,,,Good,,,,,,5/10/2024 9:33
1,5/10/2024 9:13,Cruickshank,,Ak bf tm,E3S,CHRL 1,,,,,,,3500,Cardinal 10 m,W,7.5,,Depth,185.0,5/10/2024 9:22,185.0,,,,185.0,,,,,,,,,,O,,,,,,,,Good,,,,,,5/10/2024 9:33
1,5/10/2024 9:13,Cruickshank,,Ak bf tm,E3S,CHRL 1,,,,,,,3500,Cardinal 10 m,W,5.0,,Depth,170.0,5/10/2024 9:22,170.0,,,,170.0,,,,,,,,,,O,,,,,,,,Good,,,,,,5/10/2024 9:33
1,5/10/2024 9:13,Cruickshank,,Ak bf tm,E3S,CHRL 1,,,,,,,3500,Cardinal 10 m,W,2.5,,Depth,155.0,5/10/2024 9:23,155.0,,,,155.0,,,,,,,,,,O,,,,,,,,Good,,,,,,5/10/2024 9:33
1,5/10/2024 9:13,Cruickshank,,Ak bf tm,E3S,CHRL 1,,,,,,,3500,Cardinal 10 m,E,10.0,,Density,155.0,5/10/2024 9:23,,145.0,0.0,4270.0,155.0,,,,,,,,,145.0,O,,,770.0,155.0,94.0,68.615,0.443,Good,,,,,,5/10/2024 9:33
1,5/10/2024 9:13,Cruickshank,,Ak bf tm,E3S,CHRL 1,,,,,,,3500,Cardinal 10 m,SW,10.0,,Depth,124.0,5/10/2024 9:25,124.0,,,,124.0,,,,,,,,,,O,,,,,,,,Good,,,,,,5/10/2024 9:33
1,5/10/2024 9:13,Cruickshank,,Ak bf tm,E3S,CHRL 1,,,,,,,3500,Cardinal 10 m,SW,7.5,,Depth,204.0,5/10/2024 9:25,204.0,,,,204.0,,,,,,,,,,O,,,,,,,,Good,,,,,,5/10/2024 9:33
1,5/10/2024 9:13,Cruickshank,,Ak bf tm,E3S,CHRL 1,,,,,,,3500,Cardinal 10 m,SW,5.0,,Depth,203.0,5/10/2024 9:25,203.0,,,,203.0,,,,,,,,,,O,,,,,,,,Good,,,,,,5/10/2024 9:33
1,5/10/2024 9:13,Cruickshank,,Ak bf tm,E3S,CHRL 1,,,,,,,3500,Cardinal 10 m,SW,2.5,,Depth,172.0,5/10/2024 9:26,172.0,,,,172.0,,,,,,,,,,O,,,,,,,,Good,,,,,,5/10/2024 9:33
1,5/10/2024 9:13,Cruickshank,,Ak bf tm,E3S,CHRL 1,,,,,,,3500,Cardinal 10 m,N,10.0,,Density,119.0,5/10/2024 9:25,,110.0,0.0,4010.0,119.0,,,,,,,,,110.0,O,,,510.0,119.0,92.0,45.446,0.382,Good,,,,,,5/10/2024 9:33
1,5/10/2024 9:13,Cruickshank,,Ak bf tm,E3S,CHRL 1,,,,,,,3500,Cardinal 10 m,W,10.0,,Density,165.0,5/10/2024 9:27,,145.0,0.0,4350.0,165.0,,,,,,,,,145.0,O,,,850.0,165.0,88.0,75.744,0.459,Good,,,,,,5/10/2024 9:33
1,5/10/2024 9:13,Cruickshank,,Ak bf tm,E3S,CHRL 1,,,,,,,3500,Cardinal 10 m,NE,10.0,,Depth,132.0,5/10/2024 9:28,132.0,,,,132.0,,,,,,,,,,E,,,,,,,,Good,,,,,,5/10/2024 9:33
1,5/10/2024 9:13,Cruickshank,,Ak bf tm,E3S,CHRL 1,,,,,,,3500,Cardinal 10 m,NE,7.5,,Depth,44.0,5/10/2024 9:28,44.0,,,,44.0,,,,,,,,,,"U,TW",,,,,,,,Good,,,,,,5/10/2024 9:33
1,5/10/2024 9:13,Cruickshank,,Ak bf tm,E3S,CHRL 1,,,,,,,3500,Cardinal 10 m,Centre,,,Density,141.0,5/10/2024 9:28,,131.0,0.0,4140.0,141.0,,,,,,,,,131.0,O,,,640.0,141.0,93.0,57.03,0.404,Good,,,,,,5/10/2024 9:33
1,5/10/2024 9:13,Cruickshank,,Ak bf tm,E3S,CHRL 1,,,,,,,3500,Cardinal 10 m,NE,5.0,,Depth,76.0,5/10/2024 9:29,76.0,,,,76.0,,,,,,,,,,U,,,,,,,,Good,,,,,,5/10/2024 9:33
1,5/10/2024 9:13,Cruickshank,,Ak bf tm,E3S,CHRL 1,,,,,,,3500,Cardinal 10 m,NE,2.5,,Depth,137.0,5/10/2024 9:29,137.0,,,,137.0,,,,,,,,,,O,,,,,,,,Good,,,,,,5/10/2024 9:33
1,5/10/2024 9:13,Cruickshank,,Ak bf tm,E3S,CHRL 1,,,,,,,3500,Cardinal 10 m,NW,10.0,,Depth,150.0,5/10/2024 9:30,150.0,,,,150.0,,,,,,,,,,O,,,,,,,,Good,,,,,,5/10/2024 9:33
1,5/10/2024 9:13,Cruickshank,,Ak bf tm,E3S,CHRL 1,,,,,,,3500,Cardinal 10 m,NW,7.5,,Depth,143.0,5/10/2024 9:31,143.0,,,,143.0,,,,,,,,,,O,,,,,,,,Good,,,,,,5/10/2024 9:33
1,5/10/2024 9:13,Cruickshank,,Ak bf tm,E3S,CHRL 1,,,,,,,3500,Cardinal 10 m,NW,5.0,,Depth,116.0,5/10/2024 9:31,116.0,,,,116.0,,,,,,,,,,O,,,,,,,,Good,,,,,,5/10/2024 9:33
1,5/10/2024 9:13,Cruickshank,,Ak bf tm,E3S,CHRL 1,,,,,,,3500,Cardinal 10 m,NW,2.5,,Depth,121.0,5/10/2024 9:31,121.0,,,,121.0,,,,,,,,,,O,,,,,,,,Good,,,,,,5/10/2024 9:33
1,5/10/2024 9:13,Cruickshank,,Ak bf tm,E3S,CHRL 1,,,,,,,3500,Cardinal 10 m,SE,10.0,,Depth,159.0,5/10/2024 9:32,159.0,,,,159.0,,,,,,,,,,O,,,,,,,,Good,,,,,,5/10/2024 9:33
1,5/10/2024 9:13,Cruickshank,,Ak bf tm,E3S,CHRL 1,,,,,,,3500,Cardinal 10 m,SE,7.5,,Depth,165.0,5/10/2024 9:32,165.0,,,,165.0,,,,,,,,,,O,,,,,,,,Good,,,,,,5/10/2024 9:33
1,5/10/2024 9:13,Cruickshank,,Ak bf tm,E3S,CHRL 1,,,,,,,3500,Cardinal 10 m,SE,5.0,,Depth,161.0,5/10/2024 9:32,161.0,,,,161.0,,,,,,,,,,O,,,,,,,,Good,,,,,,5/10/2024 9:33
1,5/10/2024 9:13,Cruickshank,,Ak bf tm,E3S,CHRL 1,,,,,,,3500,Cardinal 10 m,SE,2.5,,Depth,159.0,5/10/2024 9:32,159.0,,,,159.0,,,,,,,,,,O,,,,,,,,Good,,,,,,5/10/2024 9:33
1,5/10/2024 15:15,Cruickshank,,"RW,LM,SM",E5F,CHRL 1,New tubes for this year,No already surveyed,,,,,2270,Cardinal 10 m,N,10.0,,Depth,86.0,5/10/2024 15:19,86.0,,,,86.0,,,,,,,,,,O,,,,,,,,Good,,,,,,5/10/2024 15:49
1,5/10/2024 15:15,Cruickshank,,"RW,LM,SM",E5F,CHRL 1,New tubes for this year,No already surveyed,,,,,2270,Cardinal 10 m,N,7.5,,Depth,33.0,5/10/2024 15:20,33.0,,,,33.0,,,,,,,,,,E,,,,,,,,Good,,,,,,5/10/2024 15:49
1,5/10/2024 15:15,Cruickshank,,"RW,LM,SM",E5F,CHRL 1,New tubes for this year,No already surveyed,,,,,2270,Cardinal 10 m,N,5.0,,Depth,0.0,5/10/2024 15:20,0.0,,,,0.0,,,,,,,,,,U,,,,,,,,Good,,,,,,5/10/2024 15:49
1,5/10/2024 15:15,Cruickshank,,"RW,LM,SM",E5F,CHRL 1,New tubes for this year,No already surveyed,,,,,2270,Cardinal 10 m,Centre,,,Density,51.0,5/10/2024 15:21,,48.0,2.0,2550.0,51.0,no,,,,,,,,46.0,O,,,280.0,51.0,90.0,24.951,0.509,Good,,,,,,5/10/2024 15:49
1,5/10/2024 15:15,Cruickshank,,"RW,LM,SM",E5F,CHRL 1,New tubes for this year,No already surveyed,,,,,2270,Cardinal 10 m,N,2.5,,Depth,0.0,5/10/2024 15:22,0.0,,,,0.0,,,,,,,,,,U,,,,,,,,Good,,,,,,5/10/2024 15:49
1,5/10/2024 15:15,Cruickshank,,"RW,LM,SM",E5F,CHRL 1,New tubes for this year,No already surveyed,,,,,2270,Cardinal 10 m,N,10.0,,Density,99.0,5/10/2024 15:23,,91.0,3.0,2740.0,99.0,no,,,,,,,,88.0,O,,,470.0,99.0,89.0,41.882,0.436,Good,,,,,,5/10/2024 15:49
1,5/10/2024 15:15,Cruickshank,,"RW,LM,SM",E5F,CHRL 1,New tubes for this year,No already surveyed,,,,,2270,Cardinal 10 m,S,10.0,,Depth,160.0,5/10/2024 15:26,160.0,,,,160.0,,,,,,,,,,E,,,,,,,,Good,,,,,,5/10/2024 15:49
1,5/10/2024 15:15,Cruickshank,,"RW,LM,SM",E5F,CHRL 1,New tubes for this year,No already surveyed,,,,,2270,Cardinal 10 m,S,7.5,,Depth,183.0,5/10/2024 15:24,183.0,,,,183.0,,,,,,,,,,O,,,,,,,,Good,,,,,,5/10/2024 15:49
1,5/10/2024 15:15,Cruickshank,,"RW,LM,SM",E5F,CHRL 1,New tubes for this year,No already surveyed,,,,,2270,Cardinal 10 m,S,5.0,,Depth,161.0,5/10/2024 15:25,161.0,,,,161.0,,,,,,,,,,O,,,,,,,,Good,,,,,,5/10/2024 15:49
1,5/10/2024 15:15,Cruickshank,,"RW,LM,SM",E5F,CHRL 1,New tubes for this year,No already surveyed,,,,,2270,Cardinal 10 m,S,2.5,,Depth,111.0,5/10/2024 15:26,111.0,,,,111.0,,,,,,,,,,O,,,,,,,,Good,,,,,,5/10/2024 15:49
1,5/10/2024 15:15,Cruickshank,,"RW,LM,SM",E5F,CHRL 1,New tubes for this year,No already surveyed,,,,,2270,Cardinal 10 m,S,10.0,,Density,156.0,5/10/2024 15:26,,139.0,0.001,3060.0,156.0,no,,,,,,,,138.999,O,,,790.0,156.0,89.0,70.397,0.451,Good,,,,,,5/10/2024 15:49
1,5/10/2024 15:15,Cruickshank,,"RW,LM,SM",E5F,CHRL 1,New tubes for this year,No already surveyed,,,,,2270,Cardinal 10 m,W,10.0,,Density,63.0,5/10/2024 15:29,,55.0,3.0,2560.0,63.0,,,,,,,,,52.0,O,,,290.0,63.0,83.0,25.842,0.431,Good,,,,,,5/10/2024 15:49
1,5/10/2024 15:15,Cruickshank,,"RW,LM,SM",E5F,CHRL 1,New tubes for this year,No already surveyed,,,,,2270,Cardinal 10 m,W,10.0,,Depth,64.0,5/10/2024 15:29,64.0,,,,64.0,,,,,,,,,,O,,,,,,,,Good,,,,,,5/10/2024 15:49
1,5/10/2024 15:15,Cruickshank,,"RW,LM,SM",E5F,CHRL 1,New tubes for this year,No already surveyed,,,,,2270,Cardinal 10 m,W,7.5,,Depth,0.0,5/10/2024 15:30,0.0,,,,0.0,,,,,,,,,,O,,,,,,,,Good,,,,,,5/10/2024 15:49
1,5/10/2024 15:15,Cruickshank,,"RW,LM,SM",E5F,CHRL 1,New tubes for this year,No already surveyed,,,,,2270,Cardinal 10 m,W,5.0,,Depth,17.0,5/10/2024 15:30,17.0,,,,17.0,,,,,,,,,,O,,,,,,,,Good,,,,,,5/10/2024 15:49
1,5/10/2024 15:15,Cruickshank,,"RW,LM,SM",E5F,CHRL 1,New tubes for this year,No already surveyed,,,,,2270,Cardinal 10 m,W,2.5,,Depth,80.0,5/10/2024 15:32,80.0,,,,80.0,,,,,,,,,,O,,,,,,,,Good,,,,,,5/10/2024 15:49
1,5/10/2024 15:15,Cruickshank,,"RW,LM,SM",E5F,CHRL 1,New tubes for this year,No already surveyed,,,,,2270,Cardinal 10 m,E,10.0,,Depth,35.0,5/10/2024 15:33,35.0,,,,35.0,,,,,,,,,,U,,,,,,,,Good,,,,,,5/10/2024 15:49
1,5/10/2024 15:15,Cruickshank,,"RW,LM,SM",E5F,CHRL 1,New tubes for this year,No already surveyed,,,,,2270,Cardinal 10 m,E,7.5,,Depth,23.0,5/10/2024 15:34,23.0,,,,23.0,,,,,,,,,,"U,TW",,,,,,,,Good,,,,,,5/10/2024 15:49
1,5/10/2024 15:15,Cruickshank,,"RW,LM,SM",E5F,CHRL 1,New tubes for this year,No already surveyed,,,,,2270,Cardinal 10 m,E,10.0,,Density,40.0,5/10/2024 15:39,,39.0,0.5,2490.0,40.0,no,,,,,,,,38.5,U,,,220.0,40.0,96.0,19.604,0.496,Good,,,,,,5/10/2024 15:49
1,5/10/2024 15:15,Cruickshank,,"RW,LM,SM",E5F,CHRL 1,New tubes for this year,No already surveyed,,,,,2270,Cardinal 10 m,E,5.0,,Depth,69.0,5/10/2024 15:35,69.0,,,,69.0,,,,,,,,,,E,,,,,,,,Good,,,,,,5/10/2024 15:49
1,5/10/2024 15:15,Cruickshank,,"RW,LM,SM",E5F,CHRL 1,New tubes for this year,No already surveyed,,,,,2270,Cardinal 10 m,E,2.5,,Depth,100.0,5/10/2024 15:35,100.0,,,,100.0,,,,,,,,,,O,,,,,,,,Good,,,,,,5/10/2024 15:49
1,5/10/2024 15:15,Cruickshank,,"RW,LM,SM",E5F,CHRL 1,New tubes for this year,No already surveyed,,,,,2270,Cardinal 10 m,NE,10.0,,Depth,0.0,5/10/2024 15:38,0.0,,,,0.0,,,,,,,,,,E,,,,,,,,Good,,,,,,5/10/2024 15:49
1,5/10/2024 15:15,Cruickshank,,"RW,LM,SM",E5F,CHRL 1,New tubes for this year,No already surveyed,,,,,2270,Cardinal 10 m,NE,7.5,,Depth,55.0,5/10/2024 15:38,55.0,,,,55.0,,,,,,,,,,O,,,,,,,,Good,,,,,,5/10/2024 15:49
1,5/10/2024 15:15,Cruickshank,,"RW,LM,SM",E5F,CHRL 1,New tubes for this year,No already surveyed,,,,,2270,Cardinal 10 m,NE,5.0,,Depth,89.0,5/10/2024 15:38,89.0,,,,89.0,,,,,,,,,,O,,,,,,,,Good,,,,,,5/10/2024 15:49
1,5/10/2024 15:15,Cruickshank,,"RW,LM,SM",E5F,CHRL 1,New tubes for this year,No already surveyed,,,,,2270,Cardinal 10 m,NE,2.5,,Depth,67.0,5/10/2024 15:41,67.0,,,,67.0,,,,,,,,,,E,,,,,,,,Good,,,,,,5/10/2024 15:49
1,5/10/2024 15:15,Cruickshank,,"RW,LM,SM",E5F,CHRL 1,New tubes for this year,No already surveyed,,,,,2270,Cardinal 10 m,SW,10.0,,Depth,186.0,5/10/2024 15:43,186.0,,,,186.0,,,,,,,,,,O,,,,,,,,Good,,,,,,5/10/2024 15:49
1,5/10/2024 15:15,Cruickshank,,"RW,LM,SM",E5F,CHRL 1,New tubes for this year,No already surveyed,,,,,2270,Cardinal 10 m,SW,7.5,,Depth,173.0,5/10/2024 15:43,173.0,,,,173.0,,,,,,,,,,O,,,,,,,,Good,,,,,,5/10/2024 15:49
1,5/10/2024 15:15,Cruickshank,,"RW,LM,SM",E5F,CHRL 1,New tubes for this year,No already surveyed,,,,,2270,Cardinal 10 m,SW,5.0,,Depth,140.0,5/10/2024 15:43,140.0,,,,140.0,,,,,,,,,,O,,,,,,,,Good,,,,,,5/10/2024 15:49
1,5/10/2024 15:15,Cruickshank,,"RW,LM,SM",E5F,CHRL 1,New tubes for this year,No already surveyed,,,,,2270,Cardinal 10 m,SW,2.5,,Depth,78.0,5/10/2024 15:44,78.0,,,,78.0,,,,,,,,,,O,,,,,,,,Good,,,,,,5/10/2024 15:49
1,5/10/2024 15:15,Cruickshank,,"RW,LM,SM",E5F,CHRL 1,New tubes for this year,No already surveyed,,,,,2270,Cardinal 10 m,SE,10.0,,Depth,101.0,5/10/2024 15:45,101.0,,,,101.0,,,,,,,,,,O,,,,,,,,Good,,,,,,5/10/2024 15:49
1,5/10/2024 15:15,Cruickshank,,"RW,LM,SM",E5F,CHRL 1,New tubes for this year,No already surveyed,,,,,2270,Cardinal 10 m,SE,7.5,,Depth,120.0,5/10/2024 15:45,120.0,,,,120.0,,,,,,,,,,O,,,,,,,,Good,,,,,,5/10/2024 15:49
1,5/10/2024 15:15,Cruickshank,,"RW,LM,SM",E5F,CHRL 1,New tubes for this year,No already surveyed,,,,,2270,Cardinal 10 m,SE,5.0,,Depth,117.0,5/10/2024 15:45,117.0,,,,117.0,,,,,,,,,,O,,,,,,,,Good,,,,,,5/10/2024 15:49
1,5/10/2024 15:15,Cruickshank,,"RW,LM,SM",E5F,CHRL 1,New tubes for this year,No already surveyed,,,,,2270,Cardinal 10 m,SE,2.5,,Depth,88.0,5/10/2024 15:46,88.0,,,,88.0,,,,,,,,,,E,,,,,,,,Good,,,,,,5/10/2024 15:49
1,5/10/2024 15:15,Cruickshank,,"RW,LM,SM",E5F,CHRL 1,New tubes for this year,No already surveyed,,,,,2270,Cardinal 10 m,NW,10.0,,Depth,68.0,5/10/2024 15:48,68.0,,,,68.0,,,,,,,,,,E,,,,,,,,Good,,,,,,5/10/2024 15:49
1,5/10/2024 15:15,Cruickshank,,"RW,LM,SM",E5F,CHRL 1,New tubes for this year,No already surveyed,,,,,2270,Cardinal 10 m,NW,7.5,,Depth,73.0,5/10/2024 15:48,73.0,,,,73.0,,,,,,,,,,O,,,,,,,,Good,,,,,,5/10/2024 15:49
1,5/10/2024 15:15,Cruickshank,,"RW,LM,SM",E5F,CHRL 1,New tubes for this year,No already surveyed,,,,,2270,Cardinal 10 m,NW,5.0,,Depth,53.0,5/10/2024 15:48,53.0,,,,53.0,,,,,,,,,,O,,,,,,,,Good,,,,,,5/10/2024 15:49
1,5/10/2024 15:15,Cruickshank,,"RW,LM,SM",E5F,CHRL 1,New tubes for this year,No already surveyed,,,,,2270,Cardinal 10 m,NW,2.5,,Depth,39.0,5/10/2024 15:49,39.0,,,,39.0,,,,,,,,,,E,,,,,,,,Good,,,,,,5/10/2024 15:49
1,5/10/2024 16:17,Cruickshank,,"RW,LM,SM",E5O,CHRL 1,New tubes,No already surveyed,,,,,2340,,N,10.0,,Depth,0.0,5/10/2024 16:19,0.0,,,,0.0,,,,,,,,,,O,,,,,,,,Good,,,,,,5/10/2024 16:37
1,5/10/2024 16:17,Cruickshank,,"RW,LM,SM",E5O,CHRL 1,New tubes,No already surveyed,,,,,2340,,N,7.5,,Depth,37.0,5/10/2024 16:19,37.0,,,,37.0,,,,,,,,,,O,,,,,,,,Good,,,,,,5/10/2024 16:37
1,5/10/2024 16:17,Cruickshank,,"RW,LM,SM",E5O,CHRL 1,New tubes,No already surveyed,,,,,2340,,N,5.0,,Depth,70.0,5/10/2024 16:19,70.0,,,,70.0,,,,,,,,,,O,,,,,,,,Good,,,,,,5/10/2024 16:37
1,5/10/2024 16:17,Cruickshank,,"RW,LM,SM",E5O,CHRL 1,New tubes,No already surveyed,,,,,2340,,N,2.5,,Depth,117.0,5/10/2024 16:20,117.0,,,,117.0,,,,,,,,,,O,,,,,,,,Good,,,,,,5/10/2024 16:37
1,5/10/2024 16:17,Cruickshank,,"RW,LM,SM",E5O,CHRL 1,New tubes,No already surveyed,,,,,2340,,NW,10.0,,Depth,123.0,5/10/2024 16:20,123.0,,,,123.0,,,,,,,,,,O,,,,,,,,Good,,,,,,5/10/2024 16:37
1,5/10/2024 16:17,Cruickshank,,"RW,LM,SM",E5O,CHRL 1,New tubes,No already surveyed,,,,,2340,,NW,7.5,,Depth,91.0,5/10/2024 16:20,91.0,,,,91.0,,,,,,,,,,O,,,,,,,,Good,,,,,,5/10/2024 16:37
1,5/10/2024 16:17,Cruickshank,,"RW,LM,SM",E5O,CHRL 1,New tubes,No already surveyed,,,,,2340,,NW,5.0,,Depth,118.0,5/10/2024 16:20,118.0,,,,118.0,,,,,,,,,,O,,,,,,,,Good,,,,,,5/10/2024 16:37
1,5/10/2024 16:17,Cruickshank,,"RW,LM,SM",E5O,CHRL 1,New tubes,No already surveyed,,,,,2340,,NW,2.5,,Depth,120.0,5/10/2024 16:20,120.0,,,,120.0,,,,,,,,,,O,,,,,,,,Good,,,,,,5/10/2024 16:37
1,5/10/2024 16:17,Cruickshank,,"RW,LM,SM",E5O,CHRL 1,New tubes,No already surveyed,,,,,2340,,NE,2.5,,Depth,130.0,5/10/2024 16:21,130.0,,,,130.0,,,,,,,,,,O,,,,,,,,Good,,,,,,5/10/2024 16:37
1,5/10/2024 16:17,Cruickshank,,"RW,LM,SM",E5O,CHRL 1,New tubes,No already surveyed,,,,,2340,,NE,5.0,,Depth,114.0,5/10/2024 16:21,114.0,,,,114.0,,,,,,,,,,O,,,,,,,,Good,,,,,,5/10/2024 16:37
1,5/10/2024 16:17,Cruickshank,,"RW,LM,SM",E5O,CHRL 1,New tubes,No already surveyed,,,,,2340,,NE,7.5,,Depth,82.0,5/10/2024 16:21,82.0,,,,82.0,,,,,,,,,,O,,,,,,,,Good,,,,,,5/10/2024 16:37
1,5/10/2024 16:17,Cruickshank,,"RW,LM,SM",E5O,CHRL 1,New tubes,No already surveyed,,,,,2340,,NE,10.0,,Depth,120.0,5/10/2024 16:23,120.0,,,,120.0,,,,,,,,,,O,,,,,,,,Good,,,,,,5/10/2024 16:37
1,5/10/2024 16:17,Cruickshank,,"RW,LM,SM",E5O,CHRL 1,New tubes,No already surveyed,,,,,2340,,SW,10.0,,Depth,0.0,5/10/2024 16:24,0.0,,,,0.0,,,,,,,,,,O,,,,,,,,Good,,,,,,5/10/2024 16:37
1,5/10/2024 16:17,Cruickshank,,"RW,LM,SM",E5O,CHRL 1,New tubes,No already surveyed,,,,,2340,,SW,7.5,,Depth,102.0,5/10/2024 16:24,102.0,,,,102.0,,,,,,,,,,O,,,,,,,,Good,,,,,,5/10/2024 16:37
1,5/10/2024 16:17,Cruickshank,,"RW,LM,SM",E5O,CHRL 1,New tubes,No already surveyed,,,,,2340,,SW,2.5,,Depth,74.0,5/10/2024 16:24,74.0,,,,74.0,,,,,,,,,,O,,,,,,,,Good,,,,,,5/10/2024 16:37
1,5/10/2024 16:17,Cruickshank,,"RW,LM,SM",E5O,CHRL 1,New tubes,No already surveyed,,,,,2340,,SW,5.0,,Depth,66.0,5/10/2024 16:25,66.0,,,,66.0,,,,,,,,,,O,,,,,,,,Good,,,,,,5/10/2024 16:37
1,5/10/2024 16:17,Cruickshank,,"RW,LM,SM",E5O,CHRL 1,New tubes,No already surveyed,,,,,2340,,Centre,,,Density,150.0,5/10/2024 16:25,,130.0,0.0001,2950.0,150.0,no,,,,,,,,129.9999,O,,,610.0,150.0,87.0,54.357,0.362,Good,,,,,,5/10/2024 16:37
1,5/10/2024 16:17,Cruickshank,,"RW,LM,SM",E5O,CHRL 1,New tubes,No already surveyed,,,,,2340,,W,10.0,,Depth,94.0,5/10/2024 16:25,94.0,,,,94.0,,,,,,,,,,O,,,,,,,,Good,,,,,,5/10/2024 16:37
1,5/10/2024 16:17,Cruickshank,,"RW,LM,SM",E5O,CHRL 1,New tubes,No already surveyed,,,,,2340,,W,7.5,,Depth,105.0,5/10/2024 16:26,105.0,,,,105.0,,,,,,,,,,O,,,,,,,,Good,,,,,,5/10/2024 16:37
1,5/10/2024 16:17,Cruickshank,,"RW,LM,SM",E5O,CHRL 1,New tubes,No already surveyed,,,,,2340,,W,5.0,,Depth,115.0,5/10/2024 16:26,115.0,,,,115.0,,,,,,,,,,O,,,,,,,,Good,,,,,,5/10/2024 16:37
1,5/10/2024 16:17,Cruickshank,,"RW,LM,SM",E5O,CHRL 1,New tubes,No already surveyed,,,,,2340,,W,2.5,,Depth,149.0,5/10/2024 16:26,149.0,,,,149.0,,,,,,,,,,O,,,,,,,,Good,,,,,,5/10/2024 16:37
1,5/10/2024 16:17,Cruickshank,,"RW,LM,SM",E5O,CHRL 1,New tubes,No already surveyed,,,,,2340,,W,10.0,,Density,93.0,5/10/2024 16:26,,86.0,3.0,2670.0,93.0,no,,,,,,,,83.0,O,,,330.0,93.0,89.0,29.406,0.327,Good,,,,,,5/10/2024 16:37
1,5/10/2024 16:17,Cruickshank,,"RW,LM,SM",E5O,CHRL 1,New tubes,No already surveyed,,,,,2340,,S,5.0,,Depth,60.0,5/10/2024 16:28,60.0,,,,60.0,,,,,,,,,,O,,,,,,,,Good,,,,,,5/10/2024 16:37
1,5/10/2024 16:17,Cruickshank,,"RW,LM,SM",E5O,CHRL 1,New tubes,No already surveyed,,,,,2340,,S,2.5,,Depth,110.0,5/10/2024 16:29,110.0,,,,110.0,,,,,,,,,,O,,,,,,,,Good,,,,,,5/10/2024 16:37
1,5/10/2024 16:17,Cruickshank,,"RW,LM,SM",E5O,CHRL 1,New tubes,No already surveyed,,,,,2340,,S,10.0,,Depth,0.0,5/10/2024 16:29,0.0,,,,0.0,,,,,,,,,,O,,,,,,,,Good,,,,,,5/10/2024 16:37
1,5/10/2024 16:17,Cruickshank,,"RW,LM,SM",E5O,CHRL 1,New tubes,No already surveyed,,,,,2340,,S,7.5,,Depth,0.0,5/10/2024 16:29,0.0,,,,0.0,,,,,,,,,,O,,,,,,,,Good,,,,,,5/10/2024 16:37
1,5/10/2024 16:17,Cruickshank,,"RW,LM,SM",E5O,CHRL 1,New tubes,No already surveyed,,,,,2340,,,,,Depth,,,,,,,0.0,,,,,,,,,,O,,,,,,,,Good,,,,,,5/10/2024 16:37
1,5/10/2024 16:17,Cruickshank,,"RW,LM,SM",E5O,CHRL 1,New tubes,No already surveyed,,,,,2340,,SE,10.0,,Depth,86.0,5/10/2024 16:30,86.0,,,,86.0,,,,,,,,,,O,,,,,,,,Good,,,,,,5/10/2024 16:37
1,5/10/2024 16:17,Cruickshank,,"RW,LM,SM",E5O,CHRL 1,New tubes,No already surveyed,,,,,2340,,SE,7.5,,Depth,0.0,5/10/2024 16:31,0.0,,,,0.0,,,,,,,,,,O,,,,,,,,Good,,,,,,5/10/2024 16:37
1,5/10/2024 16:17,Cruickshank,,"RW,LM,SM",E5O,CHRL 1,New tubes,No already surveyed,,,,,2340,,SE,5.0,,Depth,0.0,5/10/2024 16:31,0.0,,,,0.0,,,,,,,,,,O,,,,,,,,Good,,,,,,5/10/2024 16:37
1,5/10/2024 16:17,Cruickshank,,"RW,LM,SM",E5O,CHRL 1,New tubes,No already surveyed,,,,,2340,,SE,2.5,,Depth,99.0,5/10/2024 16:31,99.0,,,,99.0,,,,,,,,,,O,,,,,,,,Good,,,,,,5/10/2024 16:37
1,5/10/2024 16:17,Cruickshank,,"RW,LM,SM",E5O,CHRL 1,New tubes,No already surveyed,,,,,2340,,E,10.0,,Depth,,,,,,,0.0,,,,,,,,,,O,,,,,,,,Good,,,,,,5/10/2024 16:37
1,5/10/2024 16:17,Cruickshank,,"RW,LM,SM",E5O,CHRL 1,New tubes,No already surveyed,,,,,2340,,E,10.0,,Depth,72.0,5/10/2024 16:33,72.0,,,,72.0,,,,,,,,,,O,,,,,,,,Good,,,,,,5/10/2024 16:37
1,5/10/2024 16:17,Cruickshank,,"RW,LM,SM",E5O,CHRL 1,New tubes,No already surveyed,,,,,2340,,E,7.5,,Depth,0.0,5/10/2024 16:33,0.0,,,,0.0,,,,,,,,,,O,,,,,,,,Good,,,,,,5/10/2024 16:37
1,5/10/2024 16:17,Cruickshank,,"RW,LM,SM",E5O,CHRL 1,New tubes,No already surveyed,,,,,2340,,E,5.0,,Depth,0.0,5/10/2024 16:33,0.0,,,,0.0,,,,,,,,,,O,,,,,,,,Good,,,,,,5/10/2024 16:37
1,5/10/2024 16:17,Cruickshank,,"RW,LM,SM",E5O,CHRL 1,New tubes,No already surveyed,,,,,2340,,E,2.5,,Depth,153.0,5/10/2024 16:35,153.0,,,,153.0,,,,,,,,,,O,,,,,,,,Good,,,,,,5/10/2024 16:37
1,5/10/2024 16:17,Cruickshank,,"RW,LM,SM",E5O,CHRL 1,New tubes,No already surveyed,,,,,2340,,E,10.0,,Density,61.0,5/10/2024 16:34,,46.0,0.001,2540.0,61.0,no,,,,,,,,45.999,O,,,200.0,61.0,75.0,17.822,0.292,Good,,,,,,5/10/2024 16:37
1,5/10/2024 16:17,Cruickshank,,"RW,LM,SM",E5O,CHRL 1,New tubes,No already surveyed,,,,,2340,,Centre,,,Depth,169.0,5/10/2024 16:37,169.0,,,,169.0,,,,,,,,,,O,,,,,,,,Good,,,,,,5/10/2024 16:37
1,5/10/2024 11:22,Cruickshank,,Tm bf ak,N1A,CHRL 1,20-30 cm boot depth,No already surveyed,,,,,3630,Cardinal 10 m,S,10.0,,Depth,252.0,5/10/2024 11:26,252.0,,,,252.0,,,,,,,,,,O,,,,,,,,Good,,,,,,5/10/2024 12:00
1,5/10/2024 11:22,Cruickshank,,Tm bf ak,N1A,CHRL 1,20-30 cm boot depth,No already surveyed,,,,,3630,Cardinal 10 m,S,7.5,,Depth,229.0,5/10/2024 11:27,229.0,,,,229.0,,,,,,,,,,O,,,,,,,,Good,,,,,,5/10/2024 12:00
1,5/10/2024 11:22,Cruickshank,,Tm bf ak,N1A,CHRL 1,20-30 cm boot depth,No already surveyed,,,,,3630,Cardinal 10 m,S,5.0,,Depth,222.0,5/10/2024 11:27,222.0,,,,222.0,,,,,,,,,,O,,,,,,,,Good,,,,,,5/10/2024 12:00
1,5/10/2024 11:22,Cruickshank,,Tm bf ak,N1A,CHRL 1,20-30 cm boot depth,No already surveyed,,,,,3630,Cardinal 10 m,S,2.5,,Depth,201.0,5/10/2024 11:28,201.0,,,,201.0,,,,,,,,,,O,,,,,,,,Good,,,,,,5/10/2024 12:00
1,5/10/2024 11:22,Cruickshank,,Tm bf ak,N1A,CHRL 1,20-30 cm boot depth,No already surveyed,,,,,3630,Cardinal 10 m,Centre,,,Depth,189.0,5/10/2024 11:29,189.0,,,,189.0,,,,,,,,,,E,,,,,,,,Good,,,,,,5/10/2024 12:00
1,5/10/2024 11:22,Cruickshank,,Tm bf ak,N1A,CHRL 1,20-30 cm boot depth,No already surveyed,,,,,3630,Cardinal 10 m,N,10.0,,Depth,158.0,5/10/2024 11:30,158.0,,,,158.0,,,,,,,,,,O,,,,,,,,Good,,,,,,5/10/2024 12:00
1,5/10/2024 11:22,Cruickshank,,Tm bf ak,N1A,CHRL 1,20-30 cm boot depth,No already surveyed,,,,,3630,Cardinal 10 m,N,7.5,,Depth,133.0,5/10/2024 11:30,133.0,,,,133.0,,,,,,,,,,O,,,,,,,,Good,,,,,,5/10/2024 12:00
1,5/10/2024 11:22,Cruickshank,,Tm bf ak,N1A,CHRL 1,20-30 cm boot depth,No already surveyed,,,,,3630,Cardinal 10 m,N,5.0,,Depth,140.0,5/10/2024 11:31,140.0,,,,140.0,,,,,,,,,,O,,,,,,,,Good,,,,,,5/10/2024 12:00
1,5/10/2024 11:22,Cruickshank,,Tm bf ak,N1A,CHRL 1,20-30 cm boot depth,No already surveyed,,,,,3630,Cardinal 10 m,N,10.0,,Density,232.0,5/10/2024 11:31,,190.0,0.0,4750.0,232.0,no,,,,,,,,190.0,O,,,1120.0,232.0,82.0,99.803,0.43,Good,,,,,,5/10/2024 12:00
1,5/10/2024 11:22,Cruickshank,,Tm bf ak,N1A,CHRL 1,20-30 cm boot depth,No already surveyed,,,,,3630,Cardinal 10 m,N,2.5,,Depth,177.0,5/10/2024 11:32,177.0,,,,177.0,,,,,,,,,,O,,,,,,,,Good,,,,,,5/10/2024 12:00
1,5/10/2024 11:22,Cruickshank,,Tm bf ak,N1A,CHRL 1,20-30 cm boot depth,No already surveyed,,,,,3630,Cardinal 10 m,W,10.0,,Density,250.0,5/10/2024 11:40,,215.0,0.0,4740.0,250.0,no,,,,,,,,215.0,O,,,1110.0,250.0,86.0,98.912,0.396,Good,,,,,,5/10/2024 12:00
1,5/10/2024 11:22,Cruickshank,,Tm bf ak,N1A,CHRL 1,20-30 cm boot depth,No already surveyed,,,,,3630,Cardinal 10 m,E,10.0,,Depth,263.0,5/10/2024 11:42,263.0,,,,263.0,,,,,,,,,,O,,,,,,,,Good,,,,,,5/10/2024 12:00
1,5/10/2024 11:22,Cruickshank,,Tm bf ak,N1A,CHRL 1,20-30 cm boot depth,No already surveyed,,,,,3630,Cardinal 10 m,E,7.5,,Depth,272.0,5/10/2024 11:43,272.0,,,,272.0,,,,,,,,,,O,,,,,,,,Good,,,,,,5/10/2024 12:00
1,5/10/2024 11:22,Cruickshank,,Tm bf ak,N1A,CHRL 1,20-30 cm boot depth,No already surveyed,,,,,3630,Cardinal 10 m,E,5.0,,Depth,189.0,5/10/2024 11:43,189.0,,,,189.0,,,,,,,,,,O,,,,,,,,Good,,,,,,5/10/2024 12:00
1,5/10/2024 11:22,Cruickshank,,Tm bf ak,N1A,CHRL 1,20-30 cm boot depth,No already surveyed,,,,,3630,Cardinal 10 m,E,2.5,,Depth,165.0,5/10/2024 11:43,165.0,,,,165.0,,,,,,,,,,O,,,,,,,,Good,,,,,,5/10/2024 12:00
1,5/10/2024 11:22,Cruickshank,,Tm bf ak,N1A,CHRL 1,20-30 cm boot depth,No already surveyed,,,,,3630,Cardinal 10 m,W,2.5,,Depth,220.0,5/10/2024 11:43,220.0,,,,220.0,,,,,,,,,,O,,,,,,,,Good,,,,,,5/10/2024 12:00
1,5/10/2024 11:22,Cruickshank,,Tm bf ak,N1A,CHRL 1,20-30 cm boot depth,No already surveyed,,,,,3630,Cardinal 10 m,W,5.0,,Depth,291.0,5/10/2024 11:44,291.0,,,,291.0,,,,,,,,,,O,,,,,,,,Good,,,,,,5/10/2024 12:00
1,5/10/2024 11:22,Cruickshank,,Tm bf ak,N1A,CHRL 1,20-30 cm boot depth,No already surveyed,,,,,3630,Cardinal 10 m,W,7.5,,Depth,275.0,5/10/2024 11:44,275.0,,,,275.0,,,,,,,,,,O,,,,,,,,Good,,,,,,5/10/2024 12:00
1,5/10/2024 11:22,Cruickshank,,Tm bf ak,N1A,CHRL 1,20-30 cm boot depth,No already surveyed,,,,,3630,Cardinal 10 m,W,10.0,,Depth,286.0,5/10/2024 11:45,286.0,,,,286.0,,,,,,,,,,O,,,,,,,,Good,,,,,,5/10/2024 12:00
1,5/10/2024 11:22,Cruickshank,,Tm bf ak,N1A,CHRL 1,20-30 cm boot depth,No already surveyed,,,,,3630,Cardinal 10 m,SW,10.0,,Depth,228.0,5/10/2024 11:47,228.0,,,,228.0,,,,,,,,,,O,,,,,,,,Good,,,,,,5/10/2024 12:00
1,5/10/2024 11:22,Cruickshank,,Tm bf ak,N1A,CHRL 1,20-30 cm boot depth,No already surveyed,,,,,3630,Cardinal 10 m,SW,7.5,,Depth,240.0,5/10/2024 11:47,240.0,,,,240.0,,,,,,,,,,O,,,,,,,,Good,,,,,,5/10/2024 12:00
1,5/10/2024 11:22,Cruickshank,,Tm bf ak,N1A,CHRL 1,20-30 cm boot depth,No already surveyed,,,,,3630,Cardinal 10 m,SW,5.0,,Depth,271.0,5/10/2024 11:48,271.0,,,,271.0,,,,,,,,,,O,,,,,,,,Good,,,,,,5/10/2024 12:00
1,5/10/2024 11:22,Cruickshank,,Tm bf ak,N1A,CHRL 1,20-30 cm boot depth,No already surveyed,,,,,3630,Cardinal 10 m,SW,2.5,,Depth,260.0,5/10/2024 11:49,260.0,,,,260.0,,,,,,,,,,O,,,,,,,,Good,,,,,,5/10/2024 12:00
1,5/10/2024 11:22,Cruickshank,,Tm bf ak,N1A,CHRL 1,20-30 cm boot depth,No already surveyed,,,,,3630,Cardinal 10 m,N,10.0,,Density,140.0,5/10/2024 11:49,,90.0,0.0,4170.0,140.0,no,,,,,,,,90.0,O,,,540.0,140.0,64.0,48.119,0.344,Fair,Bf did 5 cores,,,,,5/10/2024 12:00
1,5/10/2024 11:22,Cruickshank,,Tm bf ak,N1A,CHRL 1,20-30 cm boot depth,No already surveyed,,,,,3630,Cardinal 10 m,NE,10.0,,Depth,218.0,5/10/2024 11:51,218.0,,,,218.0,,,,,,,,,,O,,,,,,,,Good,,,,,,5/10/2024 12:00
1,5/10/2024 11:22,Cruickshank,,Tm bf ak,N1A,CHRL 1,20-30 cm boot depth,No already surveyed,,,,,3630,Cardinal 10 m,NE,7.5,,Depth,223.0,5/10/2024 11:52,223.0,,,,223.0,,,,,,,,,,O,,,,,,,,Good,,,,,,5/10/2024 12:00
1,5/10/2024 11:22,Cruickshank,,Tm bf ak,N1A,CHRL 1,20-30 cm boot depth,No already surveyed,,,,,3630,Cardinal 10 m,NE,5.0,,Depth,157.0,5/10/2024 11:52,157.0,,,,157.0,,,,,,,,,,"O,R",,,,,,,,Good,,,,,,5/10/2024 12:00
1,5/10/2024 11:22,Cruickshank,,Tm bf ak,N1A,CHRL 1,20-30 cm boot depth,No already surveyed,,,,,3630,Cardinal 10 m,E,10.0,,Density,250.0,5/10/2024 11:52,,230.0,0.0,4860.0,250.0,,,,,,,,,230.0,O,,,1230.0,250.0,92.0,109.605,0.438,Good,,,,,,5/10/2024 12:00
1,5/10/2024 11:22,Cruickshank,,Tm bf ak,N1A,CHRL 1,20-30 cm boot depth,No already surveyed,,,,,3630,Cardinal 10 m,NE,2.5,,Depth,155.0,5/10/2024 11:53,155.0,,,,155.0,,,,,,,,,,O,,,,,,,,Good,,,,,,5/10/2024 12:00
1,5/10/2024 11:22,Cruickshank,,Tm bf ak,N1A,CHRL 1,20-30 cm boot depth,No already surveyed,,,,,3630,Cardinal 10 m,Centre,,,Density,184.0,5/10/2024 11:55,,140.0,0.0,4400.0,184.0,no,,,,,,,,140.0,O,,,770.0,184.0,76.0,68.615,0.373,Good,,,,,,5/10/2024 12:00
1,5/10/2024 11:22,Cruickshank,,Tm bf ak,N1A,CHRL 1,20-30 cm boot depth,No already surveyed,,,,,3630,Cardinal 10 m,NW,10.0,,Depth,191.0,5/10/2024 11:56,191.0,,,,191.0,,,,,,,,,,O,,,,,,,,Good,,,,,,5/10/2024 12:00
1,5/10/2024 11:22,Cruickshank,,Tm bf ak,N1A,CHRL 1,20-30 cm boot depth,No already surveyed,,,,,3630,Cardinal 10 m,NW,7.5,,Depth,182.0,5/10/2024 11:56,182.0,,,,182.0,,,,,,,,,,O,,,,,,,,Good,,,,,,5/10/2024 12:00
1,5/10/2024 11:22,Cruickshank,,Tm bf ak,N1A,CHRL 1,20-30 cm boot depth,No already surveyed,,,,,3630,Cardinal 10 m,NW,5.0,,Depth,164.0,5/10/2024 11:56,164.0,,,,164.0,,,,,,,,,,O,,,,,,,,Good,,,,,,5/10/2024 12:00
1,5/10/2024 11:22,Cruickshank,,Tm bf ak,N1A,CHRL 1,20-30 cm boot depth,No already surveyed,,,,,3630,Cardinal 10 m,NW,2.5,,Depth,211.0,5/10/2024 11:56,211.0,,,,211.0,,,,,,,,,,O,,,,,,,,Good,,,,,,5/10/2024 12:00
1,5/10/2024 11:22,Cruickshank,,Tm bf ak,N1A,CHRL 1,20-30 cm boot depth,No already surveyed,,,,,3630,Cardinal 10 m,SE,10.0,,Depth,206.0,5/10/2024 11:58,206.0,,,,206.0,,,,,,,,,,O,,,,,,,,Good,,,,,,5/10/2024 12:00
1,5/10/2024 11:22,Cruickshank,,Tm bf ak,N1A,CHRL 1,20-30 cm boot depth,No already surveyed,,,,,3630,Cardinal 10 m,SE,7.5,,Depth,218.0,5/10/2024 11:59,218.0,,,,218.0,,,,,,,,,,O,,,,,,,,Good,,,,,,5/10/2024 12:00
1,5/10/2024 11:22,Cruickshank,,Tm bf ak,N1A,CHRL 1,20-30 cm boot depth,No already surveyed,,,,,3630,Cardinal 10 m,SE,5.0,,Depth,199.0,5/10/2024 11:59,199.0,,,,199.0,,,,,,,,,,O,,,,,,,,Good,,,,,,5/10/2024 12:00
1,5/10/2024 11:22,Cruickshank,,Tm bf ak,N1A,CHRL 1,20-30 cm boot depth,No already surveyed,,,,,3630,Cardinal 10 m,SE,2.5,,Depth,170.0,5/10/2024 11:59,170.0,,,,170.0,,,,,,,,,,"O,R",,,,,,,,Good,,,,,,5/10/2024 12:00
1,5/10/2024 9:15,Cruickshank,,"RW, LM, SM",N3O,MOE 1,New set of tubes,No already surveyed,,,,,3490,Cardinal 10 m,Centre,,,Depth,250.0,5/10/2024 9:35,250.0,,,,250.0,,,,,,,,,,O,,,,,,,,Good,,,,,,5/10/2024 10:13
1,5/10/2024 9:15,Cruickshank,,"RW, LM, SM",N3O,MOE 1,New set of tubes,No already surveyed,,,,,3490,Cardinal 10 m,S,2.5,,Depth,242.0,5/10/2024 9:36,242.0,,,,242.0,,,,,,,,,,O,,,,,,,,Good,,,,,,5/10/2024 10:13
1,5/10/2024 9:15,Cruickshank,,"RW, LM, SM",N3O,MOE 1,New set of tubes,No already surveyed,,,,,3490,Cardinal 10 m,S,5.0,,Depth,245.0,5/10/2024 9:37,245.0,,,,245.0,,,,,,,,,,O,,,,,,,,Good,,,,,,5/10/2024 10:13
1,5/10/2024 9:15,Cruickshank,,"RW, LM, SM",N3O,MOE 1,New set of tubes,No already surveyed,,,,,3490,Cardinal 10 m,S,7.5,,Depth,244.0,5/10/2024 9:37,244.0,,,,244.0,,,,,,,,,,O,,,,,,,,Good,,,,,,5/10/2024 10:13
1,5/10/2024 9:15,Cruickshank,,"RW, LM, SM",N3O,MOE 1,New set of tubes,No already surveyed,,,,,3490,Cardinal 10 m,S,10.0,,Depth,236.0,5/10/2024 9:37,236.0,,,,236.0,,,,,,,,,,O,,,,,,,,Good,,,,,,5/10/2024 10:13
1,5/10/2024 9:15,Cruickshank,,"RW, LM, SM",N3O,MOE 1,New set of tubes,No already surveyed,,,,,3490,Cardinal 10 m,N,2.5,,Depth,196.0,5/10/2024 9:38,196.0,,,,196.0,,,,,,,,,,O,,,,,,,,Good,,,,,,5/10/2024 10:13
1,5/10/2024 9:15,Cruickshank,,"RW, LM, SM",N3O,MOE 1,New set of tubes,No already surveyed,,,,,3490,Cardinal 10 m,N,5.0,,Depth,257.0,5/10/2024 9:38,257.0,,,,257.0,,,,,,,,,,O,,,,,,,,Good,,,,,,5/10/2024 10:13
1,5/10/2024 9:15,Cruickshank,,"RW, LM, SM",N3O,MOE 1,New set of tubes,No already surveyed,,,,,3490,Cardinal 10 m,N,7.5,,Depth,273.0,5/10/2024 9:39,273.0,,,,273.0,,,,,,,,,,O,,,,,,,,Good,,,,,,5/10/2024 10:13
1,5/10/2024 9:15,Cruickshank,,"RW, LM, SM",N3O,MOE 1,New set of tubes,No already surveyed,,,,,3490,Cardinal 10 m,N,10.0,,Depth,264.0,5/10/2024 9:39,264.0,,,,264.0,,,,,,,,,,O,,,,,,,,Good,,,,,,5/10/2024 10:13
1,5/10/2024 9:15,Cruickshank,,"RW, LM, SM",N3O,MOE 1,New set of tubes,No already surveyed,,,,,3490,Cardinal 10 m,NE,10.0,,Depth,225.0,5/10/2024 9:41,225.0,,,,225.0,,,,,,,,,,O,,,,,,,,Good,,,,,,5/10/2024 10:13
1,5/10/2024 9:15,Cruickshank,,"RW, LM, SM",N3O,MOE 1,New set of tubes,No already surveyed,,,,,3490,Cardinal 10 m,NE,7.5,,Depth,240.0,5/10/2024 9:42,240.0,,,,240.0,,,,,,,,,,O,,,,,,,,Good,,,,,,5/10/2024 10:13
1,5/10/2024 9:15,Cruickshank,,"RW, LM, SM",N3O,MOE 1,New set of tubes,No already surveyed,,,,,3490,Cardinal 10 m,NE,5.0,,Depth,234.0,5/10/2024 9:42,234.0,,,,234.0,,,,,,,,,,O,,,,,,,,Good,,,,,,5/10/2024 10:13
1,5/10/2024 9:15,Cruickshank,,"RW, LM, SM",N3O,MOE 1,New set of tubes,No already surveyed,,,,,3490,Cardinal 10 m,NE,2.5,,Depth,239.0,5/10/2024 9:42,239.0,,,,239.0,,,,,,,,,,O,,,,,,,,Good,,,,,,5/10/2024 10:13
1,5/10/2024 9:15,Cruickshank,,"RW, LM, SM",N3O,MOE 1,New set of tubes,No already surveyed,,,,,3490,Cardinal 10 m,SW,10.0,,Depth,223.0,5/10/2024 9:44,223.0,,,,223.0,,,,,,,,,,O,,,,,,,,Good,,,,,,5/10/2024 10:13
1,5/10/2024 9:15,Cruickshank,,"RW, LM, SM",N3O,MOE 1,New set of tubes,No already surveyed,,,,,3490,Cardinal 10 m,SW,7.5,,Depth,226.0,5/10/2024 9:44,226.0,,,,226.0,,,,,,,,,,O,,,,,,,,Good,,,,,,5/10/2024 10:13
1,5/10/2024 9:15,Cruickshank,,"RW, LM, SM",N3O,MOE 1,New set of tubes,No already surveyed,,,,,3490,Cardinal 10 m,SW,5.0,,Depth,255.0,5/10/2024 9:44,255.0,,,,255.0,,,,,,,,,,O,,,,,,,,Good,,,,,,5/10/2024 10:13
1,5/10/2024 9:15,Cruickshank,,"RW, LM, SM",N3O,MOE 1,New set of tubes,No already surveyed,,,,,3490,Cardinal 10 m,SW,2.5,,Depth,250.0,5/10/2024 9:45,250.0,,,,250.0,,,,,,,,,,O,,,,,,,,Good,,,,,,5/10/2024 10:13
1,5/10/2024 9:15,Cruickshank,,"RW, LM, SM",N3O,MOE 1,New set of tubes,No already surveyed,,,,,3490,Cardinal 10 m,N,10.0,,Density,230.0,5/10/2024 9:45,,204.0,0.0,4600.0,280.0,yes,1a,1b,262.0,5/10/2024 9:48,80.0,4.0,4010.0,280.0,O,,,1630.0,280.0,100.0,145.249,0.519,Fair,Actual max depth is 262,,,,,5/10/2024 10:13
1,5/10/2024 9:15,Cruickshank,,"RW, LM, SM",N3O,MOE 1,New set of tubes,No already surveyed,,,,,3490,Cardinal 10 m,W,10.0,,Depth,196.0,5/10/2024 9:54,196.0,,,,196.0,,,,,,,,,,O,,,,,,,,Good,,,,,,5/10/2024 10:13
1,5/10/2024 9:15,Cruickshank,,"RW, LM, SM",N3O,MOE 1,New set of tubes,No already surveyed,,,,,3490,Cardinal 10 m,W,7.5,,Depth,224.0,5/10/2024 9:54,224.0,,,,224.0,,,,,,,,,,O,,,,,,,,Good,,,,,,5/10/2024 10:13
1,5/10/2024 9:15,Cruickshank,,"RW, LM, SM",N3O,MOE 1,New set of tubes,No already surveyed,,,,,3490,Cardinal 10 m,W,5.0,,Depth,228.0,5/10/2024 9:54,228.0,,,,228.0,,,,,,,,,,O,,,,,,,,Good,,,,,,5/10/2024 10:13
1,5/10/2024 9:15,Cruickshank,,"RW, LM, SM",N3O,MOE 1,New set of tubes,No already surveyed,,,,,3490,Cardinal 10 m,W,2.5,,Depth,225.0,5/10/2024 9:55,225.0,,,,225.0,,,,,,,,,,O,,,,,,,,Good,,,,,,5/10/2024 10:13
1,5/10/2024 9:15,Cruickshank,,"RW, LM, SM",N3O,MOE 1,New set of tubes,No already surveyed,,,,,3490,Cardinal 10 m,Centre,,,Density,245.0,5/10/2024 9:55,,211.0,3.0,4780.0,245.0,no,,,,,,,,208.0,O,,,1290.0,245.0,85.0,114.952,0.475,Good,,,,,,5/10/2024 10:13
1,5/10/2024 9:15,Cruickshank,,"RW, LM, SM",N3O,MOE 1,New set of tubes,No already surveyed,,,,,3490,Cardinal 10 m,E,10.0,,Depth,215.0,5/10/2024 9:56,215.0,,,,215.0,,,,,,,,,,O,,,,,,,,Good,,,,,,5/10/2024 10:13
1,5/10/2024 9:15,Cruickshank,,"RW, LM, SM",N3O,MOE 1,New set of tubes,No already surveyed,,,,,3490,Cardinal 10 m,E,7.5,,Depth,207.0,5/10/2024 9:57,207.0,,,,207.0,,,,,,,,,,O,,,,,,,,Good,,,,,,5/10/2024 10:13
1,5/10/2024 9:15,Cruickshank,,"RW, LM, SM",N3O,MOE 1,New set of tubes,No already surveyed,,,,,3490,Cardinal 10 m,E,5.0,,Depth,223.0,5/10/2024 9:57,223.0,,,,223.0,,,,,,,,,,O,,,,,,,,Good,,,,,,5/10/2024 10:13
1,5/10/2024 9:15,Cruickshank,,"RW, LM, SM",N3O,MOE 1,New set of tubes,No already surveyed,,,,,3490,Cardinal 10 m,E,2.5,,Depth,225.0,5/10/2024 9:57,225.0,,,,225.0,,,,,,,,,,O,,,,,,,,Good,,,,,,5/10/2024 10:13
1,5/10/2024 9:15,Cruickshank,,"RW, LM, SM",N3O,MOE 1,New set of tubes,No already surveyed,,,,,3490,Cardinal 10 m,W,10.0,,Density,178.0,5/10/2024 9:58,,161.0,0.0,4420.0,178.0,,,,,,,,,161.0,O,,,930.0,178.0,90.0,82.872,0.466,Good,,,,,,5/10/2024 10:13
1,5/10/2024 9:15,Cruickshank,,"RW, LM, SM",N3O,MOE 1,New set of tubes,No already surveyed,,,,,3490,Cardinal 10 m,S,10.0,,Density,225.0,5/10/2024 10:06,,210.0,0.0,4670.0,225.0,no,,,,,,,,210.0,O,,,1180.0,225.0,93.0,105.15,0.467,Good,,,,,,5/10/2024 10:13
1,5/10/2024 9:15,Cruickshank,,"RW, LM, SM",N3O,MOE 1,New set of tubes,No already surveyed,,,,,3490,Cardinal 10 m,E,10.0,,Density,195.0,5/10/2024 10:10,,190.0,5.0,4360.0,195.0,no,,,,,,,,185.0,O,,,870.0,195.0,95.0,77.526,0.408,Good,,,,,,5/10/2024 10:13
1,5/10/2024 14:50,Cruickshank,,Tm bf ak,R1O,S2,"Too little snow, taking plot on road. Not following true cardinals but following road azimuth as pseudo N-S. stump on NE side of road 10 m from center bearing 123 deg. See photo on SE 10",No will survey later,,,,,530,Cardinal 10 m,S,10.0,,Depth,52.0,5/10/2024 14:57,52.0,,,,52.0,,,,,,,,,,O,,,,,,,,Good,200 (SSW) from center,,,,,5/10/2024 15:16
1,5/10/2024 14:50,Cruickshank,,Tm bf ak,R1O,S2,"Too little snow, taking plot on road. Not following true cardinals but following road azimuth as pseudo N-S. stump on NE side of road 10 m from center bearing 123 deg. See photo on SE 10",No will survey later,,,,,530,Cardinal 10 m,N,10.0,,Depth,14.0,5/10/2024 14:58,14.0,,,,14.0,,,,,,,,,,O,,,,,,,,Good,Not on road,,,,,5/10/2024 15:16
1,5/10/2024 14:50,Cruickshank,,Tm bf ak,R1O,S2,"Too little snow, taking plot on road. Not following true cardinals but following road azimuth as pseudo N-S. stump on NE side of road 10 m from center bearing 123 deg. See photo on SE 10",No will survey later,,,,,530,Cardinal 10 m,N,7.5,,Density,26.0,5/10/2024 14:59,,22.0,0.0,680.0,26.0,no,,,,,,,,22.0,O,,,150.0,26.0,85.0,13.367,0.514,Good,,,,,,5/10/2024 15:16
1,5/10/2024 14:50,Cruickshank,,Tm bf ak,R1O,S2,"Too little snow, taking plot on road. Not following true cardinals but following road azimuth as pseudo N-S. stump on NE side of road 10 m from center bearing 123 deg. See photo on SE 10",No will survey later,,,,,530,Cardinal 10 m,N,5.0,,Depth,29.0,5/10/2024 15:00,29.0,,,,29.0,,,,,,,,,,O,,,,,,,,Good,,,,,,5/10/2024 15:16
1,5/10/2024 14:50,Cruickshank,,Tm bf ak,R1O,S2,"Too little snow, taking plot on road. Not following true cardinals but following road azimuth as pseudo N-S. stump on NE side of road 10 m from center bearing 123 deg. See photo on SE 10",No will survey later,,,,,530,Cardinal 10 m,N,2.5,,Depth,30.0,5/10/2024 15:01,30.0,,,,30.0,,,,,,,,,,O,,,,,,,,Good,Not North,,,,,5/10/2024 15:16
1,5/10/2024 14:50,Cruickshank,,Tm bf ak,R1O,S2,"Too little snow, taking plot on road. Not following true cardinals but following road azimuth as pseudo N-S. stump on NE side of road 10 m from center bearing 123 deg. See photo on SE 10",No will survey later,,,,,530,Cardinal 10 m,S,7.5,,Depth,52.0,5/10/2024 15:01,52.0,,,,52.0,,,,,,,,,,O,,,,,,,,Good,,,,,,5/10/2024 15:16
1,5/10/2024 14:50,Cruickshank,,Tm bf ak,R1O,S2,"Too little snow, taking plot on road. Not following true cardinals but following road azimuth as pseudo N-S. stump on NE side of road 10 m from center bearing 123 deg. See photo on SE 10",No will survey later,,,,,530,Cardinal 10 m,S,5.0,,Depth,40.0,5/10/2024 15:01,40.0,,,,40.0,,,,,,,,,,O,,,,,,,,Good,,,,,,5/10/2024 15:16
1,5/10/2024 14:50,Cruickshank,,Tm bf ak,R1O,S2,"Too little snow, taking plot on road. Not following true cardinals but following road azimuth as pseudo N-S. stump on NE side of road 10 m from center bearing 123 deg. See photo on SE 10",No will survey later,,,,,530,Cardinal 10 m,S,2.5,,Depth,46.0,5/10/2024 15:01,46.0,,,,46.0,,,,,,,,,,O,,,,,,,,Good,,,,,,5/10/2024 15:16
1,5/10/2024 14:50,Cruickshank,,Tm bf ak,R1O,S2,"Too little snow, taking plot on road. Not following true cardinals but following road azimuth as pseudo N-S. stump on NE side of road 10 m from center bearing 123 deg. See photo on SE 10",No will survey later,,,,,530,Cardinal 10 m,W,10.0,,Density,60.0,5/10/2024 15:03,,51.0,0.0,820.0,60.0,no,,,,,,,,51.0,O,,,290.0,60.0,85.0,25.842,0.431,Good,290 azimuth,,,,,5/10/2024 15:16
1,5/10/2024 14:50,Cruickshank,,Tm bf ak,R1O,S2,"Too little snow, taking plot on road. Not following true cardinals but following road azimuth as pseudo N-S. stump on NE side of road 10 m from center bearing 123 deg. See photo on SE 10",No will survey later,,,,,530,Cardinal 10 m,E,10.0,,Depth,0.0,5/10/2024 15:04,0.0,,,,0.0,,,,,,,,,,O,,,,,,,,Good,,,,,,5/10/2024 15:16
1,5/10/2024 14:50,Cruickshank,,Tm bf ak,R1O,S2,"Too little snow, taking plot on road. Not following true cardinals but following road azimuth as pseudo N-S. stump on NE side of road 10 m from center bearing 123 deg. See photo on SE 10",No will survey later,,,,,530,Cardinal 10 m,E,7.5,,Depth,0.0,5/10/2024 15:04,0.0,,,,0.0,,,,,,,,,,O,,,,,,,,Good,,,,,,5/10/2024 15:16
1,5/10/2024 14:50,Cruickshank,,Tm bf ak,R1O,S2,"Too little snow, taking plot on road. Not following true cardinals but following road azimuth as pseudo N-S. stump on NE side of road 10 m from center bearing 123 deg. See photo on SE 10",No will survey later,,,,,530,Cardinal 10 m,E,5.0,,Depth,11.0,5/10/2024 15:04,11.0,,,,11.0,,,,,,,,,,O,,,,,,,,Good,,,,,,5/10/2024 15:16
1,5/10/2024 14:50,Cruickshank,,Tm bf ak,R1O,S2,"Too little snow, taking plot on road. Not following true cardinals but following road azimuth as pseudo N-S. stump on NE side of road 10 m from center bearing 123 deg. See photo on SE 10",No will survey later,,,,,530,Cardinal 10 m,E,2.5,,Depth,18.0,5/10/2024 15:05,18.0,,,,18.0,,,,,,,,,,O,,,,,,,,Good,,,,,,5/10/2024 15:16
1,5/10/2024 14:50,Cruickshank,,Tm bf ak,R1O,S2,"Too little snow, taking plot on road. Not following true cardinals but following road azimuth as pseudo N-S. stump on NE side of road 10 m from center bearing 123 deg. See photo on SE 10",No will survey later,,,,,530,Cardinal 10 m,W,2.5,,Depth,57.0,5/10/2024 15:05,57.0,,,,57.0,,,,,,,,,,O,,,,,,,,Good,,,,,,5/10/2024 15:16
1,5/10/2024 14:50,Cruickshank,,Tm bf ak,R1O,S2,"Too little snow, taking plot on road. Not following true cardinals but following road azimuth as pseudo N-S. stump on NE side of road 10 m from center bearing 123 deg. See photo on SE 10",No will survey later,,,,,530,Cardinal 10 m,W,5.0,,Depth,84.0,5/10/2024 15:05,84.0,,,,84.0,,,,,,,,,,O,,,,,,,,Good,,,,,,5/10/2024 15:16
1,5/10/2024 14:50,Cruickshank,,Tm bf ak,R1O,S2,"Too little snow, taking plot on road. Not following true cardinals but following road azimuth as pseudo N-S. stump on NE side of road 10 m from center bearing 123 deg. See photo on SE 10",No will survey later,,,,,530,Cardinal 10 m,S,10.0,,Density,55.0,5/10/2024 15:05,,51.0,0.0,830.0,55.0,,,,,,,,,51.0,O,,,300.0,55.0,93.0,26.733,0.486,Good,Not on road,,,,,5/10/2024 15:16
1,5/10/2024 14:50,Cruickshank,,Tm bf ak,R1O,S2,"Too little snow, taking plot on road. Not following true cardinals but following road azimuth as pseudo N-S. stump on NE side of road 10 m from center bearing 123 deg. See photo on SE 10",No will survey later,,,,,530,Cardinal 10 m,W,7.5,,Depth,67.0,5/10/2024 15:07,67.0,,,,67.0,,,,,,,,,,O,,,,,,,,Good,,,,,,5/10/2024 15:16
1,5/10/2024 14:50,Cruickshank,,Tm bf ak,R1O,S2,"Too little snow, taking plot on road. Not following true cardinals but following road azimuth as pseudo N-S. stump on NE side of road 10 m from center bearing 123 deg. See photo on SE 10",No will survey later,,,,,530,Cardinal 10 m,W,10.0,,Depth,100.0,5/10/2024 15:07,100.0,,,,100.0,,,,,,,,,,O,,,,,,,,Good,,,,,,5/10/2024 15:16
1,5/10/2024 14:50,Cruickshank,,Tm bf ak,R1O,S2,"Too little snow, taking plot on road. Not following true cardinals but following road azimuth as pseudo N-S. stump on NE side of road 10 m from center bearing 123 deg. See photo on SE 10",No will survey later,,,,,530,Cardinal 10 m,Centre,,,Density,39.0,5/10/2024 15:07,,35.0,0.0,740.0,39.0,no,,,,,,,,35.0,O,,,210.0,39.0,90.0,18.713,0.48,Good,,,,,,5/10/2024 15:16
1,5/10/2024 14:50,Cruickshank,,Tm bf ak,R1O,S2,"Too little snow, taking plot on road. Not following true cardinals but following road azimuth as pseudo N-S. stump on NE side of road 10 m from center bearing 123 deg. See photo on SE 10",No will survey later,,,,,530,Cardinal 10 m,W,2.5,,Density,53.0,5/10/2024 15:08,,43.0,0.0,810.0,53.0,no,,,,,,,,43.0,O,,,280.0,53.0,81.0,24.951,0.471,Good,,,,,,5/10/2024 15:16
1,5/10/2024 14:50,Cruickshank,,Tm bf ak,R1O,S2,"Too little snow, taking plot on road. Not following true cardinals but following road azimuth as pseudo N-S. stump on NE side of road 10 m from center bearing 123 deg. See photo on SE 10",No will survey later,,,,,530,Cardinal 10 m,SE,10.0,,Depth,,,,,,,0.0,,,,,,,,,,O,,,,,,,,Good,,,,,,5/10/2024 15:16
1,5/10/2024 16:11,Cruickshank,,Bf am ak,RT4,CHRL 1,218 deg (S ish) up road to corner. 38 deg downroad (pseudo N). Road transect.,No will survey later,,,,,1840,Road Transect,S,10.0,,Density,56.0,5/10/2024 16:16,,50.0,0.0,2160.0,56.0,no,,,,,,,,50.0,O,,,320.0,56.0,89.0,28.515,0.509,Good,,,,,,
1,5/10/2024 16:11,Cruickshank,,Bf am ak,RT4,CHRL 1,218 deg (S ish) up road to corner. 38 deg downroad (pseudo N). Road transect.,No will survey later,,,,,1840,Road Transect,S,5.0,,Density,80.0,5/10/2024 16:17,,65.0,0.0,2180.0,80.0,no,,,,,,,,65.0,O,,,340.0,80.0,81.0,30.297,0.379,Good,,,,,,
1,5/10/2024 16:11,Cruickshank,,Bf am ak,RT4,CHRL 1,218 deg (S ish) up road to corner. 38 deg downroad (pseudo N). Road transect.,No will survey later,,,,,1840,Road Transect,N,2.5,,Depth,96.0,5/10/2024 16:19,96.0,,,,96.0,,,,,,,,,,O,,,,,,,,Good,,,,,,
1,5/10/2024 16:11,Cruickshank,,Bf am ak,RT4,CHRL 1,218 deg (S ish) up road to corner. 38 deg downroad (pseudo N). Road transect.,No will survey later,,,,,1840,Road Transect,N,5.0,,Depth,101.0,5/10/2024 16:19,101.0,,,,101.0,,,,,,,,,,O,,,,,,,,Good,,,,,,
1,5/10/2024 16:11,Cruickshank,,Bf am ak,RT4,CHRL 1,218 deg (S ish) up road to corner. 38 deg downroad (pseudo N). Road transect.,No will survey later,,,,,1840,Road Transect,Centre,,,Density,91.0,5/10/2024 16:19,,80.0,0.0,2350.0,91.0,no,,,,,,,,80.0,O,,,510.0,91.0,88.0,45.446,0.499,Good,,,,,,
1,5/10/2024 16:11,Cruickshank,,Bf am ak,RT4,CHRL 1,218 deg (S ish) up road to corner. 38 deg downroad (pseudo N). Road transect.,No will survey later,,,,,1840,Road Transect,N,7.5,,Depth,115.0,5/10/2024 16:20,115.0,,,,115.0,,,,,,,,,,O,,,,,,,,Good,,,,,,
1,5/10/2024 16:11,Cruickshank,,Bf am ak,RT4,CHRL 1,218 deg (S ish) up road to corner. 38 deg downroad (pseudo N). Road transect.,No will survey later,,,,,1840,Road Transect,N,10.0,,Depth,93.0,5/10/2024 16:20,93.0,,,,93.0,,,,,,,,,,O,,,,,,,,Good,,,,,,
1,5/10/2024 16:11,Cruickshank,,Bf am ak,RT4,CHRL 1,218 deg (S ish) up road to corner. 38 deg downroad (pseudo N). Road transect.,No will survey later,,,,,1840,Road Transect,S,2.5,,Depth,89.0,5/10/2024 16:21,89.0,,,,89.0,,,,,,,,,,O,,,,,,,,Good,,,,,,
1,5/10/2024 16:11,Cruickshank,,Bf am ak,RT4,CHRL 1,218 deg (S ish) up road to corner. 38 deg downroad (pseudo N). Road transect.,No will survey later,,,,,1840,Road Transect,N,5.0,,Density,98.0,5/10/2024 16:21,,90.0,0.0,2380.0,98.0,,,,,,,,,90.0,O,,,540.0,98.0,92.0,48.119,0.491,Good,,,,,,
1,5/10/2024 16:11,Cruickshank,,Bf am ak,RT4,CHRL 1,218 deg (S ish) up road to corner. 38 deg downroad (pseudo N). Road transect.,No will survey later,,,,,1840,Road Transect,S,7.5,,Depth,86.0,5/10/2024 16:22,86.0,,,,86.0,,,,,,,,,,O,,,,,,,,Good,,,,,,
1,5/10/2024 16:11,Cruickshank,,Bf am ak,RT4,CHRL 1,218 deg (S ish) up road to corner. 38 deg downroad (pseudo N). Road transect.,No will survey later,,,,,1840,Road Transect,S,10.0,,Depth,54.0,5/10/2024 16:22,54.0,,,,54.0,,,,,,,,,,O,,,,,,,,Good,,,,,,
1,5/10/2024 16:11,Cruickshank,,Bf am ak,RT4,CHRL 1,218 deg (S ish) up road to corner. 38 deg downroad (pseudo N). Road transect.,No will survey later,,,,,1840,Road Transect,N,10.0,,Density,85.0,5/10/2024 16:23,,70.0,0.0,2290.0,85.0,no,,,,,,,,70.0,O,,,450.0,85.0,82.0,40.1,0.472,Good,,,,,,
1,5/10/2024 11:23,Cruickshank,,"RW, SM, LM",S1A,MOE 1,New tubes no name,No already surveyed,,,,,2900,Cardinal 10 m,N,10.0,,Depth,190.0,5/10/2024 11:25,190.0,,,,190.0,,,,,,,,,,O,,,,,,,,Good,,,,,,5/10/2024 19:47
1,5/10/2024 11:23,Cruickshank,,"RW, SM, LM",S1A,MOE 1,New tubes no name,No already surveyed,,,,,2900,Cardinal 10 m,N,7.5,,Depth,192.0,5/10/2024 11:26,192.0,,,,192.0,,,,,,,,,,O,,,,,,,,Good,,,,,,5/10/2024 19:47
1,5/10/2024 11:23,Cruickshank,,"RW, SM, LM",S1A,MOE 1,New tubes no name,No already surveyed,,,,,2900,Cardinal 10 m,N,5.0,,Depth,225.0,5/10/2024 11:28,225.0,,,,225.0,,,,,,,,,,O,,,,,,,,Good,,,,,,5/10/2024 19:47
1,5/10/2024 11:23,Cruickshank,,"RW, SM, LM",S1A,MOE 1,New tubes no name,No already surveyed,,,,,2900,Cardinal 10 m,N,2.5,,Depth,195.0,5/10/2024 11:28,195.0,,,,195.0,,,,,,,,,,O,,,,,,,,Good,,,,,,5/10/2024 19:47
1,5/10/2024 11:23,Cruickshank,,"RW, SM, LM",S1A,MOE 1,New tubes no name,No already surveyed,,,,,2900,Cardinal 10 m,N,10.0,,Density,196.0,5/10/2024 11:30,,172.0,4.0,3970.0,196.0,no,,,,,,,,168.0,O,Rock strike,,1070.0,196.0,86.0,95.348,0.497,Good,,,,,,5/10/2024 19:47
1,5/10/2024 11:23,Cruickshank,,"RW, SM, LM",S1A,MOE 1,New tubes no name,No already surveyed,,,,,2900,Cardinal 10 m,S,2.5,,Depth,85.0,5/10/2024 11:29,85.0,,,,85.0,,,,,,,,,,O,,,,,,,,Good,,,,,,5/10/2024 19:47
1,5/10/2024 11:23,Cruickshank,,"RW, SM, LM",S1A,MOE 1,New tubes no name,No already surveyed,,,,,2900,Cardinal 10 m,S,5.0,,Depth,184.0,5/10/2024 11:29,184.0,,,,184.0,,,,,,,,,,O,,,,,,,,Good,,,,,,5/10/2024 19:47
1,5/10/2024 11:23,Cruickshank,,"RW, SM, LM",S1A,MOE 1,New tubes no name,No already surveyed,,,,,2900,Cardinal 10 m,S,7.5,,Depth,180.0,5/10/2024 11:30,180.0,,,,180.0,,,,,,,,,,O,,,,,,,,Good,,,,,,5/10/2024 19:47
1,5/10/2024 11:23,Cruickshank,,"RW, SM, LM",S1A,MOE 1,New tubes no name,No already surveyed,,,,,2900,Cardinal 10 m,S,10.0,,Depth,148.0,5/10/2024 11:30,148.0,,,,148.0,,,,,,,,,,O,,,,,,,,Good,,,,,,5/10/2024 19:47
1,5/10/2024 11:23,Cruickshank,,"RW, SM, LM",S1A,MOE 1,New tubes no name,No already surveyed,,,,,2900,Cardinal 10 m,SW,10.0,,Depth,218.0,5/10/2024 11:33,218.0,,,,218.0,,,,,,,,,,O,,,,,,,,Good,,,,,,5/10/2024 19:47
1,5/10/2024 11:23,Cruickshank,,"RW, SM, LM",S1A,MOE 1,New tubes no name,No already surveyed,,,,,2900,Cardinal 10 m,SW,7.5,,Depth,130.0,5/10/2024 11:33,130.0,,,,130.0,,,,,,,,,,O,,,,,,,,Good,,,,,,5/10/2024 19:47
1,5/10/2024 11:23,Cruickshank,,"RW, SM, LM",S1A,MOE 1,New tubes no name,No already surveyed,,,,,2900,Cardinal 10 m,SW,5.0,,Depth,134.0,5/10/2024 11:33,134.0,,,,134.0,,,,,,,,,,O,,,,,,,,Good,,,,,,5/10/2024 19:47
1,5/10/2024 11:23,Cruickshank,,"RW, SM, LM",S1A,MOE 1,New tubes no name,No already surveyed,,,,,2900,Cardinal 10 m,SW,2.5,,Depth,130.0,5/10/2024 11:34,130.0,,,,130.0,,,,,,,,,,O,,,,,,,,Good,,,,,,5/10/2024 19:47
1,5/10/2024 11:23,Cruickshank,,"RW, SM, LM",S1A,MOE 1,New tubes no name,No already surveyed,,,,,2900,Cardinal 10 m,S,,,Density,135.0,5/10/2024 11:37,,129.0,0.0,3680.0,135.0,no,,,,,,,,129.0,O,,,780.0,135.0,96.0,69.506,0.515,Good,,,,,,5/10/2024 19:47
1,5/10/2024 11:23,Cruickshank,,"RW, SM, LM",S1A,MOE 1,New tubes no name,No already surveyed,,,,,2900,Cardinal 10 m,W,10.0,,Depth,160.0,5/10/2024 11:35,160.0,,,,160.0,,,,,,,,,,O,,,,,,,,Good,,,,,,5/10/2024 19:47
1,5/10/2024 11:23,Cruickshank,,"RW, SM, LM",S1A,MOE 1,New tubes no name,No already surveyed,,,,,2900,Cardinal 10 m,W,7.5,,Depth,215.0,5/10/2024 11:35,215.0,,,,215.0,,,,,,,,,,O,,,,,,,,Good,,,,,,5/10/2024 19:47
1,5/10/2024 11:23,Cruickshank,,"RW, SM, LM",S1A,MOE 1,New tubes no name,No already surveyed,,,,,2900,Cardinal 10 m,W,5.0,,Depth,188.0,5/10/2024 11:36,188.0,,,,188.0,,,,,,,,,,O,,,,,,,,Good,,,,,,5/10/2024 19:47
1,5/10/2024 11:23,Cruickshank,,"RW, SM, LM",S1A,MOE 1,New tubes no name,No already surveyed,,,,,2900,Cardinal 10 m,W,2.5,,Depth,167.0,5/10/2024 11:36,167.0,,,,167.0,,,,,,,,,,O,,,,,,,,Good,,,,,,5/10/2024 19:47
1,5/10/2024 11:23,Cruickshank,,"RW, SM, LM",S1A,MOE 1,New tubes no name,No already surveyed,,,,,2900,Cardinal 10 m,NW,10.0,,Depth,183.0,5/10/2024 11:38,183.0,,,,183.0,,,,,,,,,,O,,,,,,,,Good,,,,,,5/10/2024 19:47
1,5/10/2024 11:23,Cruickshank,,"RW, SM, LM",S1A,MOE 1,New tubes no name,No already surveyed,,,,,2900,Cardinal 10 m,NW,7.5,,Depth,180.0,5/10/2024 11:38,180.0,,,,180.0,,,,,,,,,,O,,,,,,,,Good,,,,,,5/10/2024 19:47
1,5/10/2024 11:23,Cruickshank,,"RW, SM, LM",S1A,MOE 1,New tubes no name,No already surveyed,,,,,2900,Cardinal 10 m,NW,5.0,,Depth,235.0,5/10/2024 11:38,235.0,,,,235.0,,,,,,,,,,O,,,,,,,,Good,,,,,,5/10/2024 19:47
1,5/10/2024 11:23,Cruickshank,,"RW, SM, LM",S1A,MOE 1,New tubes no name,No already surveyed,,,,,2900,Cardinal 10 m,Centre,,,Density,135.0,5/10/2024 11:40,,122.0,0.0,3600.0,135.0,no,,,,,,,,122.0,O,Rock strike,,700.0,135.0,90.0,62.377,0.462,Good,,,,,,5/10/2024 19:47
1,5/10/2024 11:23,Cruickshank,,"RW, SM, LM",S1A,MOE 1,New tubes no name,No already surveyed,,,,,2900,Cardinal 10 m,NW,2.5,,Depth,193.0,5/10/2024 11:39,193.0,,,,193.0,,,,,,,,,,O,,,,,,,,Good,,,,,,5/10/2024 19:47
1,5/10/2024 11:23,Cruickshank,,"RW, SM, LM",S1A,MOE 1,New tubes no name,No already surveyed,,,,,2900,Cardinal 10 m,NE,10.0,,Depth,140.0,5/10/2024 11:41,140.0,,,,140.0,,,,,,,,,,O,,,,,,,,Good,,,,,,5/10/2024 19:47
1,5/10/2024 11:23,Cruickshank,,"RW, SM, LM",S1A,MOE 1,New tubes no name,No already surveyed,,,,,2900,Cardinal 10 m,NE,7.5,,Depth,214.0,5/10/2024 11:42,214.0,,,,214.0,,,,,,,,,,O,,,,,,,,Good,,,,,,5/10/2024 19:47
1,5/10/2024 11:23,Cruickshank,,"RW, SM, LM",S1A,MOE 1,New tubes no name,No already surveyed,,,,,2900,Cardinal 10 m,NE,5.0,,Depth,158.0,5/10/2024 11:42,158.0,,,,158.0,,,,,,,,,,O,,,,,,,,Good,,,,,,5/10/2024 19:47
1,5/10/2024 11:23,Cruickshank,,"RW, SM, LM",S1A,MOE 1,New tubes no name,No already surveyed,,,,,2900,Cardinal 10 m,NE,2.5,,Depth,176.0,5/10/2024 11:43,176.0,,,,176.0,,,,,,,,,,O,,,,,,,,Good,,,,,,5/10/2024 19:47
1,5/10/2024 11:23,Cruickshank,,"RW, SM, LM",S1A,MOE 1,New tubes no name,No already surveyed,,,,,2900,Cardinal 10 m,W,10.0,,Density,235.0,5/10/2024 11:42,,215.0,0.5,4300.0,235.0,,,,,,,,,214.5,O,,,1400.0,235.0,91.0,124.754,0.532,Good,,,,,,5/10/2024 19:47
1,5/10/2024 11:23,Cruickshank,,"RW, SM, LM",S1A,MOE 1,New tubes no name,No already surveyed,,,,,2900,Cardinal 10 m,E,10.0,,Depth,220.0,5/10/2024 11:44,220.0,,,,220.0,,,,,,,,,,O,,,,,,,,Good,,,,,,5/10/2024 19:47
1,5/10/2024 11:23,Cruickshank,,"RW, SM, LM",S1A,MOE 1,New tubes no name,No already surveyed,,,,,2900,Cardinal 10 m,E,7.5,,Depth,214.0,5/10/2024 11:44,214.0,,,,214.0,,,,,,,,,,O,,,,,,,,Good,,,,,,5/10/2024 19:47
1,5/10/2024 11:23,Cruickshank,,"RW, SM, LM",S1A,MOE 1,New tubes no name,No already surveyed,,,,,2900,Cardinal 10 m,E,5.0,,Depth,178.0,5/10/2024 11:45,178.0,,,,178.0,,,,,,,,,,O,,,,,,,,Good,,,,,,5/10/2024 19:47
1,5/10/2024 11:23,Cruickshank,,"RW, SM, LM",S1A,MOE 1,New tubes no name,No already surveyed,,,,,2900,Cardinal 10 m,E,2.5,,Depth,126.0,5/10/2024 11:45,126.0,,,,126.0,,,,,,,,,,O,,,,,,,,Good,,,,,,5/10/2024 19:47
1,5/10/2024 11:23,Cruickshank,,"RW, SM, LM",S1A,MOE 1,New tubes no name,No already surveyed,,,,,2900,Cardinal 10 m,E,10.0,,Density,218.0,5/10/2024 11:45,,180.0,2.0,4080.0,218.0,,,,,,,,,178.0,O,,,1180.0,218.0,82.0,105.15,0.487,Good,,,,,,5/10/2024 19:47
1,5/10/2024 11:23,Cruickshank,,"RW, SM, LM",S1A,MOE 1,New tubes no name,No already surveyed,,,,,2900,Cardinal 10 m,SE,10.0,,Depth,147.0,5/10/2024 11:47,147.0,,,,147.0,,,,,,,,,,O,,,,,,,,Good,,,,,,5/10/2024 19:47
1,5/10/2024 11:23,Cruickshank,,"RW, SM, LM",S1A,MOE 1,New tubes no name,No already surveyed,,,,,2900,Cardinal 10 m,SE,7.5,,Depth,140.0,5/10/2024 11:48,140.0,,,,140.0,,,,,,,,,,O,,,,,,,,Good,,,,,,5/10/2024 19:47
1,5/10/2024 11:23,Cruickshank,,"RW, SM, LM",S1A,MOE 1,New tubes no name,No already surveyed,,,,,2900,Cardinal 10 m,SE,5.0,,Depth,110.0,5/10/2024 11:48,110.0,,,,110.0,,,,,,,,,,O,,,,,,,,Good,,,,,,5/10/2024 19:47
1,5/10/2024 11:23,Cruickshank,,"RW, SM, LM",S1A,MOE 1,New tubes no name,No already surveyed,,,,,2900,Cardinal 10 m,SE,2.5,,Depth,90.0,5/10/2024 11:48,90.0,,,,90.0,,,,,,,,,,O,,,,,,,,Good,,,,,,5/10/2024 19:47
1,5/10/2024 13:08,Cruickshank,,Ak bf sm,S3F,CHRL 1,Densities not taken at 10 m on cardinals,No already surveyed,,,,,2930,Cardinal 10 m,E,10.0,,Depth,96.0,5/10/2024 13:09,180.0,,,,180.0,,,,,,,,,,O,,,,,,,,Good,,,,,,5/10/2024 13:35
1,5/10/2024 13:08,Cruickshank,,Ak bf sm,S3F,CHRL 1,Densities not taken at 10 m on cardinals,No already surveyed,,,,,2930,Cardinal 10 m,E,7.5,,Depth,5.0,5/10/2024 13:10,89.0,,,,89.0,,,,,,,,,,O,,,,,,,,Good,,,,,,5/10/2024 13:35
1,5/10/2024 13:08,Cruickshank,,Ak bf sm,S3F,CHRL 1,Densities not taken at 10 m on cardinals,No already surveyed,,,,,2930,Cardinal 10 m,E,5.0,,Depth,49.0,5/10/2024 13:11,49.0,,,,49.0,,,,,,,,,,"U,TW",,,,,,,,Good,,,,,,5/10/2024 13:35
1,5/10/2024 13:08,Cruickshank,,Ak bf sm,S3F,CHRL 1,Densities not taken at 10 m on cardinals,No already surveyed,,,,,2930,Cardinal 10 m,E,2.5,,Depth,138.0,5/10/2024 13:12,138.0,,,,138.0,,,,,,,,,,O,,,,,,,,Good,,,,,,5/10/2024 13:35
1,5/10/2024 13:08,Cruickshank,,Ak bf sm,S3F,CHRL 1,Densities not taken at 10 m on cardinals,No already surveyed,,,,,2930,Cardinal 10 m,E,10.0,,Density,180.0,5/10/2024 13:13,,155.0,0.0,3780.0,180.0,,,,,,,,,155.0,O,,,850.0,180.0,86.0,75.744,0.421,Good,,,,,,5/10/2024 13:35
1,5/10/2024 13:08,Cruickshank,,Ak bf sm,S3F,CHRL 1,Densities not taken at 10 m on cardinals,No already surveyed,,,,,2930,Cardinal 10 m,N,10.0,,Depth,208.0,5/10/2024 13:14,208.0,,,,208.0,,,,,,,,,,O,,,,,,,,Good,,,,,,5/10/2024 13:35
1,5/10/2024 13:08,Cruickshank,,Ak bf sm,S3F,CHRL 1,Densities not taken at 10 m on cardinals,No already surveyed,,,,,2930,Cardinal 10 m,N,7.5,,Depth,120.0,5/10/2024 13:14,120.0,,,,120.0,,,,,,,,,,U,,,,,,,,Good,,,,,,5/10/2024 13:35
1,5/10/2024 13:08,Cruickshank,,Ak bf sm,S3F,CHRL 1,Densities not taken at 10 m on cardinals,No already surveyed,,,,,2930,Cardinal 10 m,N,5.0,,Depth,180.0,5/10/2024 13:15,180.0,,,,180.0,,,,,,,,,,O,,,,,,,,Good,,,,,,5/10/2024 13:35
1,5/10/2024 13:08,Cruickshank,,Ak bf sm,S3F,CHRL 1,Densities not taken at 10 m on cardinals,No already surveyed,,,,,2930,Cardinal 10 m,N,2.5,,Depth,51.0,5/10/2024 13:17,51.0,,,,51.0,,,,,,,,,,U,,,,,,,,Good,,,,,,5/10/2024 13:35
1,5/10/2024 13:08,Cruickshank,,Ak bf sm,S3F,CHRL 1,Densities not taken at 10 m on cardinals,No already surveyed,,,,,2930,Cardinal 10 m,Centre,,,Depth,88.0,5/10/2024 13:17,88.0,,,,88.0,,,,,,,,,,"U,TW",,,,,,,,Good,,,,,,5/10/2024 13:35
1,5/10/2024 13:08,Cruickshank,,Ak bf sm,S3F,CHRL 1,Densities not taken at 10 m on cardinals,No already surveyed,,,,,2930,Cardinal 10 m,S,2.5,,Depth,61.0,5/10/2024 13:19,61.0,,,,61.0,,,,,,,,,,"U,TW",,,,,,,,Good,,,,,,5/10/2024 13:35
1,5/10/2024 13:08,Cruickshank,,Ak bf sm,S3F,CHRL 1,Densities not taken at 10 m on cardinals,No already surveyed,,,,,2930,Cardinal 10 m,S,5.0,,Density,130.0,5/10/2024 13:21,,90.0,0.0,3560.0,130.0,,,,,,,,,90.0,E,,,630.0,130.0,69.0,56.139,0.432,Good,,,,,,5/10/2024 13:35
1,5/10/2024 13:08,Cruickshank,,Ak bf sm,S3F,CHRL 1,Densities not taken at 10 m on cardinals,No already surveyed,,,,,2930,Cardinal 10 m,S,7.5,,Density,107.0,5/10/2024 13:19,,95.0,0.0,3570.0,107.0,,,,,,,,,95.0,U,,,640.0,107.0,89.0,57.03,0.533,Good,,,,,,5/10/2024 13:35
1,5/10/2024 13:08,Cruickshank,,Ak bf sm,S3F,CHRL 1,Densities not taken at 10 m on cardinals,No already surveyed,,,,,2930,Cardinal 10 m,S,10.0,,Depth,,,,,,,0.0,,,,,,,,,,O,,,,,,,,Good,,,,,,5/10/2024 13:35
1,5/10/2024 13:08,Cruickshank,,Ak bf sm,S3F,CHRL 1,Densities not taken at 10 m on cardinals,No already surveyed,,,,,2930,Cardinal 10 m,W,5.0,,Depth,105.0,5/10/2024 13:20,105.0,,,,105.0,,,,,,,,,,E,,,,,,,,Good,,,,,,5/10/2024 13:35
1,5/10/2024 13:08,Cruickshank,,Ak bf sm,S3F,CHRL 1,Densities not taken at 10 m on cardinals,No already surveyed,,,,,2930,Cardinal 10 m,W,2.5,,Depth,55.0,5/10/2024 13:21,55.0,,,,55.0,,,,,,,,,,"U,TW",,,,,,,,Good,,,,,,5/10/2024 13:35
1,5/10/2024 13:08,Cruickshank,,Ak bf sm,S3F,CHRL 1,Densities not taken at 10 m on cardinals,No already surveyed,,,,,2930,Cardinal 10 m,S,5.0,,Depth,130.0,5/10/2024 13:22,130.0,,,,130.0,,,,,,,,,,O,,,,,,,,Good,,,,,,5/10/2024 13:35
1,5/10/2024 13:08,Cruickshank,,Ak bf sm,S3F,CHRL 1,Densities not taken at 10 m on cardinals,No already surveyed,,,,,2930,Cardinal 10 m,S,7.5,,Depth,107.0,5/10/2024 13:23,107.0,,,,107.0,,,,,,,,,,O,,,,,,,,Good,,,,,,5/10/2024 13:35
1,5/10/2024 13:08,Cruickshank,,Ak bf sm,S3F,CHRL 1,Densities not taken at 10 m on cardinals,No already surveyed,,,,,2930,Cardinal 10 m,W,2.5,,Density,47.0,5/10/2024 13:25,,39.0,0.0,3130.0,47.0,,,,,,,,,39.0,U,,,200.0,47.0,83.0,17.822,0.379,Good,,,,,,5/10/2024 13:35
1,5/10/2024 13:08,Cruickshank,,Ak bf sm,S3F,CHRL 1,Densities not taken at 10 m on cardinals,No already surveyed,,,,,2930,Cardinal 10 m,NW,10.0,,Depth,174.0,5/10/2024 13:25,174.0,,,,174.0,,,,,,,,,,O,,,,,,,,Good,,,,,,5/10/2024 13:35
1,5/10/2024 13:08,Cruickshank,,Ak bf sm,S3F,CHRL 1,Densities not taken at 10 m on cardinals,No already surveyed,,,,,2930,Cardinal 10 m,NW,7.5,,Depth,180.0,5/10/2024 13:26,180.0,,,,180.0,,,,,,,,,,O,,,,,,,,Good,,,,,,5/10/2024 13:35
1,5/10/2024 13:08,Cruickshank,,Ak bf sm,S3F,CHRL 1,Densities not taken at 10 m on cardinals,No already surveyed,,,,,2930,Cardinal 10 m,NW,5.0,,Depth,87.0,5/10/2024 13:26,87.0,,,,87.0,,,,,,,,,,E,,,,,,,,Good,,,,,,5/10/2024 13:35
1,5/10/2024 13:08,Cruickshank,,Ak bf sm,S3F,CHRL 1,Densities not taken at 10 m on cardinals,No already surveyed,,,,,2930,Cardinal 10 m,NW,2.5,,Depth,80.0,5/10/2024 13:26,80.0,,,,80.0,,,,,,,,,,"U,TW",,,,,,,,Good,,,,,,5/10/2024 13:35
1,5/10/2024 13:08,Cruickshank,,Ak bf sm,S3F,CHRL 1,Densities not taken at 10 m on cardinals,No already surveyed,,,,,2930,Cardinal 10 m,Centre,,,Density,117.0,5/10/2024 13:28,,90.0,0.0,3490.0,117.0,,,,,,,,,90.0,E,,,560.0,117.0,77.0,49.902,0.427,Good,,,,,,5/10/2024 13:35
1,5/10/2024 13:08,Cruickshank,,Ak bf sm,S3F,CHRL 1,Densities not taken at 10 m on cardinals,No already surveyed,,,,,2930,Cardinal 10 m,NE,10.0,,Depth,118.0,5/10/2024 13:29,118.0,,,,118.0,,,,,,,,,,U,,,,,,,,Good,,,,,,5/10/2024 13:35
1,5/10/2024 13:08,Cruickshank,,Ak bf sm,S3F,CHRL 1,Densities not taken at 10 m on cardinals,No already surveyed,,,,,2930,Cardinal 10 m,NE,7.5,,Depth,170.0,5/10/2024 13:29,170.0,,,,170.0,,,,,,,,,,O,,,,,,,,Good,,,,,,5/10/2024 13:35
1,5/10/2024 13:08,Cruickshank,,Ak bf sm,S3F,CHRL 1,Densities not taken at 10 m on cardinals,No already surveyed,,,,,2930,Cardinal 10 m,NE,5.0,,Depth,94.0,5/10/2024 13:29,94.0,,,,94.0,,,,,,,,,,U,,,,,,,,Good,,,,,,5/10/2024 13:35
1,5/10/2024 13:08,Cruickshank,,Ak bf sm,S3F,CHRL 1,Densities not taken at 10 m on cardinals,No already surveyed,,,,,2930,Cardinal 10 m,NE,2.5,,Depth,76.0,5/10/2024 13:30,76.0,,,,76.0,,,,,,,,,,E,,,,,,,,Good,,,,,,5/10/2024 13:35
1,5/10/2024 13:08,Cruickshank,,Ak bf sm,S3F,CHRL 1,Densities not taken at 10 m on cardinals,No already surveyed,,,,,2930,Cardinal 10 m,W,7.5,,Depth,,,,,,,0.0,,,,,,,,,,O,,,,,,,,Good,,,,,,5/10/2024 13:35
1,5/10/2024 13:08,Cruickshank,,Ak bf sm,S3F,CHRL 1,Densities not taken at 10 m on cardinals,No already surveyed,,,,,2930,Cardinal 10 m,W,10.0,,Depth,,,,,,,0.0,,,,,,,,,,O,,,,,,,,Good,,,,,,5/10/2024 13:35
1,5/10/2024 13:08,Cruickshank,,Ak bf sm,S3F,CHRL 1,Densities not taken at 10 m on cardinals,No already surveyed,,,,,2930,Cardinal 10 m,N,10.0,,Density,188.0,5/10/2024 13:30,,155.0,0.0,3870.0,188.0,,,,,,,,,155.0,O,,,940.0,188.0,82.0,83.763,0.446,Good,,,,,,5/10/2024 13:35
1,5/10/2024 13:08,Cruickshank,,Ak bf sm,S3F,CHRL 1,Densities not taken at 10 m on cardinals,No already surveyed,,,,,2930,Cardinal 10 m,SE,10.0,,Depth,112.0,5/10/2024 13:32,112.0,,,,112.0,,,,,,,,,,U,,,,,,,,Good,,,,,,5/10/2024 13:35
1,5/10/2024 13:08,Cruickshank,,Ak bf sm,S3F,CHRL 1,Densities not taken at 10 m on cardinals,No already surveyed,,,,,2930,Cardinal 10 m,SE,7.5,,Depth,130.0,5/10/2024 13:32,130.0,,,,130.0,,,,,,,,,,U,,,,,,,,Good,,,,,,5/10/2024 13:35
1,5/10/2024 13:08,Cruickshank,,Ak bf sm,S3F,CHRL 1,Densities not taken at 10 m on cardinals,No already surveyed,,,,,2930,Cardinal 10 m,SE,5.0,,Depth,99.0,5/10/2024 13:32,99.0,,,,99.0,,,,,,,,,,O,,,,,,,,Good,,,,,,5/10/2024 13:35
1,5/10/2024 13:08,Cruickshank,,Ak bf sm,S3F,CHRL 1,Densities not taken at 10 m on cardinals,No already surveyed,,,,,2930,Cardinal 10 m,SE,,,Depth,105.0,5/10/2024 13:32,105.0,,,,105.0,,,,,,,,,,E,,,,,,,,Good,,,,,,5/10/2024 13:35
1,5/10/2024 13:08,Cruickshank,,Ak bf sm,S3F,CHRL 1,Densities not taken at 10 m on cardinals,No already surveyed,,,,,2930,Cardinal 10 m,SW,2.5,,Depth,84.0,5/10/2024 13:34,84.0,,,,84.0,,,,,,,,,,O,,,,,,,,Good,,,,,,5/10/2024 13:35
1,5/10/2024 13:08,Cruickshank,,Ak bf sm,S3F,CHRL 1,Densities not taken at 10 m on cardinals,No already surveyed,,,,,2930,Cardinal 10 m,SW,5.0,,Depth,50.0,5/10/2024 13:35,50.0,,,,50.0,,,,,,,,,,"U,TW",,,,,,,,Good,,,,,,5/10/2024 13:35
1,5/10/2024 13:12,Cruickshank,,"RW, SM, LM",S4F,CHRL 1,,No already surveyed,,,,,1980,Cardinal 10 m,N,10.0,,Depth,0.0,5/10/2024 13:20,0.0,,,,0.0,,,,,,,,,,O,,,,,,,,Good,,,,,,
1,5/10/2024 13:12,Cruickshank,,"RW, SM, LM",S4F,CHRL 1,,No already surveyed,,,,,1980,Cardinal 10 m,N,7.5,,Depth,0.0,5/10/2024 13:21,0.0,,,,0.0,,,,,,,,,,O,,,,,,,,Good,,,,,,
1,5/10/2024 13:12,Cruickshank,,"RW, SM, LM",S4F,CHRL 1,,No already surveyed,,,,,1980,Cardinal 10 m,N,5.0,,Depth,119.0,5/10/2024 13:21,119.0,,,,119.0,,,,,,,,,,O,,,,,,,,Good,,,,,,
1,5/10/2024 13:12,Cruickshank,,"RW, SM, LM",S4F,CHRL 1,,No already surveyed,,,,,1980,Cardinal 10 m,N,2.5,,Depth,103.0,5/10/2024 13:21,103.0,,,,103.0,,,,,,,,,,O,,,,,,,,Good,,,,,,
1,5/10/2024 13:12,Cruickshank,,"RW, SM, LM",S4F,CHRL 1,,No already surveyed,,,,,1980,Cardinal 10 m,E,10.0,,Density,75.0,5/10/2024 13:29,,51.0,4.0,2660.0,76.0,no,,,,,,,,47.0,"O,U",,,680.0,76.0,62.0,60.595,0.842,Good,,,,,,
1,5/10/2024 13:12,Cruickshank,,"RW, SM, LM",S4F,CHRL 1,,No already surveyed,,,,,1980,Cardinal 10 m,E,7.5,,Depth,65.0,5/10/2024 13:28,65.0,,,,65.0,,,,,,,,,,"O,U",,,,,,,,Good,,,,,,
1,5/10/2024 13:12,Cruickshank,,"RW, SM, LM",S4F,CHRL 1,,No already surveyed,,,,,1980,Cardinal 10 m,E,5.0,,Depth,85.0,5/10/2024 13:28,85.0,,,,85.0,,,,,,,,,,O,,,,,,,,Good,,,,,,
1,5/10/2024 13:12,Cruickshank,,"RW, SM, LM",S4F,CHRL 1,,No already surveyed,,,,,1980,Cardinal 10 m,E,2.5,,Depth,38.0,5/10/2024 13:28,38.0,,,,38.0,,,,,,,,,,"O,U,TW",,,,,,,,Good,,,,,,
1,5/10/2024 13:12,Cruickshank,,"RW, SM, LM",S4F,CHRL 1,,No already surveyed,,,,,1980,Cardinal 10 m,S,10.0,,Density,85.0,5/10/2024 13:25,,69.0,2.0,2790.0,85.0,no,,,,,,,,67.0,O,,,810.0,85.0,79.0,72.179,0.87,Good,,,,,,
1,5/10/2024 13:12,Cruickshank,,"RW, SM, LM",S4F,CHRL 1,,No already surveyed,,,,,1980,Cardinal 10 m,S,10.0,,Depth,130.0,5/10/2024 13:24,130.0,,,,130.0,,,,,,,,,,"O,TW",,,,,,,,Good,,,,,,
1,5/10/2024 13:12,Cruickshank,,"RW, SM, LM",S4F,CHRL 1,,No already surveyed,,,,,1980,Cardinal 10 m,S,7.5,,Depth,80.0,5/10/2024 13:24,80.0,,,,80.0,,,,,,,,,,O,,,,,,,,Good,,,,,,
1,5/10/2024 13:12,Cruickshank,,"RW, SM, LM",S4F,CHRL 1,,No already surveyed,,,,,1980,Cardinal 10 m,S,5.0,,Depth,48.0,5/10/2024 13:24,48.0,,,,48.0,,,,,,,,,,"O,E",,,,,,,,Good,,,,,,
1,5/10/2024 13:12,Cruickshank,,"RW, SM, LM",S4F,CHRL 1,,No already surveyed,,,,,1980,Cardinal 10 m,S,2.5,,Depth,105.0,5/10/2024 13:26,105.0,,,,105.0,,,,,,,,,,"O,U",,,,,,,,Good,,,,,,
1,5/10/2024 13:12,Cruickshank,,"RW, SM, LM",S4F,CHRL 1,,No already surveyed,,,,,1980,Cardinal 10 m,Centre,,,Density,81.0,5/10/2024 13:22,,76.0,0.0,2810.0,81.0,,,,,,,,,76.0,O,,,830.0,81.0,94.0,73.961,0.913,Good,Stopped at spunky bottom,,,,,
1,5/10/2024 13:12,Cruickshank,,"RW, SM, LM",S4F,CHRL 1,,No already surveyed,,,,,1980,Cardinal 10 m,E,10.0,,Depth,77.0,5/10/2024 13:27,77.0,,,,77.0,,,,,,,,,,"O,E",,,,,,,,Good,,,,,,
1,5/10/2024 13:12,Cruickshank,,"RW, SM, LM",S4F,CHRL 1,,No already surveyed,,,,,1980,Cardinal 10 m,W,,,Density,97.0,5/10/2024 13:32,,81.0,3.0,2790.0,97.0,,,,,,,,,78.0,O,,,810.0,97.0,80.0,72.179,0.768,Good,,,,,,
1,5/10/2024 13:12,Cruickshank,,"RW, SM, LM",S4F,CHRL 1,,No already surveyed,,,,,1980,Cardinal 10 m,W,10.0,,Depth,105.0,5/10/2024 13:30,105.0,,,,105.0,,,,,,,,,,O,,,,,,,,Good,,,,,,
1,5/10/2024 13:12,Cruickshank,,"RW, SM, LM",S4F,CHRL 1,,No already surveyed,,,,,1980,Cardinal 10 m,W,7.5,,Depth,79.0,5/10/2024 13:30,79.0,,,,79.0,,,,,,,,,,E,,,,,,,,Good,,,,,,
1,5/10/2024 13:12,Cruickshank,,"RW, SM, LM",S4F,CHRL 1,,No already surveyed,,,,,1980,Cardinal 10 m,W,5.0,,Depth,94.0,5/10/2024 13:31,94.0,,,,94.0,,,,,,,,,,U,,,,,,,,Good,,,,,,
1,5/10/2024 13:12,Cruickshank,,"RW, SM, LM",S4F,CHRL 1,,No already surveyed,,,,,1980,Cardinal 10 m,W,2.5,,Depth,96.0,5/10/2024 13:31,96.0,,,,96.0,,,,,,,,,,"E,U",,,,,,,,Good,,,,,,
1,5/10/2024 13:12,Cruickshank,,"RW, SM, LM",S4F,CHRL 1,,No already surveyed,,,,,1980,Cardinal 10 m,NW,10.0,,Depth,7.0,5/10/2024 13:33,7.0,,,,7.0,,,,,,,,,,U,,,,,,,,Good,,,,,,
1,5/10/2024 13:12,Cruickshank,,"RW, SM, LM",S4F,CHRL 1,,No already surveyed,,,,,1980,Cardinal 10 m,NW,7.5,,Depth,87.0,5/10/2024 13:33,87.0,,,,87.0,,,,,,,,,,U,,,,,,,,Good,,,,,,
1,5/10/2024 13:12,Cruickshank,,"RW, SM, LM",S4F,CHRL 1,,No already surveyed,,,,,1980,Cardinal 10 m,NW,5.0,,Depth,32.0,5/10/2024 13:33,32.0,,,,32.0,,,,,,,,,,TW,,,,,,,,Good,,,,,,
1,5/10/2024 13:12,Cruickshank,,"RW, SM, LM",S4F,CHRL 1,,No already surveyed,,,,,1980,Cardinal 10 m,NW,2.5,,Depth,113.0,5/10/2024 13:33,113.0,,,,113.0,,,,,,,,,,E,,,,,,,,Good,,,,,,
1,5/10/2024 13:12,Cruickshank,,"RW, SM, LM",S4F,CHRL 1,,No already surveyed,,,,,1980,Cardinal 10 m,SE,10.0,,Depth,78.0,5/10/2024 13:35,78.0,,,,78.0,,,,,,,,,,E,,,,,,,,Good,,,,,,
1,5/10/2024 13:12,Cruickshank,,"RW, SM, LM",S4F,CHRL 1,,No already surveyed,,,,,1980,Cardinal 10 m,SE,7.5,,Depth,63.0,5/10/2024 13:35,63.0,,,,63.0,,,,,,,,,,U,,,,,,,,Good,,,,,,
1,5/10/2024 13:12,Cruickshank,,"RW, SM, LM",S4F,CHRL 1,,No already surveyed,,,,,1980,Cardinal 10 m,SE,5.0,,Depth,86.0,5/10/2024 13:35,86.0,,,,86.0,,,,,,,,,,E,,,,,,,,Good,,,,,,
1,5/10/2024 13:12,Cruickshank,,"RW, SM, LM",S4F,CHRL 1,,No already surveyed,,,,,1980,Cardinal 10 m,SE,2.5,,Depth,95.0,5/10/2024 13:36,95.0,,,,95.0,,,,,,,,,,E,,,,,,,,Good,,,,,,
1,5/10/2024 13:12,Cruickshank,,"RW, SM, LM",S4F,CHRL 1,,No already surveyed,,,,,1980,Cardinal 10 m,NE,10.0,,Depth,95.0,5/10/2024 13:37,95.0,,,,95.0,,,,,,,,,,U,,,,,,,,Good,,,,,,
1,5/10/2024 13:12,Cruickshank,,"RW, SM, LM",S4F,CHRL 1,,No already surveyed,,,,,1980,Cardinal 10 m,NE,7.5,,Depth,58.0,5/10/2024 13:38,58.0,,,,58.0,,,,,,,,,,E,,,,,,,,Good,,,,,,
1,5/10/2024 13:12,Cruickshank,,"RW, SM, LM",S4F,CHRL 1,,No already surveyed,,,,,1980,Cardinal 10 m,NE,5.0,,Depth,72.0,5/10/2024 13:38,72.0,,,,72.0,,,,,,,,,,E,,,,,,,,Good,,,,,,
1,5/10/2024 13:12,Cruickshank,,"RW, SM, LM",S4F,CHRL 1,,No already surveyed,,,,,1980,Cardinal 10 m,NE,2.5,,Depth,104.0,5/10/2024 13:38,104.0,,,,104.0,,,,,,,,,,U,,,,,,,,Good,,,,,,
1,5/10/2024 13:12,Cruickshank,,"RW, SM, LM",S4F,CHRL 1,,No already surveyed,,,,,1980,Cardinal 10 m,SW,10.0,,Depth,136.0,5/10/2024 13:40,136.0,,,,136.0,,,,,,,,,,U,,,,,,,,Good,,,,,,
1,5/10/2024 13:12,Cruickshank,,"RW, SM, LM",S4F,CHRL 1,,No already surveyed,,,,,1980,Cardinal 10 m,SW,7.5,,Depth,86.0,5/10/2024 13:40,86.0,,,,86.0,,,,,,,,,,E,,,,,,,,Good,,,,,,
1,5/10/2024 13:12,Cruickshank,,"RW, SM, LM",S4F,CHRL 1,,No already surveyed,,,,,1980,Cardinal 10 m,SW,5.0,,Depth,118.0,5/10/2024 13:40,118.0,,,,118.0,,,,,,,,,,U,,,,,,,,Good,,,,,,
1,5/10/2024 13:12,Cruickshank,,"RW, SM, LM",S4F,CHRL 1,,No already surveyed,,,,,1980,Cardinal 10 m,SW,2.5,,Depth,15.0,5/10/2024 13:40,15.0,,,,15.0,,,,,,,,,,TW,,,,,,,,Good,,,,,,
1,5/10/2024 14:04,Cruickshank,,"Rw, lm, sm",S5O,CHRL 1,New pokes,No already surveyed,,,,,2360,,N,10.0,,Depth,99.0,5/10/2024 14:05,99.0,,,,99.0,,,,,,,,,,O,,,,,,,,Good,,,,,,
1,5/10/2024 14:04,Cruickshank,,"Rw, lm, sm",S5O,CHRL 1,New pokes,No already surveyed,,,,,2360,,N,7.5,,Depth,95.0,5/10/2024 14:05,95.0,,,,95.0,,,,,,,,,,O,,,,,,,,Good,,,,,,
1,5/10/2024 14:04,Cruickshank,,"Rw, lm, sm",S5O,CHRL 1,New pokes,No already surveyed,,,,,2360,,N,5.0,,Depth,95.0,5/10/2024 14:05,95.0,,,,95.0,,,,,,,,,,O,,,,,,,,Good,,,,,,
1,5/10/2024 14:04,Cruickshank,,"Rw, lm, sm",S5O,CHRL 1,New pokes,No already surveyed,,,,,2360,,N,2.5,,Depth,78.0,5/10/2024 14:05,78.0,,,,78.0,,,,,,,,,,O,,,,,,,,Good,,,,,,
1,5/10/2024 14:04,Cruickshank,,"Rw, lm, sm",S5O,CHRL 1,New pokes,No already surveyed,,,,,2360,,Centre,,,Density,89.0,5/10/2024 14:06,,73.0,0.1,2850.0,89.0,,,,,,,,,72.9,O,,,490.0,89.0,82.0,43.664,0.491,Good,,,,,,
1,5/10/2024 14:04,Cruickshank,,"Rw, lm, sm",S5O,CHRL 1,New pokes,No already surveyed,,,,,2360,,S,10.0,,Depth,190.0,5/10/2024 14:07,190.0,,,,190.0,,,,,,,,,,O,,,,,,,,Good,,,,,,
1,5/10/2024 14:04,Cruickshank,,"Rw, lm, sm",S5O,CHRL 1,New pokes,No already surveyed,,,,,2360,,S,7.5,,Depth,135.0,5/10/2024 14:07,135.0,,,,135.0,,,,,,,,,,O,,,,,,,,Good,,,,,,
1,5/10/2024 14:04,Cruickshank,,"Rw, lm, sm",S5O,CHRL 1,New pokes,No already surveyed,,,,,2360,,S,5.0,,Depth,102.0,5/10/2024 14:08,102.0,,,,102.0,,,,,,,,,,O,,,,,,,,Good,,,,,,
1,5/10/2024 14:04,Cruickshank,,"Rw, lm, sm",S5O,CHRL 1,New pokes,No already surveyed,,,,,2360,,S,2.5,,Depth,97.0,5/10/2024 14:08,97.0,,,,97.0,,,,,,,,,,O,,,,,,,,Good,,,,,,
1,5/10/2024 14:04,Cruickshank,,"Rw, lm, sm",S5O,CHRL 1,New pokes,No already surveyed,,,,,2360,,S,10.0,,Density,107.0,5/10/2024 14:10,,106.0,0.0,2960.0,107.0,,,,,,,,,106.0,O,,,600.0,107.0,99.0,53.466,0.5,Good,,,,,,
1,5/10/2024 14:04,Cruickshank,,"Rw, lm, sm",S5O,CHRL 1,New pokes,No already surveyed,,,,,2360,,E,10.0,,Depth,70.0,5/10/2024 14:09,70.0,,,,70.0,,,,,,,,,,O,,,,,,,,Good,,,,,,
1,5/10/2024 14:04,Cruickshank,,"Rw, lm, sm",S5O,CHRL 1,New pokes,No already surveyed,,,,,2360,,E,7.5,,Depth,92.0,5/10/2024 14:09,92.0,,,,92.0,,,,,,,,,,O,,,,,,,,Good,,,,,,
1,5/10/2024 14:04,Cruickshank,,"Rw, lm, sm",S5O,CHRL 1,New pokes,No already surveyed,,,,,2360,,E,5.0,,Depth,90.0,5/10/2024 14:10,90.0,,,,90.0,,,,,,,,,,O,,,,,,,,Good,,,,,,
1,5/10/2024 14:04,Cruickshank,,"Rw, lm, sm",S5O,CHRL 1,New pokes,No already surveyed,,,,,2360,,E,,,Depth,94.0,5/10/2024 14:10,94.0,,,,94.0,,,,,,,,,,O,,,,,,,,Good,,,,,,
1,5/10/2024 14:04,Cruickshank,,"Rw, lm, sm",S5O,CHRL 1,New pokes,No already surveyed,,,,,2360,,W,10.0,,Depth,35.0,5/10/2024 14:11,35.0,,,,35.0,,,,,,,,,,O,,,,,,,,Good,,,,,,
1,5/10/2024 14:04,Cruickshank,,"Rw, lm, sm",S5O,CHRL 1,New pokes,No already surveyed,,,,,2360,,W,7.5,,Depth,0.0,5/10/2024 14:12,0.0,,,,0.0,,,,,,,,,,O,,,,,,,,Good,,,,,,
1,5/10/2024 14:04,Cruickshank,,"Rw, lm, sm",S5O,CHRL 1,New pokes,No already surveyed,,,,,2360,,,,,Depth,,,,,,,0.0,,,,,,,,,,O,,,,,,,,Good,,,,,,
1,5/10/2024 14:04,Cruickshank,,"Rw, lm, sm",S5O,CHRL 1,New pokes,No already surveyed,,,,,2360,,W,5.0,,Depth,104.0,5/10/2024 14:12,104.0,,,,104.0,,,,,,,,,,O,,,,,,,,Good,,,,,,
1,5/10/2024 14:04,Cruickshank,,"Rw, lm, sm",S5O,CHRL 1,New pokes,No already surveyed,,,,,2360,,W,2.5,,Depth,91.0,5/10/2024 14:12,91.0,,,,91.0,,,,,,,,,,O,,,,,,,,Good,,,,,,
1,5/10/2024 14:04,Cruickshank,,"Rw, lm, sm",S5O,CHRL 1,New pokes,No already surveyed,,,,,2360,,E,10.0,,Density,74.0,5/10/2024 14:12,,4.0,0.0,2650.0,74.0,,,,,,,,,4.0,O,,,290.0,74.0,5.0,25.842,0.349,Good,,,,,,
1,5/10/2024 14:04,Cruickshank,,"Rw, lm, sm",S5O,CHRL 1,New pokes,No already surveyed,,,,,2360,,SE,10.0,,Depth,82.0,5/10/2024 14:13,82.0,,,,82.0,,,,,,,,,,O,,,,,,,,Good,,,,,,
1,5/10/2024 14:04,Cruickshank,,"Rw, lm, sm",S5O,CHRL 1,New pokes,No already surveyed,,,,,2360,,SE,,,Depth,92.0,5/10/2024 14:14,92.0,,,,92.0,,,,,,,,,,O,,,,,,,,Good,,,,,,
1,5/10/2024 14:04,Cruickshank,,"Rw, lm, sm",S5O,CHRL 1,New pokes,No already surveyed,,,,,2360,,SE,5.0,,Depth,69.0,5/10/2024 14:14,69.0,,,,69.0,,,,,,,,,,"O,TW",,,,,,,,Good,,,,,,
1,5/10/2024 14:04,Cruickshank,,"Rw, lm, sm",S5O,CHRL 1,New pokes,No already surveyed,,,,,2360,,SE,2.5,,Depth,110.0,5/10/2024 14:14,110.0,,,,110.0,,,,,,,,,,O,,,,,,,,Good,,,,,,
1,5/10/2024 14:04,Cruickshank,,"Rw, lm, sm",S5O,CHRL 1,New pokes,No already surveyed,,,,,2360,,N,,,Density,83.0,5/10/2024 14:14,,63.0,0.0,2770.0,83.0,no,,,,,,,,63.0,O,,,410.0,83.0,76.0,36.535,0.44,Good,,,,,,
1,5/10/2024 14:04,Cruickshank,,"Rw, lm, sm",S5O,CHRL 1,New pokes,No already surveyed,,,,,2360,,NW,10.0,,Depth,90.0,5/10/2024 14:15,90.0,,,,90.0,,,,,,,,,,O,,,,,,,,Good,,,,,,
1,5/10/2024 14:04,Cruickshank,,"Rw, lm, sm",S5O,CHRL 1,New pokes,No already surveyed,,,,,2360,,NW,7.5,,Depth,116.0,5/10/2024 14:16,116.0,,,,116.0,,,,,,,,,,O,,,,,,,,Good,,,,,,
1,5/10/2024 14:04,Cruickshank,,"Rw, lm, sm",S5O,CHRL 1,New pokes,No already surveyed,,,,,2360,,NW,5.0,,Depth,96.0,5/10/2024 14:16,96.0,,,,96.0,,,,,,,,,,O,,,,,,,,Good,,,,,,
1,5/10/2024 14:04,Cruickshank,,"Rw, lm, sm",S5O,CHRL 1,New pokes,No already surveyed,,,,,2360,,NW,2.5,,Depth,97.0,5/10/2024 14:16,97.0,,,,97.0,,,,,,,,,,O,,,,,,,,Good,,,,,,
1,5/10/2024 14:04,Cruickshank,,"Rw, lm, sm",S5O,CHRL 1,New pokes,No already surveyed,,,,,540,,W,10.0,,Density,39.0,5/10/2024 14:24,39.0,34.0,0.0,760.0,78.0,no,,,,,,,,34.0,O,Stump,,220.0,39.0,87.0,19.604,0.503,Good,"Tare weight redone so we could use one tube

Tare weight 540 kg",,,,,
1,5/10/2024 14:04,Cruickshank,,"Rw, lm, sm",S5O,CHRL 1,New pokes,No already surveyed,,,,,2360,,NE,10.0,,Depth,95.0,5/10/2024 14:18,95.0,,,,95.0,,,,,,,,,,O,,,,,,,,Good,,,,,,
1,5/10/2024 14:04,Cruickshank,,"Rw, lm, sm",S5O,CHRL 1,New pokes,No already surveyed,,,,,2360,,NE,7.5,,Depth,32.0,5/10/2024 14:18,32.0,,,,32.0,,,,,,,,,,O,,,,,,,,Good,,,,,,
1,5/10/2024 14:04,Cruickshank,,"Rw, lm, sm",S5O,CHRL 1,New pokes,No already surveyed,,,,,2360,,NE,5.0,,Depth,66.0,5/10/2024 14:18,66.0,,,,66.0,,,,,,,,,,O,,,,,,,,Good,,,,,,
1,5/10/2024 14:04,Cruickshank,,"Rw, lm, sm",S5O,CHRL 1,New pokes,No already surveyed,,,,,2360,,NE,2.5,,Depth,95.0,5/10/2024 14:18,95.0,,,,95.0,,,,,,,,,,O,,,,,,,,Good,,,,,,
1,5/10/2024 14:04,Cruickshank,,"Rw, lm, sm",S5O,CHRL 1,New pokes,No already surveyed,,,,,2360,,SW,10.0,,Depth,,,,,,,0.0,,,,,,,,,,O,,,,,,,,Good,,,,,,
1,5/10/2024 14:04,Cruickshank,,"Rw, lm, sm",S5O,CHRL 1,New pokes,No already surveyed,,,,,2360,,SW,7.5,,Depth,0.0,5/10/2024 14:20,0.0,,,,0.0,,,,,,,,,,O,,,,,,,,Good,,,,,,
1,5/10/2024 14:04,Cruickshank,,"Rw, lm, sm",S5O,CHRL 1,New pokes,No already surveyed,,,,,2360,,SW,5.0,,Depth,70.0,5/10/2024 14:20,70.0,,,,70.0,,,,,,,,,,O,,,,,,,,Good,,,,,,
1,5/10/2024 14:04,Cruickshank,,"Rw, lm, sm",S5O,CHRL 1,New pokes,No already surveyed,,,,,2360,,SW,2.5,,Depth,103.0,5/10/2024 14:20,103.0,,,,103.0,,,,,,,,,,O,,,,,,,,Good,,,,,,
