aco_flight_number,plot_datetime,study_area,other_study_area,users,plot_id,tube_name,pre_survey_notes,gnss_unit,gnss_setup,other_gnss_setup,gnss_status,rover_height,tare_weight_g,plot_type,cardinal,distance_m,custom_distance,sample_type,depth_cm,depth_timestamp,depth_final_cm,core_length_cm,plug_cm,mass_tube_g,snow_depth,multi_core,multi_part_core_num,multi_core_num_copy,depth_cm_new,depth_cm_timestamp_new,core_section_length_cm,plug_cm_copy,mass_tube_g_new,core_length_final,plot_features,core_features,depth_of_saturation,mass_final_g,depth_max,retrieval,swe_cm,density,sample_rating,notes,snow_pit_distance_from_centre,snow_pit_depth_above_ground,snow_pit_temperature,snow_pit_density,survey_end,2023_Final_ID,Alternate_ID,Northing_m,Easting_m,Orthoetric_Height,Latitude_dd,Longitude_dd,Ellipsoid_Height_m,"Processing_Method (RTK PPK, PPP)",Datum,Geoid_Model,Equipment_Used,Date_Surveyed,Notes
1,4/5/2024 11:54,Englishman,,Ak bf sm,C3,CHRL 1,,No will survey later,,,,,2890,Cardinal 10 m,W,10.0,,Depth,47.0,4/5/2024 11:59,47.0,,,,47.0,,,,,,,,,,E,,,,,,,,Good,,,,,,4/5/2024 12:23,,,5451854.165,386112.734,1413.471,"49∞12'32.00294""","-124∞33'49.09341""",1413.426,RTK Float,WGS84,CGVD_2013,Stonex,3/14/2023 12:52,
1,4/5/2024 11:54,Englishman,,Ak bf sm,C3,CHRL 1,,No will survey later,,,,,2890,Cardinal 10 m,W,7.5,,Depth,51.0,4/5/2024 11:59,51.0,,,,51.0,,,,,,,,,,U,,,,,,,,Good,,,,,,4/5/2024 12:23,,,5451854.165,386112.734,1413.471,"49∞12'32.00294""","-124∞33'49.09341""",1413.426,RTK Float,WGS84,CGVD_2013,Stonex,3/14/2023 12:52,
1,4/5/2024 11:54,Englishman,,Ak bf sm,C3,CHRL 1,,No will survey later,,,,,2890,Cardinal 10 m,W,5.0,,Depth,70.0,4/5/2024 11:59,70.0,,,,70.0,,,,,,,,,,E,,,,,,,,Good,,,,,,4/5/2024 12:23,,,5451854.165,386112.734,1413.471,"49∞12'32.00294""","-124∞33'49.09341""",1413.426,RTK Float,WGS84,CGVD_2013,Stonex,3/14/2023 12:52,
1,4/5/2024 11:54,Englishman,,Ak bf sm,C3,CHRL 1,,No will survey later,,,,,2890,Cardinal 10 m,W,2.5,,Depth,75.0,4/5/2024 12:00,75.0,,,,75.0,,,,,,,,,,E,,,,,,,,Good,,,,,,4/5/2024 12:23,,,5451854.165,386112.734,1413.471,"49∞12'32.00294""","-124∞33'49.09341""",1413.426,RTK Float,WGS84,CGVD_2013,Stonex,3/14/2023 12:52,
1,4/5/2024 11:54,Englishman,,Ak bf sm,C3,CHRL 1,,No will survey later,,,,,2890,Cardinal 10 m,W,10.0,,Density,45.0,4/5/2024 12:01,,40.0,0.0,3050.0,45.0,no,,,,,,,,40.0,E,,,160.0,45.0,89.0,14.258,0.317,Good,,,,,,4/5/2024 12:23,,,5451854.165,386112.734,1413.471,"49∞12'32.00294""","-124∞33'49.09341""",1413.426,RTK Float,WGS84,CGVD_2013,Stonex,3/14/2023 12:52,
1,4/5/2024 11:54,Englishman,,Ak bf sm,C3,CHRL 1,,No will survey later,,,,,2890,Cardinal 10 m,Centre,,,Depth,102.0,4/5/2024 12:02,102.0,,,,102.0,,,,,,,,,,U,,,,,,,,Good,,,,,,4/5/2024 12:23,,,5451854.165,386112.734,1413.471,"49∞12'32.00294""","-124∞33'49.09341""",1413.426,RTK Float,WGS84,CGVD_2013,Stonex,3/14/2023 12:52,
1,4/5/2024 11:54,Englishman,,Ak bf sm,C3,CHRL 1,,No will survey later,,,,,2890,Cardinal 10 m,E,10.0,,Depth,102.0,4/5/2024 12:03,102.0,,,,102.0,,,,,,,,,,O,,,,,,,,Good,,,,,,4/5/2024 12:23,,,5451854.165,386112.734,1413.471,"49∞12'32.00294""","-124∞33'49.09341""",1413.426,RTK Float,WGS84,CGVD_2013,Stonex,3/14/2023 12:52,
1,4/5/2024 11:54,Englishman,,Ak bf sm,C3,CHRL 1,,No will survey later,,,,,2890,Cardinal 10 m,E,7.5,,Depth,100.0,4/5/2024 12:04,100.0,,,,100.0,,,,,,,,,,O,,,,,,,,Good,,,,,,4/5/2024 12:23,,,5451854.165,386112.734,1413.471,"49∞12'32.00294""","-124∞33'49.09341""",1413.426,RTK Float,WGS84,CGVD_2013,Stonex,3/14/2023 12:52,
1,4/5/2024 11:54,Englishman,,Ak bf sm,C3,CHRL 1,,No will survey later,,,,,2890,Cardinal 10 m,E,5.0,,Depth,75.0,4/5/2024 12:04,75.0,,,,75.0,,,,,,,,,,O,,,,,,,,Good,,,,,,4/5/2024 12:23,,,5451854.165,386112.734,1413.471,"49∞12'32.00294""","-124∞33'49.09341""",1413.426,RTK Float,WGS84,CGVD_2013,Stonex,3/14/2023 12:52,
1,4/5/2024 11:54,Englishman,,Ak bf sm,C3,CHRL 1,,No will survey later,,,,,2890,Cardinal 10 m,E,2.5,,Depth,41.0,4/5/2024 12:04,41.0,,,,41.0,,,,,,,,,,U,,,,,,,,Good,,,,,,4/5/2024 12:23,,,5451854.165,386112.734,1413.471,"49∞12'32.00294""","-124∞33'49.09341""",1413.426,RTK Float,WGS84,CGVD_2013,Stonex,3/14/2023 12:52,
1,4/5/2024 11:54,Englishman,,Ak bf sm,C3,CHRL 1,,No will survey later,,,,,2890,Cardinal 10 m,N,10.0,,Density,53.0,4/5/2024 12:07,,51.0,0.0,3130.0,53.0,no,,,,,,,,51.0,U,,,240.0,53.0,96.0,21.386,0.404,Good,50 cm past 10 min mark,,,,,4/5/2024 12:23,,,5451854.165,386112.734,1413.471,"49∞12'32.00294""","-124∞33'49.09341""",1413.426,RTK Float,WGS84,CGVD_2013,Stonex,3/14/2023 12:52,
1,4/5/2024 11:54,Englishman,,Ak bf sm,C3,CHRL 1,,No will survey later,,,,,2890,Cardinal 10 m,N,10.0,,Depth,,,,,,,0.0,,,,,,,,,,O,,,,,,,,Good,,,,,,4/5/2024 12:23,,,5451854.165,386112.734,1413.471,"49∞12'32.00294""","-124∞33'49.09341""",1413.426,RTK Float,WGS84,CGVD_2013,Stonex,3/14/2023 12:52,
1,4/5/2024 11:54,Englishman,,Ak bf sm,C3,CHRL 1,,No will survey later,,,,,2890,Cardinal 10 m,S,10.0,,Depth,146.0,4/5/2024 12:07,146.0,,,,146.0,,,,,,,,,,O,,,,,,,,Good,,,,,,4/5/2024 12:23,,,5451854.165,386112.734,1413.471,"49∞12'32.00294""","-124∞33'49.09341""",1413.426,RTK Float,WGS84,CGVD_2013,Stonex,3/14/2023 12:52,
1,4/5/2024 11:54,Englishman,,Ak bf sm,C3,CHRL 1,,No will survey later,,,,,2890,Cardinal 10 m,S,7.5,,Depth,65.0,4/5/2024 12:07,65.0,,,,65.0,,,,,,,,,,"U,TW",,,,,,,,Good,,,,,,4/5/2024 12:23,,,5451854.165,386112.734,1413.471,"49∞12'32.00294""","-124∞33'49.09341""",1413.426,RTK Float,WGS84,CGVD_2013,Stonex,3/14/2023 12:52,
1,4/5/2024 11:54,Englishman,,Ak bf sm,C3,CHRL 1,,No will survey later,,,,,2890,Cardinal 10 m,S,5.0,,Depth,32.0,4/5/2024 12:08,32.0,,,,32.0,,,,,,,,,,U,,,,,,,,Good,,,,,,4/5/2024 12:23,,,5451854.165,386112.734,1413.471,"49∞12'32.00294""","-124∞33'49.09341""",1413.426,RTK Float,WGS84,CGVD_2013,Stonex,3/14/2023 12:52,
1,4/5/2024 11:54,Englishman,,Ak bf sm,C3,CHRL 1,,No will survey later,,,,,2890,Cardinal 10 m,S,2.5,,Depth,30.0,4/5/2024 12:09,30.0,,,,30.0,,,,,,,,,,U,,,,,,,,Good,,,,,,4/5/2024 12:23,,,5451854.165,386112.734,1413.471,"49∞12'32.00294""","-124∞33'49.09341""",1413.426,RTK Float,WGS84,CGVD_2013,Stonex,3/14/2023 12:52,
1,4/5/2024 11:54,Englishman,,Ak bf sm,C3,CHRL 1,,No will survey later,,,,,2890,Cardinal 10 m,E,10.0,,Density,103.0,4/5/2024 12:10,,91.0,0.0,3330.0,103.0,no,,,,,,,,91.0,O,,,440.0,103.0,88.0,39.208,0.381,Good,,,,,,4/5/2024 12:23,,,5451854.165,386112.734,1413.471,"49∞12'32.00294""","-124∞33'49.09341""",1413.426,RTK Float,WGS84,CGVD_2013,Stonex,3/14/2023 12:52,
1,4/5/2024 11:54,Englishman,,Ak bf sm,C3,CHRL 1,,No will survey later,,,,,2890,Cardinal 10 m,S,10.0,,Density,165.0,4/5/2024 12:12,,151.0,0.0,3720.0,165.0,,,,,,,,,151.0,O,,,830.0,165.0,92.0,73.961,0.448,Good,,,,,,4/5/2024 12:23,,,5451854.165,386112.734,1413.471,"49∞12'32.00294""","-124∞33'49.09341""",1413.426,RTK Float,WGS84,CGVD_2013,Stonex,3/14/2023 12:52,
1,4/5/2024 11:54,Englishman,,Ak bf sm,C3,CHRL 1,,No will survey later,,,,,2890,Cardinal 10 m,N,10.0,,Depth,53.0,4/5/2024 12:12,53.0,,,,53.0,,,,,,,,,,U,,,,,,,,Good,,,,,,4/5/2024 12:23,,,5451854.165,386112.734,1413.471,"49∞12'32.00294""","-124∞33'49.09341""",1413.426,RTK Float,WGS84,CGVD_2013,Stonex,3/14/2023 12:52,
1,4/5/2024 11:54,Englishman,,Ak bf sm,C3,CHRL 1,,No will survey later,,,,,2890,Cardinal 10 m,N,7.5,,Depth,65.0,4/5/2024 12:13,65.0,,,,65.0,,,,,,,,,,U,,,,,,,,Good,,,,,,4/5/2024 12:23,,,5451854.165,386112.734,1413.471,"49∞12'32.00294""","-124∞33'49.09341""",1413.426,RTK Float,WGS84,CGVD_2013,Stonex,3/14/2023 12:52,
1,4/5/2024 11:54,Englishman,,Ak bf sm,C3,CHRL 1,,No will survey later,,,,,2890,Cardinal 10 m,N,5.0,,Depth,94.0,4/5/2024 12:13,94.0,,,,94.0,,,,,,,,,,E,,,,,,,,Good,,,,,,4/5/2024 12:23,,,5451854.165,386112.734,1413.471,"49∞12'32.00294""","-124∞33'49.09341""",1413.426,RTK Float,WGS84,CGVD_2013,Stonex,3/14/2023 12:52,
1,4/5/2024 11:54,Englishman,,Ak bf sm,C3,CHRL 1,,No will survey later,,,,,2890,Cardinal 10 m,N,2.5,,Depth,112.0,4/5/2024 12:13,112.0,,,,112.0,,,,,,,,,,U,,,,,,,,Good,,,,,,4/5/2024 12:23,,,5451854.165,386112.734,1413.471,"49∞12'32.00294""","-124∞33'49.09341""",1413.426,RTK Float,WGS84,CGVD_2013,Stonex,3/14/2023 12:52,
1,4/5/2024 11:54,Englishman,,Ak bf sm,C3,CHRL 1,,No will survey later,,,,,2890,Cardinal 10 m,NW,10.0,,Depth,140.0,4/5/2024 12:14,140.0,,,,140.0,,,,,,,,,,E,,,,,,,,Good,,,,,,4/5/2024 12:23,,,5451854.165,386112.734,1413.471,"49∞12'32.00294""","-124∞33'49.09341""",1413.426,RTK Float,WGS84,CGVD_2013,Stonex,3/14/2023 12:52,
1,4/5/2024 11:54,Englishman,,Ak bf sm,C3,CHRL 1,,No will survey later,,,,,2890,Cardinal 10 m,NW,7.5,,Depth,121.0,4/5/2024 12:14,121.0,,,,121.0,,,,,,,,,,O,,,,,,,,Good,,,,,,4/5/2024 12:23,,,5451854.165,386112.734,1413.471,"49∞12'32.00294""","-124∞33'49.09341""",1413.426,RTK Float,WGS84,CGVD_2013,Stonex,3/14/2023 12:52,
1,4/5/2024 11:54,Englishman,,Ak bf sm,C3,CHRL 1,,No will survey later,,,,,2890,Cardinal 10 m,NW,5.0,,Depth,87.0,4/5/2024 12:15,87.0,,,,87.0,,,,,,,,,,E,,,,,,,,Good,,,,,,4/5/2024 12:23,,,5451854.165,386112.734,1413.471,"49∞12'32.00294""","-124∞33'49.09341""",1413.426,RTK Float,WGS84,CGVD_2013,Stonex,3/14/2023 12:52,
1,4/5/2024 11:54,Englishman,,Ak bf sm,C3,CHRL 1,,No will survey later,,,,,2890,Cardinal 10 m,NW,2.5,,Depth,108.0,4/5/2024 12:16,108.0,,,,108.0,,,,,,,,,,E,,,,,,,,Good,,,,,,4/5/2024 12:23,,,5451854.165,386112.734,1413.471,"49∞12'32.00294""","-124∞33'49.09341""",1413.426,RTK Float,WGS84,CGVD_2013,Stonex,3/14/2023 12:52,
1,4/5/2024 11:54,Englishman,,Ak bf sm,C3,CHRL 1,,No will survey later,,,,,2890,Cardinal 10 m,Centre,,,Density,110.0,4/5/2024 12:15,,109.0,0.0,3340.0,110.0,no,,,,,,,,109.0,E,,,450.0,110.0,99.0,40.1,0.365,Good,,,,,,4/5/2024 12:23,,,5451854.165,386112.734,1413.471,"49∞12'32.00294""","-124∞33'49.09341""",1413.426,RTK Float,WGS84,CGVD_2013,Stonex,3/14/2023 12:52,
1,4/5/2024 11:54,Englishman,,Ak bf sm,C3,CHRL 1,,No will survey later,,,,,2890,Cardinal 10 m,SE,10.0,,Depth,121.0,4/5/2024 12:17,121.0,,,,121.0,,,,,,,,,,O,,,,,,,,Good,,,,,,4/5/2024 12:23,,,5451854.165,386112.734,1413.471,"49∞12'32.00294""","-124∞33'49.09341""",1413.426,RTK Float,WGS84,CGVD_2013,Stonex,3/14/2023 12:52,
1,4/5/2024 11:54,Englishman,,Ak bf sm,C3,CHRL 1,,No will survey later,,,,,2890,Cardinal 10 m,SE,7.5,,Depth,41.0,4/5/2024 12:18,41.0,,,,41.0,,,,,,,,,,O,,,,,,,,Good,,,,,,4/5/2024 12:23,,,5451854.165,386112.734,1413.471,"49∞12'32.00294""","-124∞33'49.09341""",1413.426,RTK Float,WGS84,CGVD_2013,Stonex,3/14/2023 12:52,
1,4/5/2024 11:54,Englishman,,Ak bf sm,C3,CHRL 1,,No will survey later,,,,,2890,Cardinal 10 m,SE,5.0,,Depth,29.0,4/5/2024 12:18,29.0,,,,29.0,,,,,,,,,,U,,,,,,,,Good,,,,,,4/5/2024 12:23,,,5451854.165,386112.734,1413.471,"49∞12'32.00294""","-124∞33'49.09341""",1413.426,RTK Float,WGS84,CGVD_2013,Stonex,3/14/2023 12:52,
1,4/5/2024 11:54,Englishman,,Ak bf sm,C3,CHRL 1,,No will survey later,,,,,2890,Cardinal 10 m,SE,2.5,,Depth,40.0,4/5/2024 12:19,40.0,,,,40.0,,,,,,,,,,U,,,,,,,,Good,,,,,,4/5/2024 12:23,,,5451854.165,386112.734,1413.471,"49∞12'32.00294""","-124∞33'49.09341""",1413.426,RTK Float,WGS84,CGVD_2013,Stonex,3/14/2023 12:52,
1,4/5/2024 11:54,Englishman,,Ak bf sm,C3,CHRL 1,,No will survey later,,,,,2890,Cardinal 10 m,NE,10.0,,Depth,118.0,4/5/2024 12:20,118.0,,,,118.0,,,,,,,,,,"U,TW",,,,,,,,Good,,,,,,4/5/2024 12:23,,,5451854.165,386112.734,1413.471,"49∞12'32.00294""","-124∞33'49.09341""",1413.426,RTK Float,WGS84,CGVD_2013,Stonex,3/14/2023 12:52,
1,4/5/2024 11:54,Englishman,,Ak bf sm,C3,CHRL 1,,No will survey later,,,,,2890,Cardinal 10 m,NE,7.5,,Depth,119.0,4/5/2024 12:21,119.0,,,,119.0,,,,,,,,,,O,,,,,,,,Good,,,,,,4/5/2024 12:23,,,5451854.165,386112.734,1413.471,"49∞12'32.00294""","-124∞33'49.09341""",1413.426,RTK Float,WGS84,CGVD_2013,Stonex,3/14/2023 12:52,
1,4/5/2024 11:54,Englishman,,Ak bf sm,C3,CHRL 1,,No will survey later,,,,,2890,Cardinal 10 m,NE,5.0,,Depth,92.0,4/5/2024 12:21,92.0,,,,92.0,,,,,,,,,,E,,,,,,,,Good,,,,,,4/5/2024 12:23,,,5451854.165,386112.734,1413.471,"49∞12'32.00294""","-124∞33'49.09341""",1413.426,RTK Float,WGS84,CGVD_2013,Stonex,3/14/2023 12:52,
1,4/5/2024 11:54,Englishman,,Ak bf sm,C3,CHRL 1,,No will survey later,,,,,2890,Cardinal 10 m,NE,2.5,,Depth,71.0,4/5/2024 12:21,71.0,,,,71.0,,,,,,,,,,U,,,,,,,,Good,,,,,,4/5/2024 12:23,,,5451854.165,386112.734,1413.471,"49∞12'32.00294""","-124∞33'49.09341""",1413.426,RTK Float,WGS84,CGVD_2013,Stonex,3/14/2023 12:52,
1,4/5/2024 11:54,Englishman,,Ak bf sm,C3,CHRL 1,,No will survey later,,,,,2890,Cardinal 10 m,SW,10.0,,Depth,98.0,4/5/2024 12:22,98.0,,,,98.0,,,,,,,,,,O,,,,,,,,Good,,,,,,4/5/2024 12:23,,,5451854.165,386112.734,1413.471,"49∞12'32.00294""","-124∞33'49.09341""",1413.426,RTK Float,WGS84,CGVD_2013,Stonex,3/14/2023 12:52,
1,4/5/2024 11:54,Englishman,,Ak bf sm,C3,CHRL 1,,No will survey later,,,,,2890,Cardinal 10 m,SW,7.5,,Depth,31.0,4/5/2024 12:22,31.0,,,,31.0,,,,,,,,,,E,,,,,,,,Good,,,,,,4/5/2024 12:23,,,5451854.165,386112.734,1413.471,"49∞12'32.00294""","-124∞33'49.09341""",1413.426,RTK Float,WGS84,CGVD_2013,Stonex,3/14/2023 12:52,
1,4/5/2024 11:54,Englishman,,Ak bf sm,C3,CHRL 1,,No will survey later,,,,,2890,Cardinal 10 m,SW,5.0,,Depth,68.0,4/5/2024 12:23,68.0,,,,68.0,,,,,,,,,,E,,,,,,,,Good,,,,,,4/5/2024 12:23,,,5451854.165,386112.734,1413.471,"49∞12'32.00294""","-124∞33'49.09341""",1413.426,RTK Float,WGS84,CGVD_2013,Stonex,3/14/2023 12:52,
1,4/5/2024 11:54,Englishman,,Ak bf sm,C3,CHRL 1,,No will survey later,,,,,2890,Cardinal 10 m,SW,2.5,,Depth,68.0,4/5/2024 12:23,68.0,,,,68.0,,,,,,,,,,U,,,,,,,,Good,,,,,,4/5/2024 12:23,,,5451854.165,386112.734,1413.471,"49∞12'32.00294""","-124∞33'49.09341""",1413.426,RTK Float,WGS84,CGVD_2013,Stonex,3/14/2023 12:52,
1,4/5/2024 9:29,Englishman,,Ak bf sm,E1A,CHRL 1,,,,,,,2890,Cardinal 10 m,E,10.0,,Density,205.0,4/5/2024 9:30,,180.0,0.0,3870.0,205.0,,,,,,,,,180.0,O,,,980.0,205.0,88.0,87.328,0.426,Good,,,,,,4/5/2024 9:42,,,5452078.228,385466.237,1552.371,"49∞12'38.82232""","-124∞34'21.26511""",1552.366,RTK Fixed,WGS84,CGVD_2013,Stonex,3/16/2023 13:37,
1,4/5/2024 9:29,Englishman,,Ak bf sm,E1A,CHRL 1,,,,,,,2890,Cardinal 10 m,S,10.0,,Density,200.0,4/5/2024 9:32,,189.0,0.0,3870.0,200.0,,,,,,,,,189.0,O,,,980.0,200.0,95.0,87.328,0.437,Good,,,,,,4/5/2024 9:42,,,5452078.228,385466.237,1552.371,"49∞12'38.82232""","-124∞34'21.26511""",1552.366,RTK Fixed,WGS84,CGVD_2013,Stonex,3/16/2023 13:37,
1,4/5/2024 9:29,Englishman,,Ak bf sm,E1A,CHRL 1,,,,,,,2890,Cardinal 10 m,NE,10.0,,Depth,188.0,4/5/2024 9:33,188.0,,,,188.0,,,,,,,,,,O,,,,,,,,Good,,,,,,4/5/2024 9:42,,,5452078.228,385466.237,1552.371,"49∞12'38.82232""","-124∞34'21.26511""",1552.366,RTK Fixed,WGS84,CGVD_2013,Stonex,3/16/2023 13:37,
1,4/5/2024 9:29,Englishman,,Ak bf sm,E1A,CHRL 1,,,,,,,2890,Cardinal 10 m,NE,7.5,,Depth,157.0,4/5/2024 9:33,157.0,,,,157.0,,,,,,,,,,O,,,,,,,,Good,,,,,,4/5/2024 9:42,,,5452078.228,385466.237,1552.371,"49∞12'38.82232""","-124∞34'21.26511""",1552.366,RTK Fixed,WGS84,CGVD_2013,Stonex,3/16/2023 13:37,
1,4/5/2024 9:29,Englishman,,Ak bf sm,E1A,CHRL 1,,,,,,,2890,Cardinal 10 m,NE,5.0,,Depth,174.0,4/5/2024 9:34,174.0,,,,174.0,,,,,,,,,,O,,,,,,,,Good,,,,,,4/5/2024 9:42,,,5452078.228,385466.237,1552.371,"49∞12'38.82232""","-124∞34'21.26511""",1552.366,RTK Fixed,WGS84,CGVD_2013,Stonex,3/16/2023 13:37,
1,4/5/2024 9:29,Englishman,,Ak bf sm,E1A,CHRL 1,,,,,,,2890,Cardinal 10 m,NE,2.5,,Depth,163.0,4/5/2024 9:34,163.0,,,,163.0,,,,,,,,,,O,,,,,,,,Good,,,,,,4/5/2024 9:42,,,5452078.228,385466.237,1552.371,"49∞12'38.82232""","-124∞34'21.26511""",1552.366,RTK Fixed,WGS84,CGVD_2013,Stonex,3/16/2023 13:37,
1,4/5/2024 9:29,Englishman,,Ak bf sm,E1A,CHRL 1,,,,,,,2890,Cardinal 10 m,W,10.0,,Density,192.0,4/5/2024 9:34,,185.0,0.0,3730.0,192.0,no,,,,,,,,185.0,O,,,840.0,192.0,96.0,74.852,0.39,Good,,,,,,4/5/2024 9:42,,,5452078.228,385466.237,1552.371,"49∞12'38.82232""","-124∞34'21.26511""",1552.366,RTK Fixed,WGS84,CGVD_2013,Stonex,3/16/2023 13:37,
1,4/5/2024 9:29,Englishman,,Ak bf sm,E1A,CHRL 1,,,,,,,2890,Cardinal 10 m,SW,10.0,,Depth,206.0,4/5/2024 9:35,206.0,,,,206.0,,,,,,,,,,O,,,,,,,,Good,,,,,,4/5/2024 9:42,,,5452078.228,385466.237,1552.371,"49∞12'38.82232""","-124∞34'21.26511""",1552.366,RTK Fixed,WGS84,CGVD_2013,Stonex,3/16/2023 13:37,
1,4/5/2024 9:29,Englishman,,Ak bf sm,E1A,CHRL 1,,,,,,,2890,Cardinal 10 m,SW,7.5,,Depth,224.0,4/5/2024 9:36,224.0,,,,224.0,,,,,,,,,,O,,,,,,,,Good,,,,,,4/5/2024 9:42,,,5452078.228,385466.237,1552.371,"49∞12'38.82232""","-124∞34'21.26511""",1552.366,RTK Fixed,WGS84,CGVD_2013,Stonex,3/16/2023 13:37,
1,4/5/2024 9:29,Englishman,,Ak bf sm,E1A,CHRL 1,,,,,,,2890,Cardinal 10 m,SW,5.0,,Depth,200.0,4/5/2024 9:37,200.0,,,,200.0,,,,,,,,,,O,,,,,,,,Good,,,,,,4/5/2024 9:42,,,5452078.228,385466.237,1552.371,"49∞12'38.82232""","-124∞34'21.26511""",1552.366,RTK Fixed,WGS84,CGVD_2013,Stonex,3/16/2023 13:37,
1,4/5/2024 9:29,Englishman,,Ak bf sm,E1A,CHRL 1,,,,,,,2890,Cardinal 10 m,SW,2.5,,Depth,249.0,4/5/2024 9:37,249.0,,,,249.0,,,,,,,,,,O,,,,,,,,Good,,,,,,4/5/2024 9:42,,,5452078.228,385466.237,1552.371,"49∞12'38.82232""","-124∞34'21.26511""",1552.366,RTK Fixed,WGS84,CGVD_2013,Stonex,3/16/2023 13:37,
1,4/5/2024 9:29,Englishman,,Ak bf sm,E1A,CHRL 1,,,,,,,2890,Cardinal 10 m,Centre,,,Density,215.0,4/5/2024 9:38,,189.0,0.0,3970.0,215.0,,,,,,,,,189.0,O,,,1080.0,215.0,88.0,96.239,0.448,Excellent,,,,,,4/5/2024 9:42,,,5452078.228,385466.237,1552.371,"49∞12'38.82232""","-124∞34'21.26511""",1552.366,RTK Fixed,WGS84,CGVD_2013,Stonex,3/16/2023 13:37,
1,4/5/2024 9:29,Englishman,,Ak bf sm,E1A,CHRL 1,,,,,,,2890,Cardinal 10 m,N,10.0,,Density,145.0,4/5/2024 9:36,,120.0,0.0,3520.0,145.0,no,,,,,,,,120.0,O,,,630.0,145.0,83.0,56.139,0.387,Good,40 cm fresh snow,,,,,4/5/2024 9:42,,,5452078.228,385466.237,1552.371,"49∞12'38.82232""","-124∞34'21.26511""",1552.366,RTK Fixed,WGS84,CGVD_2013,Stonex,3/16/2023 13:37,
1,4/5/2024 9:29,Englishman,,Ak bf sm,E1A,CHRL 1,,,,,,,2890,Cardinal 10 m,SE,10.0,,Depth,181.0,4/5/2024 9:39,181.0,,,,181.0,,,,,,,,,,O,,,,,,,,Good,,,,,,4/5/2024 9:42,,,5452078.228,385466.237,1552.371,"49∞12'38.82232""","-124∞34'21.26511""",1552.366,RTK Fixed,WGS84,CGVD_2013,Stonex,3/16/2023 13:37,
1,4/5/2024 9:29,Englishman,,Ak bf sm,E1A,CHRL 1,,,,,,,2890,Cardinal 10 m,SE,7.5,,Depth,226.0,4/5/2024 9:39,226.0,,,,226.0,,,,,,,,,,O,,,,,,,,Good,,,,,,4/5/2024 9:42,,,5452078.228,385466.237,1552.371,"49∞12'38.82232""","-124∞34'21.26511""",1552.366,RTK Fixed,WGS84,CGVD_2013,Stonex,3/16/2023 13:37,
1,4/5/2024 9:29,Englishman,,Ak bf sm,E1A,CHRL 1,,,,,,,2890,Cardinal 10 m,SE,5.0,,Depth,202.0,4/5/2024 9:40,202.0,,,,202.0,,,,,,,,,,O,,,,,,,,Good,,,,,,4/5/2024 9:42,,,5452078.228,385466.237,1552.371,"49∞12'38.82232""","-124∞34'21.26511""",1552.366,RTK Fixed,WGS84,CGVD_2013,Stonex,3/16/2023 13:37,
1,4/5/2024 9:29,Englishman,,Ak bf sm,E1A,CHRL 1,,,,,,,2890,Cardinal 10 m,NW,10.0,,Depth,182.0,4/5/2024 9:41,182.0,,,,182.0,,,,,,,,,,O,,,,,,,,Good,,,,,,4/5/2024 9:42,,,5452078.228,385466.237,1552.371,"49∞12'38.82232""","-124∞34'21.26511""",1552.366,RTK Fixed,WGS84,CGVD_2013,Stonex,3/16/2023 13:37,
1,4/5/2024 9:29,Englishman,,Ak bf sm,E1A,CHRL 1,,,,,,,2890,Cardinal 10 m,NW,7.5,,Depth,215.0,4/5/2024 9:41,215.0,,,,215.0,,,,,,,,,,O,,,,,,,,Good,,,,,,4/5/2024 9:42,,,5452078.228,385466.237,1552.371,"49∞12'38.82232""","-124∞34'21.26511""",1552.366,RTK Fixed,WGS84,CGVD_2013,Stonex,3/16/2023 13:37,
1,4/5/2024 9:29,Englishman,,Ak bf sm,E1A,CHRL 1,,,,,,,2890,Cardinal 10 m,NW,5.0,,Depth,249.0,4/5/2024 9:41,249.0,,,,249.0,,,,,,,,,,O,,,,,,,,Good,,,,,,4/5/2024 9:42,,,5452078.228,385466.237,1552.371,"49∞12'38.82232""","-124∞34'21.26511""",1552.366,RTK Fixed,WGS84,CGVD_2013,Stonex,3/16/2023 13:37,
1,4/5/2024 9:29,Englishman,,Ak bf sm,E1A,CHRL 1,,,,,,,2890,Cardinal 10 m,NW,2.5,,Depth,242.0,4/5/2024 9:42,242.0,,,,242.0,,,,,,,,,,O,,,,,,,,Good,,,,,,4/5/2024 9:42,,,5452078.228,385466.237,1552.371,"49∞12'38.82232""","-124∞34'21.26511""",1552.366,RTK Fixed,WGS84,CGVD_2013,Stonex,3/16/2023 13:37,
1,4/5/2024 9:08,Englishman,,Ak bf sm,E1A,CHRL 1,,No already surveyed,,,,,2890,Cardinal 10 m,Centre,,,Depth,202.0,4/5/2024 9:18,202.0,,,,202.0,,,,,,,,,,O,,,,,,,,Good,,,,,,4/5/2024 9:43,,,5452078.228,385466.237,1552.371,"49∞12'38.82232""","-124∞34'21.26511""",1552.366,RTK Fixed,WGS84,CGVD_2013,Stonex,3/16/2023 13:37,
1,4/5/2024 9:08,Englishman,,Ak bf sm,E1A,CHRL 1,,No already surveyed,,,,,2890,Cardinal 10 m,S,10.0,,Depth,214.0,4/5/2024 9:18,214.0,,,,214.0,,,,,,,,,,O,,,,,,,,Good,,,,,,4/5/2024 9:43,,,5452078.228,385466.237,1552.371,"49∞12'38.82232""","-124∞34'21.26511""",1552.366,RTK Fixed,WGS84,CGVD_2013,Stonex,3/16/2023 13:37,
1,4/5/2024 9:08,Englishman,,Ak bf sm,E1A,CHRL 1,,No already surveyed,,,,,2890,Cardinal 10 m,S,7.5,,Depth,194.0,4/5/2024 9:18,194.0,,,,194.0,,,,,,,,,,O,,,,,,,,Good,,,,,,4/5/2024 9:43,,,5452078.228,385466.237,1552.371,"49∞12'38.82232""","-124∞34'21.26511""",1552.366,RTK Fixed,WGS84,CGVD_2013,Stonex,3/16/2023 13:37,
1,4/5/2024 9:08,Englishman,,Ak bf sm,E1A,CHRL 1,,No already surveyed,,,,,2890,Cardinal 10 m,S,5.0,,Depth,155.0,4/5/2024 9:19,155.0,,,,155.0,,,,,,,,,,O,,,,,,,,Good,,,,,,4/5/2024 9:43,,,5452078.228,385466.237,1552.371,"49∞12'38.82232""","-124∞34'21.26511""",1552.366,RTK Fixed,WGS84,CGVD_2013,Stonex,3/16/2023 13:37,
1,4/5/2024 9:08,Englishman,,Ak bf sm,E1A,CHRL 1,,No already surveyed,,,,,2890,Cardinal 10 m,S,2.5,,Depth,167.0,4/5/2024 9:19,167.0,,,,167.0,,,,,,,,,,O,,,,,,,,Good,,,,,,4/5/2024 9:43,,,5452078.228,385466.237,1552.371,"49∞12'38.82232""","-124∞34'21.26511""",1552.366,RTK Fixed,WGS84,CGVD_2013,Stonex,3/16/2023 13:37,
1,4/5/2024 9:08,Englishman,,Ak bf sm,E1A,CHRL 1,,No already surveyed,,,,,2890,Cardinal 10 m,N,2.5,,Depth,234.0,4/5/2024 9:20,234.0,,,,234.0,,,,,,,,,,O,,,,,,,,Good,,,,,,4/5/2024 9:43,,,5452078.228,385466.237,1552.371,"49∞12'38.82232""","-124∞34'21.26511""",1552.366,RTK Fixed,WGS84,CGVD_2013,Stonex,3/16/2023 13:37,
1,4/5/2024 9:08,Englishman,,Ak bf sm,E1A,CHRL 1,,No already surveyed,,,,,2890,Cardinal 10 m,N,5.0,,Depth,232.0,4/5/2024 9:20,232.0,,,,232.0,,,,,,,,,,O,,,,,,,,Good,,,,,,4/5/2024 9:43,,,5452078.228,385466.237,1552.371,"49∞12'38.82232""","-124∞34'21.26511""",1552.366,RTK Fixed,WGS84,CGVD_2013,Stonex,3/16/2023 13:37,
1,4/5/2024 9:08,Englishman,,Ak bf sm,E1A,CHRL 1,,No already surveyed,,,,,2890,Cardinal 10 m,N,7.5,,Depth,208.0,4/5/2024 9:20,208.0,,,,208.0,,,,,,,,,,O,,,,,,,,Good,,,,,,4/5/2024 9:43,,,5452078.228,385466.237,1552.371,"49∞12'38.82232""","-124∞34'21.26511""",1552.366,RTK Fixed,WGS84,CGVD_2013,Stonex,3/16/2023 13:37,
1,4/5/2024 9:08,Englishman,,Ak bf sm,E1A,CHRL 1,,No already surveyed,,,,,2890,Cardinal 10 m,N,10.0,,Depth,130.0,4/5/2024 9:21,130.0,,,,130.0,,,,,,,,,,O,,,,,,,,Good,,,,,,4/5/2024 9:43,,,5452078.228,385466.237,1552.371,"49∞12'38.82232""","-124∞34'21.26511""",1552.366,RTK Fixed,WGS84,CGVD_2013,Stonex,3/16/2023 13:37,
1,4/5/2024 9:08,Englishman,,Ak bf sm,E1A,CHRL 1,,No already surveyed,,,,,2890,Cardinal 10 m,E,10.0,,Depth,131.0,4/5/2024 9:24,131.0,,,,131.0,,,,,,,,,,O,,,,,,,,Good,,,,,,4/5/2024 9:43,,,5452078.228,385466.237,1552.371,"49∞12'38.82232""","-124∞34'21.26511""",1552.366,RTK Fixed,WGS84,CGVD_2013,Stonex,3/16/2023 13:37,
1,4/5/2024 9:08,Englishman,,Ak bf sm,E1A,CHRL 1,,No already surveyed,,,,,2890,Cardinal 10 m,E,7.5,,Depth,201.0,4/5/2024 9:25,201.0,,,,201.0,,,,,,,,,,O,,,,,,,,Good,,,,,,4/5/2024 9:43,,,5452078.228,385466.237,1552.371,"49∞12'38.82232""","-124∞34'21.26511""",1552.366,RTK Fixed,WGS84,CGVD_2013,Stonex,3/16/2023 13:37,
1,4/5/2024 9:08,Englishman,,Ak bf sm,E1A,CHRL 1,,No already surveyed,,,,,2890,Cardinal 10 m,E,5.0,,Depth,162.0,4/5/2024 9:25,162.0,,,,162.0,,,,,,,,,,O,,,,,,,,Good,,,,,,4/5/2024 9:43,,,5452078.228,385466.237,1552.371,"49∞12'38.82232""","-124∞34'21.26511""",1552.366,RTK Fixed,WGS84,CGVD_2013,Stonex,3/16/2023 13:37,
1,4/5/2024 9:08,Englishman,,Ak bf sm,E1A,CHRL 1,,No already surveyed,,,,,2890,Cardinal 10 m,E,2.5,,Depth,127.0,4/5/2024 9:26,127.0,,,,127.0,,,,,,,,,,O,,,,,,,,Good,,,,,,4/5/2024 9:43,,,5452078.228,385466.237,1552.371,"49∞12'38.82232""","-124∞34'21.26511""",1552.366,RTK Fixed,WGS84,CGVD_2013,Stonex,3/16/2023 13:37,
1,4/5/2024 9:08,Englishman,,Ak bf sm,E1A,CHRL 1,,No already surveyed,,,,,2890,Cardinal 10 m,W,10.0,,Depth,240.0,4/5/2024 9:28,240.0,,,,240.0,,,,,,,,,,O,,,,,,,,Good,,,,,,4/5/2024 9:43,,,5452078.228,385466.237,1552.371,"49∞12'38.82232""","-124∞34'21.26511""",1552.366,RTK Fixed,WGS84,CGVD_2013,Stonex,3/16/2023 13:37,
1,4/5/2024 9:08,Englishman,,Ak bf sm,E1A,CHRL 1,,No already surveyed,,,,,2890,Cardinal 10 m,W,7.5,,Depth,257.0,4/5/2024 9:28,257.0,,,,257.0,,,,,,,,,,O,,,,,,,,Good,,,,,,4/5/2024 9:43,,,5452078.228,385466.237,1552.371,"49∞12'38.82232""","-124∞34'21.26511""",1552.366,RTK Fixed,WGS84,CGVD_2013,Stonex,3/16/2023 13:37,
1,4/5/2024 9:08,Englishman,,Ak bf sm,E1A,CHRL 1,,No already surveyed,,,,,2890,Cardinal 10 m,W,5.0,,Depth,250.0,4/5/2024 9:30,250.0,,,,250.0,,,,,,,,,,O,,,,,,,,Good,,,,,,4/5/2024 9:43,,,5452078.228,385466.237,1552.371,"49∞12'38.82232""","-124∞34'21.26511""",1552.366,RTK Fixed,WGS84,CGVD_2013,Stonex,3/16/2023 13:37,
1,4/5/2024 9:08,Englishman,,Ak bf sm,E1A,CHRL 1,,No already surveyed,,,,,2890,Cardinal 10 m,W,2.5,,Depth,254.0,4/5/2024 9:30,254.0,,,,254.0,,,,,,,,,,O,,,,,,,,Good,,,,,,4/5/2024 9:43,,,5452078.228,385466.237,1552.371,"49∞12'38.82232""","-124∞34'21.26511""",1552.366,RTK Fixed,WGS84,CGVD_2013,Stonex,3/16/2023 13:37,
1,4/5/2024 10:15,Englishman,,Ak bf sm,E2A,CHRL 1,,,,,,,2890,Cardinal 30 m,N,10.0,,Depth,202.0,4/5/2024 10:18,202.0,,,,202.0,,,,,,,,,,O,,,,,,,,Good,,,,,,4/5/2024 10:36,,,5451797.551,385882.823,1455.329,"49∞12'30.01661""","-124∞34'00.39494""",1455.324,RTK Fixed,WGS84,CGVD_2013,Stonex,3/14/2023 11:05,
1,4/5/2024 10:15,Englishman,,Ak bf sm,E2A,CHRL 1,,,,,,,2890,Cardinal 30 m,N,7.5,,Depth,165.0,4/5/2024 10:19,165.0,,,,165.0,,,,,,,,,,O,,,,,,,,Good,,,,,,4/5/2024 10:36,,,5451797.551,385882.823,1455.329,"49∞12'30.01661""","-124∞34'00.39494""",1455.324,RTK Fixed,WGS84,CGVD_2013,Stonex,3/14/2023 11:05,
1,4/5/2024 10:15,Englishman,,Ak bf sm,E2A,CHRL 1,,,,,,,2890,Cardinal 30 m,N,5.0,,Depth,155.0,4/5/2024 10:19,155.0,,,,155.0,,,,,,,,,,O,,,,,,,,Good,,,,,,4/5/2024 10:36,,,5451797.551,385882.823,1455.329,"49∞12'30.01661""","-124∞34'00.39494""",1455.324,RTK Fixed,WGS84,CGVD_2013,Stonex,3/14/2023 11:05,
1,4/5/2024 10:15,Englishman,,Ak bf sm,E2A,CHRL 1,,,,,,,2890,Cardinal 30 m,N,2.5,,Depth,138.0,4/5/2024 10:20,138.0,,,,138.0,,,,,,,,,,O,,,,,,,,Good,,,,,,4/5/2024 10:36,,,5451797.551,385882.823,1455.329,"49∞12'30.01661""","-124∞34'00.39494""",1455.324,RTK Fixed,WGS84,CGVD_2013,Stonex,3/14/2023 11:05,
1,4/5/2024 10:15,Englishman,,Ak bf sm,E2A,CHRL 1,,,,,,,2890,Cardinal 30 m,S,10.0,,Density,187.0,4/5/2024 10:19,,175.0,0.0,3730.0,187.0,no,,,,,,,,175.0,O,,,840.0,187.0,94.0,74.852,0.4,Excellent,,,,,,4/5/2024 10:36,,,5451797.551,385882.823,1455.329,"49∞12'30.01661""","-124∞34'00.39494""",1455.324,RTK Fixed,WGS84,CGVD_2013,Stonex,3/14/2023 11:05,
1,4/5/2024 10:15,Englishman,,Ak bf sm,E2A,CHRL 1,,,,,,,2890,Cardinal 30 m,Centre,,,Depth,164.0,4/5/2024 10:20,164.0,,,,164.0,,,,,,,,,,O,,,,,,,,Good,,,,,,4/5/2024 10:36,,,5451797.551,385882.823,1455.329,"49∞12'30.01661""","-124∞34'00.39494""",1455.324,RTK Fixed,WGS84,CGVD_2013,Stonex,3/14/2023 11:05,
1,4/5/2024 10:15,Englishman,,Ak bf sm,E2A,CHRL 1,,,,,,,2890,Cardinal 30 m,S,10.0,,Depth,185.0,4/5/2024 10:21,185.0,,,,185.0,,,,,,,,,,O,,,,,,,,Good,,,,,,4/5/2024 10:36,,,5451797.551,385882.823,1455.329,"49∞12'30.01661""","-124∞34'00.39494""",1455.324,RTK Fixed,WGS84,CGVD_2013,Stonex,3/14/2023 11:05,
1,4/5/2024 10:15,Englishman,,Ak bf sm,E2A,CHRL 1,,,,,,,2890,Cardinal 30 m,S,7.5,,Depth,175.0,4/5/2024 10:22,175.0,,,,175.0,,,,,,,,,,O,,,,,,,,Good,,,,,,4/5/2024 10:36,,,5451797.551,385882.823,1455.329,"49∞12'30.01661""","-124∞34'00.39494""",1455.324,RTK Fixed,WGS84,CGVD_2013,Stonex,3/14/2023 11:05,
1,4/5/2024 10:15,Englishman,,Ak bf sm,E2A,CHRL 1,,,,,,,2890,Cardinal 30 m,S,5.0,,Depth,165.0,4/5/2024 10:22,165.0,,,,165.0,,,,,,,,,,O,,,,,,,,Good,,,,,,4/5/2024 10:36,,,5451797.551,385882.823,1455.329,"49∞12'30.01661""","-124∞34'00.39494""",1455.324,RTK Fixed,WGS84,CGVD_2013,Stonex,3/14/2023 11:05,
1,4/5/2024 10:15,Englishman,,Ak bf sm,E2A,CHRL 1,,,,,,,2890,Cardinal 30 m,S,2.5,,Depth,172.0,4/5/2024 10:22,172.0,,,,172.0,,,,,,,,,,O,,,,,,,,Good,,,,,,4/5/2024 10:36,,,5451797.551,385882.823,1455.329,"49∞12'30.01661""","-124∞34'00.39494""",1455.324,RTK Fixed,WGS84,CGVD_2013,Stonex,3/14/2023 11:05,
1,4/5/2024 10:15,Englishman,,Ak bf sm,E2A,CHRL 1,,,,,,,2890,Cardinal 30 m,W,10.0,,Density,163.0,4/5/2024 10:23,,150.0,0.0,3650.0,163.0,no,,,,,,,,150.0,O,,,760.0,163.0,92.0,67.724,0.415,Good,,,,,,4/5/2024 10:36,,,5451797.551,385882.823,1455.329,"49∞12'30.01661""","-124∞34'00.39494""",1455.324,RTK Fixed,WGS84,CGVD_2013,Stonex,3/14/2023 11:05,
1,4/5/2024 10:15,Englishman,,Ak bf sm,E2A,CHRL 1,,,,,,,2890,Cardinal 30 m,E,10.0,,Depth,162.0,4/5/2024 10:23,162.0,,,,162.0,,,,,,,,,,O,,,,,,,,Good,,,,,,4/5/2024 10:36,,,5451797.551,385882.823,1455.329,"49∞12'30.01661""","-124∞34'00.39494""",1455.324,RTK Fixed,WGS84,CGVD_2013,Stonex,3/14/2023 11:05,
1,4/5/2024 10:15,Englishman,,Ak bf sm,E2A,CHRL 1,,,,,,,2890,Cardinal 30 m,E,7.5,,Depth,175.0,4/5/2024 10:24,175.0,,,,175.0,,,,,,,,,,O,,,,,,,,Good,,,,,,4/5/2024 10:36,,,5451797.551,385882.823,1455.329,"49∞12'30.01661""","-124∞34'00.39494""",1455.324,RTK Fixed,WGS84,CGVD_2013,Stonex,3/14/2023 11:05,
1,4/5/2024 10:15,Englishman,,Ak bf sm,E2A,CHRL 1,,,,,,,2890,Cardinal 30 m,E,5.0,,Depth,184.0,4/5/2024 10:24,184.0,,,,184.0,,,,,,,,,,O,,,,,,,,Good,,,,,,4/5/2024 10:36,,,5451797.551,385882.823,1455.329,"49∞12'30.01661""","-124∞34'00.39494""",1455.324,RTK Fixed,WGS84,CGVD_2013,Stonex,3/14/2023 11:05,
1,4/5/2024 10:15,Englishman,,Ak bf sm,E2A,CHRL 1,,,,,,,2890,Cardinal 30 m,E,2.5,,Depth,158.0,4/5/2024 10:24,158.0,,,,158.0,,,,,,,,,,O,,,,,,,,Good,,,,,,4/5/2024 10:36,,,5451797.551,385882.823,1455.329,"49∞12'30.01661""","-124∞34'00.39494""",1455.324,RTK Fixed,WGS84,CGVD_2013,Stonex,3/14/2023 11:05,
1,4/5/2024 10:15,Englishman,,Ak bf sm,E2A,CHRL 1,,,,,,,2890,Cardinal 30 m,W,2.5,,Depth,175.0,4/5/2024 10:24,175.0,,,,175.0,,,,,,,,,,O,,,,,,,,Good,,,,,,4/5/2024 10:36,,,5451797.551,385882.823,1455.329,"49∞12'30.01661""","-124∞34'00.39494""",1455.324,RTK Fixed,WGS84,CGVD_2013,Stonex,3/14/2023 11:05,
1,4/5/2024 10:15,Englishman,,Ak bf sm,E2A,CHRL 1,,,,,,,2890,Cardinal 30 m,W,5.0,,Depth,163.0,4/5/2024 10:24,163.0,,,,163.0,,,,,,,,,,O,,,,,,,,Good,,,,,,4/5/2024 10:36,,,5451797.551,385882.823,1455.329,"49∞12'30.01661""","-124∞34'00.39494""",1455.324,RTK Fixed,WGS84,CGVD_2013,Stonex,3/14/2023 11:05,
1,4/5/2024 10:15,Englishman,,Ak bf sm,E2A,CHRL 1,,,,,,,2890,Cardinal 30 m,W,7.5,,Depth,160.0,4/5/2024 10:25,160.0,,,,160.0,,,,,,,,,,O,,,,,,,,Good,,,,,,4/5/2024 10:36,,,5451797.551,385882.823,1455.329,"49∞12'30.01661""","-124∞34'00.39494""",1455.324,RTK Fixed,WGS84,CGVD_2013,Stonex,3/14/2023 11:05,
1,4/5/2024 10:15,Englishman,,Ak bf sm,E2A,CHRL 1,,,,,,,2890,Cardinal 30 m,W,10.0,,Depth,163.0,4/5/2024 10:25,163.0,,,,163.0,,,,,,,,,,O,,,,,,,,Good,,,,,,4/5/2024 10:36,,,5451797.551,385882.823,1455.329,"49∞12'30.01661""","-124∞34'00.39494""",1455.324,RTK Fixed,WGS84,CGVD_2013,Stonex,3/14/2023 11:05,
1,4/5/2024 10:15,Englishman,,Ak bf sm,E2A,CHRL 1,,,,,,,2890,Cardinal 30 m,N,10.0,,Density,189.0,4/5/2024 10:27,,180.0,0.0,3780.0,189.0,no,,,,,,,,180.0,O,,,890.0,189.0,95.0,79.308,0.42,Excellent,,,,,,4/5/2024 10:36,,,5451797.551,385882.823,1455.329,"49∞12'30.01661""","-124∞34'00.39494""",1455.324,RTK Fixed,WGS84,CGVD_2013,Stonex,3/14/2023 11:05,
1,4/5/2024 10:15,Englishman,,Ak bf sm,E2A,CHRL 1,,,,,,,2890,Cardinal 30 m,NW,10.0,,Depth,185.0,4/5/2024 10:27,185.0,,,,185.0,,,,,,,,,,O,,,,,,,,Good,,,,,,4/5/2024 10:36,,,5451797.551,385882.823,1455.329,"49∞12'30.01661""","-124∞34'00.39494""",1455.324,RTK Fixed,WGS84,CGVD_2013,Stonex,3/14/2023 11:05,
1,4/5/2024 10:15,Englishman,,Ak bf sm,E2A,CHRL 1,,,,,,,2890,Cardinal 30 m,NW,7.5,,Depth,150.0,4/5/2024 10:27,150.0,,,,150.0,,,,,,,,,,O,,,,,,,,Good,,,,,,4/5/2024 10:36,,,5451797.551,385882.823,1455.329,"49∞12'30.01661""","-124∞34'00.39494""",1455.324,RTK Fixed,WGS84,CGVD_2013,Stonex,3/14/2023 11:05,
1,4/5/2024 10:15,Englishman,,Ak bf sm,E2A,CHRL 1,,,,,,,2890,Cardinal 30 m,NW,5.0,,Depth,146.0,4/5/2024 10:27,146.0,,,,146.0,,,,,,,,,,O,,,,,,,,Good,,,,,,4/5/2024 10:36,,,5451797.551,385882.823,1455.329,"49∞12'30.01661""","-124∞34'00.39494""",1455.324,RTK Fixed,WGS84,CGVD_2013,Stonex,3/14/2023 11:05,
1,4/5/2024 10:15,Englishman,,Ak bf sm,E2A,CHRL 1,,,,,,,2890,Cardinal 30 m,NW,2.5,,Depth,158.0,4/5/2024 10:28,158.0,,,,158.0,,,,,,,,,,O,,,,,,,,Good,,,,,,4/5/2024 10:36,,,5451797.551,385882.823,1455.329,"49∞12'30.01661""","-124∞34'00.39494""",1455.324,RTK Fixed,WGS84,CGVD_2013,Stonex,3/14/2023 11:05,
1,4/5/2024 10:15,Englishman,,Ak bf sm,E2A,CHRL 1,,,,,,,2890,Cardinal 30 m,E,,,Density,165.0,4/5/2024 10:29,,147.0,0.0,3800.0,165.0,no,,,,,,,,147.0,O,,,910.0,165.0,89.0,81.09,0.491,Good,,,,,,4/5/2024 10:36,,,5451797.551,385882.823,1455.329,"49∞12'30.01661""","-124∞34'00.39494""",1455.324,RTK Fixed,WGS84,CGVD_2013,Stonex,3/14/2023 11:05,
1,4/5/2024 10:15,Englishman,,Ak bf sm,E2A,CHRL 1,,,,,,,2890,Cardinal 30 m,SE,10.0,,Depth,180.0,4/5/2024 10:30,180.0,,,,180.0,,,,,,,,,,O,,,,,,,,Good,,,,,,4/5/2024 10:36,,,5451797.551,385882.823,1455.329,"49∞12'30.01661""","-124∞34'00.39494""",1455.324,RTK Fixed,WGS84,CGVD_2013,Stonex,3/14/2023 11:05,
1,4/5/2024 10:15,Englishman,,Ak bf sm,E2A,CHRL 1,,,,,,,2890,Cardinal 30 m,SE,7.5,,Depth,177.0,4/5/2024 10:30,177.0,,,,177.0,,,,,,,,,,O,,,,,,,,Good,,,,,,4/5/2024 10:36,,,5451797.551,385882.823,1455.329,"49∞12'30.01661""","-124∞34'00.39494""",1455.324,RTK Fixed,WGS84,CGVD_2013,Stonex,3/14/2023 11:05,
1,4/5/2024 10:15,Englishman,,Ak bf sm,E2A,CHRL 1,,,,,,,2890,Cardinal 30 m,SE,5.0,,Depth,160.0,4/5/2024 10:31,160.0,,,,160.0,,,,,,,,,,O,,,,,,,,Good,,,,,,4/5/2024 10:36,,,5451797.551,385882.823,1455.329,"49∞12'30.01661""","-124∞34'00.39494""",1455.324,RTK Fixed,WGS84,CGVD_2013,Stonex,3/14/2023 11:05,
1,4/5/2024 10:15,Englishman,,Ak bf sm,E2A,CHRL 1,,,,,,,2890,Cardinal 30 m,SE,2.5,,Depth,178.0,4/5/2024 10:31,178.0,,,,178.0,,,,,,,,,,O,,,,,,,,Good,,,,,,4/5/2024 10:36,,,5451797.551,385882.823,1455.329,"49∞12'30.01661""","-124∞34'00.39494""",1455.324,RTK Fixed,WGS84,CGVD_2013,Stonex,3/14/2023 11:05,
1,4/5/2024 10:15,Englishman,,Ak bf sm,E2A,CHRL 1,,,,,,,2890,Cardinal 30 m,Centre,,,Density,153.0,4/5/2024 10:32,,131.0,0.0,3610.0,153.0,,,,,,,,,131.0,O,,,720.0,153.0,86.0,64.159,0.419,Good,,,,,,4/5/2024 10:36,,,5451797.551,385882.823,1455.329,"49∞12'30.01661""","-124∞34'00.39494""",1455.324,RTK Fixed,WGS84,CGVD_2013,Stonex,3/14/2023 11:05,
1,4/5/2024 10:15,Englishman,,Ak bf sm,E2A,CHRL 1,,,,,,,2890,Cardinal 30 m,NE,10.0,,Depth,140.0,4/5/2024 10:33,140.0,,,,140.0,,,,,,,,,,O,,,,,,,,Good,,,,,,4/5/2024 10:36,,,5451797.551,385882.823,1455.329,"49∞12'30.01661""","-124∞34'00.39494""",1455.324,RTK Fixed,WGS84,CGVD_2013,Stonex,3/14/2023 11:05,
1,4/5/2024 10:15,Englishman,,Ak bf sm,E2A,CHRL 1,,,,,,,2890,Cardinal 30 m,NE,7.5,,Depth,181.0,4/5/2024 10:34,181.0,,,,181.0,,,,,,,,,,O,,,,,,,,Good,,,,,,4/5/2024 10:36,,,5451797.551,385882.823,1455.329,"49∞12'30.01661""","-124∞34'00.39494""",1455.324,RTK Fixed,WGS84,CGVD_2013,Stonex,3/14/2023 11:05,
1,4/5/2024 10:15,Englishman,,Ak bf sm,E2A,CHRL 1,,,,,,,2890,Cardinal 30 m,NE,5.0,,Depth,151.0,4/5/2024 10:34,151.0,,,,151.0,,,,,,,,,,O,,,,,,,,Good,,,,,,4/5/2024 10:36,,,5451797.551,385882.823,1455.329,"49∞12'30.01661""","-124∞34'00.39494""",1455.324,RTK Fixed,WGS84,CGVD_2013,Stonex,3/14/2023 11:05,
1,4/5/2024 10:15,Englishman,,Ak bf sm,E2A,CHRL 1,,,,,,,2890,Cardinal 30 m,NE,2.5,,Depth,151.0,4/5/2024 10:34,151.0,,,,151.0,,,,,,,,,,O,,,,,,,,Good,,,,,,4/5/2024 10:36,,,5451797.551,385882.823,1455.329,"49∞12'30.01661""","-124∞34'00.39494""",1455.324,RTK Fixed,WGS84,CGVD_2013,Stonex,3/14/2023 11:05,
1,4/5/2024 10:15,Englishman,,Ak bf sm,E2A,CHRL 1,,,,,,,2890,Cardinal 30 m,SW,10.0,,Depth,193.0,4/5/2024 10:36,193.0,,,,193.0,,,,,,,,,,O,,,,,,,,Good,,,,,,4/5/2024 10:36,,,5451797.551,385882.823,1455.329,"49∞12'30.01661""","-124∞34'00.39494""",1455.324,RTK Fixed,WGS84,CGVD_2013,Stonex,3/14/2023 11:05,
1,4/5/2024 10:15,Englishman,,Ak bf sm,E2A,CHRL 1,,,,,,,2890,Cardinal 30 m,SW,7.5,,Depth,184.0,4/5/2024 10:36,184.0,,,,184.0,,,,,,,,,,O,,,,,,,,Good,,,,,,4/5/2024 10:36,,,5451797.551,385882.823,1455.329,"49∞12'30.01661""","-124∞34'00.39494""",1455.324,RTK Fixed,WGS84,CGVD_2013,Stonex,3/14/2023 11:05,
1,4/5/2024 10:15,Englishman,,Ak bf sm,E2A,CHRL 1,,,,,,,2890,Cardinal 30 m,SW,5.0,,Depth,175.0,4/5/2024 10:36,175.0,,,,175.0,,,,,,,,,,O,,,,,,,,Good,,,,,,4/5/2024 10:36,,,5451797.551,385882.823,1455.329,"49∞12'30.01661""","-124∞34'00.39494""",1455.324,RTK Fixed,WGS84,CGVD_2013,Stonex,3/14/2023 11:05,
1,4/5/2024 10:15,Englishman,,Ak bf sm,E2A,CHRL 1,,,,,,,2890,Cardinal 30 m,SW,2.5,,Depth,174.0,4/5/2024 10:36,174.0,,,,174.0,,,,,,,,,,O,,,,,,,,Good,,,,,,4/5/2024 10:36,,,5451797.551,385882.823,1455.329,"49∞12'30.01661""","-124∞34'00.39494""",1455.324,RTK Fixed,WGS84,CGVD_2013,Stonex,3/14/2023 11:05,
1,4/5/2024 14:42,Englishman,,Ak bf sm,E3F,CHRL 1,,No will survey later,,,,,2350,Cardinal 10 m,S,10.0,,Depth,65.0,4/5/2024 14:48,65.0,,,,65.0,,,,,,,,,,U,,,,,,,,Good,,,,,,4/5/2024 15:06,,,5451202.699,386899.328,1245.406,"49∞12'11.43986""","-124∞33'09.57016""",1245.287,DGPS,WGS84,CGVD_2013,Stonex,3/15/2023 13:50,
1,4/5/2024 14:42,Englishman,,Ak bf sm,E3F,CHRL 1,,No will survey later,,,,,2350,Cardinal 10 m,S,7.5,,Depth,63.0,4/5/2024 14:48,63.0,,,,63.0,,,,,,,,,,E,,,,,,,,Good,,,,,,4/5/2024 15:06,,,5451202.699,386899.328,1245.406,"49∞12'11.43986""","-124∞33'09.57016""",1245.287,DGPS,WGS84,CGVD_2013,Stonex,3/15/2023 13:50,
1,4/5/2024 14:42,Englishman,,Ak bf sm,E3F,CHRL 1,,No will survey later,,,,,2350,Cardinal 10 m,S,5.0,,Depth,65.0,4/5/2024 14:48,65.0,,,,65.0,,,,,,,,,,O,,,,,,,,Good,,,,,,4/5/2024 15:06,,,5451202.699,386899.328,1245.406,"49∞12'11.43986""","-124∞33'09.57016""",1245.287,DGPS,WGS84,CGVD_2013,Stonex,3/15/2023 13:50,
1,4/5/2024 14:42,Englishman,,Ak bf sm,E3F,CHRL 1,,No will survey later,,,,,2350,Cardinal 10 m,S,2.5,,Depth,93.0,4/5/2024 14:48,93.0,,,,93.0,,,,,,,,,,O,,,,,,,,Good,,,,,,4/5/2024 15:06,,,5451202.699,386899.328,1245.406,"49∞12'11.43986""","-124∞33'09.57016""",1245.287,DGPS,WGS84,CGVD_2013,Stonex,3/15/2023 13:50,
1,4/5/2024 14:42,Englishman,,Ak bf sm,E3F,CHRL 1,,No will survey later,,,,,2350,Cardinal 10 m,Centre,,,Depth,115.0,4/5/2024 14:49,115.0,,,,115.0,,,,,,,,,,O,,,,,,,,Good,,,,,,4/5/2024 15:06,,,5451202.699,386899.328,1245.406,"49∞12'11.43986""","-124∞33'09.57016""",1245.287,DGPS,WGS84,CGVD_2013,Stonex,3/15/2023 13:50,
1,4/5/2024 14:42,Englishman,,Ak bf sm,E3F,CHRL 1,,No will survey later,,,,,2350,Cardinal 10 m,N,2.5,,Depth,113.0,4/5/2024 14:49,113.0,,,,113.0,,,,,,,,,,O,,,,,,,,Good,,,,,,4/5/2024 15:06,,,5451202.699,386899.328,1245.406,"49∞12'11.43986""","-124∞33'09.57016""",1245.287,DGPS,WGS84,CGVD_2013,Stonex,3/15/2023 13:50,
1,4/5/2024 14:42,Englishman,,Ak bf sm,E3F,CHRL 1,,No will survey later,,,,,2350,Cardinal 10 m,N,5.0,,Depth,136.0,4/5/2024 14:49,136.0,,,,136.0,,,,,,,,,,O,,,,,,,,Good,,,,,,4/5/2024 15:06,,,5451202.699,386899.328,1245.406,"49∞12'11.43986""","-124∞33'09.57016""",1245.287,DGPS,WGS84,CGVD_2013,Stonex,3/15/2023 13:50,
1,4/5/2024 14:42,Englishman,,Ak bf sm,E3F,CHRL 1,,No will survey later,,,,,2350,Cardinal 10 m,N,7.5,,Depth,139.0,4/5/2024 14:49,139.0,,,,139.0,,,,,,,,,,O,,,,,,,,Good,,,,,,4/5/2024 15:06,,,5451202.699,386899.328,1245.406,"49∞12'11.43986""","-124∞33'09.57016""",1245.287,DGPS,WGS84,CGVD_2013,Stonex,3/15/2023 13:50,
1,4/5/2024 14:42,Englishman,,Ak bf sm,E3F,CHRL 1,,No will survey later,,,,,2350,Cardinal 10 m,N,10.0,,Depth,125.0,4/5/2024 14:49,125.0,,,,125.0,,,,,,,,,,O,,,,,,,,Good,,,,,,4/5/2024 15:06,,,5451202.699,386899.328,1245.406,"49∞12'11.43986""","-124∞33'09.57016""",1245.287,DGPS,WGS84,CGVD_2013,Stonex,3/15/2023 13:50,
1,4/5/2024 14:42,Englishman,,Ak bf sm,E3F,CHRL 1,,No will survey later,,,,,2350,Cardinal 10 m,N,10.0,,Density,116.0,4/5/2024 14:51,,106.0,0.0,2870.0,116.0,no,,,,,,,,106.0,O,,,520.0,116.0,91.0,46.337,0.399,Good,,,,,,4/5/2024 15:06,,,5451202.699,386899.328,1245.406,"49∞12'11.43986""","-124∞33'09.57016""",1245.287,DGPS,WGS84,CGVD_2013,Stonex,3/15/2023 13:50,
1,4/5/2024 14:42,Englishman,,Ak bf sm,E3F,CHRL 1,,No will survey later,,,,,2350,Cardinal 10 m,W,10.0,,Depth,114.0,4/5/2024 14:52,114.0,,,,114.0,,,,,,,,,,O,,,,,,,,Good,,,,,,4/5/2024 15:06,,,5451202.699,386899.328,1245.406,"49∞12'11.43986""","-124∞33'09.57016""",1245.287,DGPS,WGS84,CGVD_2013,Stonex,3/15/2023 13:50,
1,4/5/2024 14:42,Englishman,,Ak bf sm,E3F,CHRL 1,,No will survey later,,,,,2350,Cardinal 10 m,W,7.5,,Depth,93.0,4/5/2024 14:53,93.0,,,,93.0,,,,,,,,,,O,,,,,,,,Good,,,,,,4/5/2024 15:06,,,5451202.699,386899.328,1245.406,"49∞12'11.43986""","-124∞33'09.57016""",1245.287,DGPS,WGS84,CGVD_2013,Stonex,3/15/2023 13:50,
1,4/5/2024 14:42,Englishman,,Ak bf sm,E3F,CHRL 1,,No will survey later,,,,,2350,Cardinal 10 m,W,5.0,,Depth,35.0,4/5/2024 14:53,35.0,,,,35.0,,,,,,,,,,U,,,,,,,,Good,,,,,,4/5/2024 15:06,,,5451202.699,386899.328,1245.406,"49∞12'11.43986""","-124∞33'09.57016""",1245.287,DGPS,WGS84,CGVD_2013,Stonex,3/15/2023 13:50,
1,4/5/2024 14:42,Englishman,,Ak bf sm,E3F,CHRL 1,,No will survey later,,,,,2350,Cardinal 10 m,W,2.5,,Depth,95.0,4/5/2024 14:53,95.0,,,,95.0,,,,,,,,,,E,,,,,,,,Good,,,,,,4/5/2024 15:06,,,5451202.699,386899.328,1245.406,"49∞12'11.43986""","-124∞33'09.57016""",1245.287,DGPS,WGS84,CGVD_2013,Stonex,3/15/2023 13:50,
1,4/5/2024 14:42,Englishman,,Ak bf sm,E3F,CHRL 1,,No will survey later,,,,,2350,Cardinal 10 m,E,2.5,,Depth,95.0,4/5/2024 14:54,95.0,,,,95.0,,,,,,,,,,O,,,,,,,,Good,,,,,,4/5/2024 15:06,,,5451202.699,386899.328,1245.406,"49∞12'11.43986""","-124∞33'09.57016""",1245.287,DGPS,WGS84,CGVD_2013,Stonex,3/15/2023 13:50,
1,4/5/2024 14:42,Englishman,,Ak bf sm,E3F,CHRL 1,,No will survey later,,,,,2350,Cardinal 10 m,E,5.0,,Depth,84.0,4/5/2024 14:55,84.0,,,,84.0,,,,,,,,,,O,,,,,,,,Good,,,,,,4/5/2024 15:06,,,5451202.699,386899.328,1245.406,"49∞12'11.43986""","-124∞33'09.57016""",1245.287,DGPS,WGS84,CGVD_2013,Stonex,3/15/2023 13:50,
1,4/5/2024 14:42,Englishman,,Ak bf sm,E3F,CHRL 1,,No will survey later,,,,,2350,Cardinal 10 m,E,7.5,,Depth,88.0,4/5/2024 14:55,88.0,,,,88.0,,,,,,,,,,O,,,,,,,,Good,,,,,,4/5/2024 15:06,,,5451202.699,386899.328,1245.406,"49∞12'11.43986""","-124∞33'09.57016""",1245.287,DGPS,WGS84,CGVD_2013,Stonex,3/15/2023 13:50,
1,4/5/2024 14:42,Englishman,,Ak bf sm,E3F,CHRL 1,,No will survey later,,,,,2350,Cardinal 10 m,E,10.0,,Depth,55.0,4/5/2024 14:55,55.0,,,,55.0,,,,,,,,,,E,,,,,,,,Good,,,,,,4/5/2024 15:06,,,5451202.699,386899.328,1245.406,"49∞12'11.43986""","-124∞33'09.57016""",1245.287,DGPS,WGS84,CGVD_2013,Stonex,3/15/2023 13:50,
1,4/5/2024 14:42,Englishman,,Ak bf sm,E3F,CHRL 1,,No will survey later,,,,,2350,Cardinal 10 m,E,10.0,,Density,55.0,4/5/2024 14:54,,50.0,0.0,2620.0,55.0,no,,,,,,,,50.0,O,,,270.0,55.0,91.0,24.06,0.437,Good,,,,,,4/5/2024 15:06,,,5451202.699,386899.328,1245.406,"49∞12'11.43986""","-124∞33'09.57016""",1245.287,DGPS,WGS84,CGVD_2013,Stonex,3/15/2023 13:50,
1,4/5/2024 14:42,Englishman,,Ak bf sm,E3F,CHRL 1,,No will survey later,,,,,2350,Cardinal 10 m,S,10.0,,Density,55.0,4/5/2024 14:57,,54.0,0.0,2570.0,55.0,no,,,,,,,,54.0,U,,,220.0,55.0,98.0,19.604,0.356,Good,,,,,,4/5/2024 15:06,,,5451202.699,386899.328,1245.406,"49∞12'11.43986""","-124∞33'09.57016""",1245.287,DGPS,WGS84,CGVD_2013,Stonex,3/15/2023 13:50,
1,4/5/2024 14:42,Englishman,,Ak bf sm,E3F,CHRL 1,,No will survey later,,,,,2350,Cardinal 10 m,SE,10.0,,Depth,99.0,4/5/2024 14:58,99.0,,,,99.0,,,,,,,,,,O,,,,,,,,Good,,,,,,4/5/2024 15:06,,,5451202.699,386899.328,1245.406,"49∞12'11.43986""","-124∞33'09.57016""",1245.287,DGPS,WGS84,CGVD_2013,Stonex,3/15/2023 13:50,
1,4/5/2024 14:42,Englishman,,Ak bf sm,E3F,CHRL 1,,No will survey later,,,,,2350,Cardinal 10 m,SE,7.5,,Depth,95.0,4/5/2024 14:58,95.0,,,,95.0,,,,,,,,,,U,,,,,,,,Good,,,,,,4/5/2024 15:06,,,5451202.699,386899.328,1245.406,"49∞12'11.43986""","-124∞33'09.57016""",1245.287,DGPS,WGS84,CGVD_2013,Stonex,3/15/2023 13:50,
1,4/5/2024 14:42,Englishman,,Ak bf sm,E3F,CHRL 1,,No will survey later,,,,,2350,Cardinal 10 m,SE,5.0,,Depth,30.0,4/5/2024 14:59,30.0,,,,30.0,,,,,,,,,,"U,TW",,,,,,,,Good,,,,,,4/5/2024 15:06,,,5451202.699,386899.328,1245.406,"49∞12'11.43986""","-124∞33'09.57016""",1245.287,DGPS,WGS84,CGVD_2013,Stonex,3/15/2023 13:50,
1,4/5/2024 14:42,Englishman,,Ak bf sm,E3F,CHRL 1,,No will survey later,,,,,2350,Cardinal 10 m,SE,2.5,,Depth,81.0,4/5/2024 14:59,81.0,,,,81.0,,,,,,,,,,O,,,,,,,,Good,,,,,,4/5/2024 15:06,,,5451202.699,386899.328,1245.406,"49∞12'11.43986""","-124∞33'09.57016""",1245.287,DGPS,WGS84,CGVD_2013,Stonex,3/15/2023 13:50,
1,4/5/2024 14:42,Englishman,,Ak bf sm,E3F,CHRL 1,,No will survey later,,,,,2350,Cardinal 10 m,Centre,,,Density,95.0,4/5/2024 14:59,,78.0,0.0,2750.0,95.0,no,,,,,,,,78.0,O,,,400.0,95.0,82.0,35.644,0.375,Good,,,,,,4/5/2024 15:06,,,5451202.699,386899.328,1245.406,"49∞12'11.43986""","-124∞33'09.57016""",1245.287,DGPS,WGS84,CGVD_2013,Stonex,3/15/2023 13:50,
1,4/5/2024 14:42,Englishman,,Ak bf sm,E3F,CHRL 1,,No will survey later,,,,,2350,Cardinal 10 m,NW,10.0,,Depth,141.0,4/5/2024 15:00,141.0,,,,141.0,,,,,,,,,,O,,,,,,,,Good,,,,,,4/5/2024 15:06,,,5451202.699,386899.328,1245.406,"49∞12'11.43986""","-124∞33'09.57016""",1245.287,DGPS,WGS84,CGVD_2013,Stonex,3/15/2023 13:50,
1,4/5/2024 14:42,Englishman,,Ak bf sm,E3F,CHRL 1,,No will survey later,,,,,2350,Cardinal 10 m,NW,7.5,,Depth,131.0,4/5/2024 15:00,131.0,,,,131.0,,,,,,,,,,O,,,,,,,,Good,,,,,,4/5/2024 15:06,,,5451202.699,386899.328,1245.406,"49∞12'11.43986""","-124∞33'09.57016""",1245.287,DGPS,WGS84,CGVD_2013,Stonex,3/15/2023 13:50,
1,4/5/2024 14:42,Englishman,,Ak bf sm,E3F,CHRL 1,,No will survey later,,,,,2350,Cardinal 10 m,NW,5.0,,Depth,116.0,4/5/2024 15:01,116.0,,,,116.0,,,,,,,,,,E,,,,,,,,Good,,,,,,4/5/2024 15:06,,,5451202.699,386899.328,1245.406,"49∞12'11.43986""","-124∞33'09.57016""",1245.287,DGPS,WGS84,CGVD_2013,Stonex,3/15/2023 13:50,
1,4/5/2024 14:42,Englishman,,Ak bf sm,E3F,CHRL 1,,No will survey later,,,,,2350,Cardinal 10 m,NW,2.5,,Depth,110.0,4/5/2024 15:01,110.0,,,,110.0,,,,,,,,,,E,,,,,,,,Good,,,,,,4/5/2024 15:06,,,5451202.699,386899.328,1245.406,"49∞12'11.43986""","-124∞33'09.57016""",1245.287,DGPS,WGS84,CGVD_2013,Stonex,3/15/2023 13:50,
1,4/5/2024 14:42,Englishman,,Ak bf sm,E3F,CHRL 1,,No will survey later,,,,,2350,Cardinal 10 m,W,10.0,,Density,110.0,4/5/2024 15:01,,99.0,0.0,2890.0,119.0,,,,,,,,,99.0,O,,,540.0,119.0,83.0,48.119,0.404,Good,,,,,,4/5/2024 15:06,,,5451202.699,386899.328,1245.406,"49∞12'11.43986""","-124∞33'09.57016""",1245.287,DGPS,WGS84,CGVD_2013,Stonex,3/15/2023 13:50,
1,4/5/2024 14:42,Englishman,,Ak bf sm,E3F,CHRL 1,,No will survey later,,,,,2350,Cardinal 10 m,SW,10.0,,Depth,103.0,4/5/2024 15:03,103.0,,,,103.0,,,,,,,,,,O,,,,,,,,Good,,,,,,4/5/2024 15:06,,,5451202.699,386899.328,1245.406,"49∞12'11.43986""","-124∞33'09.57016""",1245.287,DGPS,WGS84,CGVD_2013,Stonex,3/15/2023 13:50,
1,4/5/2024 14:42,Englishman,,Ak bf sm,E3F,CHRL 1,,No will survey later,,,,,2350,Cardinal 10 m,SW,7.5,,Depth,96.0,4/5/2024 15:03,96.0,,,,96.0,,,,,,,,,,O,,,,,,,,Good,,,,,,4/5/2024 15:06,,,5451202.699,386899.328,1245.406,"49∞12'11.43986""","-124∞33'09.57016""",1245.287,DGPS,WGS84,CGVD_2013,Stonex,3/15/2023 13:50,
1,4/5/2024 14:42,Englishman,,Ak bf sm,E3F,CHRL 1,,No will survey later,,,,,2350,Cardinal 10 m,SW,5.0,,Depth,86.0,4/5/2024 15:03,86.0,,,,86.0,,,,,,,,,,E,,,,,,,,Good,,,,,,4/5/2024 15:06,,,5451202.699,386899.328,1245.406,"49∞12'11.43986""","-124∞33'09.57016""",1245.287,DGPS,WGS84,CGVD_2013,Stonex,3/15/2023 13:50,
1,4/5/2024 14:42,Englishman,,Ak bf sm,E3F,CHRL 1,,No will survey later,,,,,2350,Cardinal 10 m,SW,2.5,,Depth,93.0,4/5/2024 15:04,93.0,,,,93.0,,,,,,,,,,O,,,,,,,,Good,,,,,,4/5/2024 15:06,,,5451202.699,386899.328,1245.406,"49∞12'11.43986""","-124∞33'09.57016""",1245.287,DGPS,WGS84,CGVD_2013,Stonex,3/15/2023 13:50,
1,4/5/2024 14:42,Englishman,,Ak bf sm,E3F,CHRL 1,,No will survey later,,,,,2350,Cardinal 10 m,NE,10.0,,Depth,80.0,4/5/2024 15:05,80.0,,,,80.0,,,,,,,,,,U,,,,,,,,Good,,,,,,4/5/2024 15:06,,,5451202.699,386899.328,1245.406,"49∞12'11.43986""","-124∞33'09.57016""",1245.287,DGPS,WGS84,CGVD_2013,Stonex,3/15/2023 13:50,
1,4/5/2024 14:42,Englishman,,Ak bf sm,E3F,CHRL 1,,No will survey later,,,,,2350,Cardinal 10 m,NE,7.5,,Depth,101.0,4/5/2024 15:06,101.0,,,,101.0,,,,,,,,,,E,,,,,,,,Good,,,,,,4/5/2024 15:06,,,5451202.699,386899.328,1245.406,"49∞12'11.43986""","-124∞33'09.57016""",1245.287,DGPS,WGS84,CGVD_2013,Stonex,3/15/2023 13:50,
1,4/5/2024 14:42,Englishman,,Ak bf sm,E3F,CHRL 1,,No will survey later,,,,,2350,Cardinal 10 m,NE,5.0,,Depth,96.0,4/5/2024 15:06,96.0,,,,96.0,,,,,,,,,,E,,,,,,,,Good,,,,,,4/5/2024 15:06,,,5451202.699,386899.328,1245.406,"49∞12'11.43986""","-124∞33'09.57016""",1245.287,DGPS,WGS84,CGVD_2013,Stonex,3/15/2023 13:50,
1,4/5/2024 14:42,Englishman,,Ak bf sm,E3F,CHRL 1,,No will survey later,,,,,2350,Cardinal 10 m,NE,2.5,,Depth,123.0,4/5/2024 15:06,123.0,,,,123.0,,,,,,,,,,O,,,,,,,,Good,,,,,,4/5/2024 15:06,,,5451202.699,386899.328,1245.406,"49∞12'11.43986""","-124∞33'09.57016""",1245.287,DGPS,WGS84,CGVD_2013,Stonex,3/15/2023 13:50,
1,4/5/2024 13:25,Englishman,,Ak bf sm,N2F,CHRL 1,,No will survey later,,,,,2890,Cardinal 10 m,Centre,,,Depth,155.0,4/5/2024 13:25,155.0,,,,155.0,,,,,,,,,,O,,,,,,,,Good,,,,,,4/5/2024 13:44,,,5450765.364,386566.055,1336.902,"49∞11'57.07420""","-124∞33'25.59037""",1336.906,DGPS,WGS84,CGVD_2013,Stonex,3/15/2023 10:49,
1,4/5/2024 13:25,Englishman,,Ak bf sm,N2F,CHRL 1,,No will survey later,,,,,2890,Cardinal 10 m,N,10.0,,Depth,161.0,4/5/2024 13:26,161.0,,,,161.0,,,,,,,,,,O,,,,,,,,Good,,,,,,4/5/2024 13:44,,,5450765.364,386566.055,1336.902,"49∞11'57.07420""","-124∞33'25.59037""",1336.906,DGPS,WGS84,CGVD_2013,Stonex,3/15/2023 10:49,
1,4/5/2024 13:25,Englishman,,Ak bf sm,N2F,CHRL 1,,No will survey later,,,,,2890,Cardinal 10 m,N,7.5,,Depth,178.0,4/5/2024 13:26,178.0,,,,178.0,,,,,,,,,,O,,,,,,,,Good,,,,,,4/5/2024 13:44,,,5450765.364,386566.055,1336.902,"49∞11'57.07420""","-124∞33'25.59037""",1336.906,DGPS,WGS84,CGVD_2013,Stonex,3/15/2023 10:49,
1,4/5/2024 13:25,Englishman,,Ak bf sm,N2F,CHRL 1,,No will survey later,,,,,2890,Cardinal 10 m,N,5.0,,Depth,146.0,4/5/2024 13:27,146.0,,,,146.0,,,,,,,,,,O,,,,,,,,Good,,,,,,4/5/2024 13:44,,,5450765.364,386566.055,1336.902,"49∞11'57.07420""","-124∞33'25.59037""",1336.906,DGPS,WGS84,CGVD_2013,Stonex,3/15/2023 10:49,
1,4/5/2024 13:25,Englishman,,Ak bf sm,N2F,CHRL 1,,No will survey later,,,,,2890,Cardinal 10 m,N,2.5,,Depth,173.0,4/5/2024 13:27,173.0,,,,173.0,,,,,,,,,,O,,,,,,,,Good,,,,,,4/5/2024 13:44,,,5450765.364,386566.055,1336.902,"49∞11'57.07420""","-124∞33'25.59037""",1336.906,DGPS,WGS84,CGVD_2013,Stonex,3/15/2023 10:49,
1,4/5/2024 13:25,Englishman,,Ak bf sm,N2F,CHRL 1,,No will survey later,,,,,2890,Cardinal 10 m,S,10.0,,Depth,147.0,4/5/2024 13:29,147.0,,,,147.0,,,,,,,,,,O,,,,,,,,Good,,,,,,4/5/2024 13:44,,,5450765.364,386566.055,1336.902,"49∞11'57.07420""","-124∞33'25.59037""",1336.906,DGPS,WGS84,CGVD_2013,Stonex,3/15/2023 10:49,
1,4/5/2024 13:25,Englishman,,Ak bf sm,N2F,CHRL 1,,No will survey later,,,,,2890,Cardinal 10 m,S,7.5,,Depth,131.0,4/5/2024 13:29,131.0,,,,131.0,,,,,,,,,,O,,,,,,,,Good,,,,,,4/5/2024 13:44,,,5450765.364,386566.055,1336.902,"49∞11'57.07420""","-124∞33'25.59037""",1336.906,DGPS,WGS84,CGVD_2013,Stonex,3/15/2023 10:49,
1,4/5/2024 13:25,Englishman,,Ak bf sm,N2F,CHRL 1,,No will survey later,,,,,2890,Cardinal 10 m,S,5.0,,Depth,14.0,4/5/2024 13:29,14.0,,,,14.0,,,,,,,,,,O,,,,,,,,Good,,,,,,4/5/2024 13:44,,,5450765.364,386566.055,1336.902,"49∞11'57.07420""","-124∞33'25.59037""",1336.906,DGPS,WGS84,CGVD_2013,Stonex,3/15/2023 10:49,
1,4/5/2024 13:25,Englishman,,Ak bf sm,N2F,CHRL 1,,No will survey later,,,,,2890,Cardinal 10 m,S,2.5,,Depth,149.0,4/5/2024 13:28,149.0,,,,149.0,,,,,,,,,,O,,,,,,,,Good,,,,,,4/5/2024 13:44,,,5450765.364,386566.055,1336.902,"49∞11'57.07420""","-124∞33'25.59037""",1336.906,DGPS,WGS84,CGVD_2013,Stonex,3/15/2023 10:49,
1,4/5/2024 13:25,Englishman,,Ak bf sm,N2F,CHRL 1,,No will survey later,,,,,2890,Cardinal 10 m,S,10.0,,Density,146.0,4/5/2024 13:28,,136.0,0.0,3550.0,146.0,no,,,,,,,,136.0,O,,,660.0,146.0,93.0,58.813,0.403,Good,,,,,,4/5/2024 13:44,,,5450765.364,386566.055,1336.902,"49∞11'57.07420""","-124∞33'25.59037""",1336.906,DGPS,WGS84,CGVD_2013,Stonex,3/15/2023 10:49,
1,4/5/2024 13:25,Englishman,,Ak bf sm,N2F,CHRL 1,,No will survey later,,,,,2890,Cardinal 10 m,E,10.0,,Depth,143.0,4/5/2024 13:30,143.0,,,,143.0,,,,,,,,,,E,,,,,,,,Good,,,,,,4/5/2024 13:44,,,5450765.364,386566.055,1336.902,"49∞11'57.07420""","-124∞33'25.59037""",1336.906,DGPS,WGS84,CGVD_2013,Stonex,3/15/2023 10:49,
1,4/5/2024 13:25,Englishman,,Ak bf sm,N2F,CHRL 1,,No will survey later,,,,,2890,Cardinal 10 m,E,7.5,,Depth,117.0,4/5/2024 13:31,117.0,,,,117.0,,,,,,,,,,O,,,,,,,,Good,,,,,,4/5/2024 13:44,,,5450765.364,386566.055,1336.902,"49∞11'57.07420""","-124∞33'25.59037""",1336.906,DGPS,WGS84,CGVD_2013,Stonex,3/15/2023 10:49,
1,4/5/2024 13:25,Englishman,,Ak bf sm,N2F,CHRL 1,,No will survey later,,,,,2890,Cardinal 10 m,E,5.0,,Depth,80.0,4/5/2024 13:31,80.0,,,,80.0,,,,,,,,,,U,,,,,,,,Good,,,,,,4/5/2024 13:44,,,5450765.364,386566.055,1336.902,"49∞11'57.07420""","-124∞33'25.59037""",1336.906,DGPS,WGS84,CGVD_2013,Stonex,3/15/2023 10:49,
1,4/5/2024 13:25,Englishman,,Ak bf sm,N2F,CHRL 1,,No will survey later,,,,,2890,Cardinal 10 m,E,2.5,,Depth,148.0,4/5/2024 13:31,148.0,,,,148.0,,,,,,,,,,O,,,,,,,,Good,,,,,,4/5/2024 13:44,,,5450765.364,386566.055,1336.902,"49∞11'57.07420""","-124∞33'25.59037""",1336.906,DGPS,WGS84,CGVD_2013,Stonex,3/15/2023 10:49,
1,4/5/2024 13:25,Englishman,,Ak bf sm,N2F,CHRL 1,,No will survey later,,,,,2890,Cardinal 10 m,W,2.5,,Depth,119.0,4/5/2024 13:32,119.0,,,,119.0,,,,,,,,,,E,,,,,,,,Good,,,,,,4/5/2024 13:44,,,5450765.364,386566.055,1336.902,"49∞11'57.07420""","-124∞33'25.59037""",1336.906,DGPS,WGS84,CGVD_2013,Stonex,3/15/2023 10:49,
1,4/5/2024 13:25,Englishman,,Ak bf sm,N2F,CHRL 1,,No will survey later,,,,,2890,Cardinal 10 m,W,5.0,,Depth,63.0,4/5/2024 13:32,63.0,,,,63.0,,,,,,,,,,U,,,,,,,,Good,,,,,,4/5/2024 13:44,,,5450765.364,386566.055,1336.902,"49∞11'57.07420""","-124∞33'25.59037""",1336.906,DGPS,WGS84,CGVD_2013,Stonex,3/15/2023 10:49,
1,4/5/2024 13:25,Englishman,,Ak bf sm,N2F,CHRL 1,,No will survey later,,,,,2890,Cardinal 10 m,W,10.0,,Density,116.0,4/5/2024 13:32,,100.0,3.0,3380.0,116.0,no,,,,,,,,97.0,O,,,490.0,116.0,84.0,43.664,0.386,Good,,,,,,4/5/2024 13:44,,,5450765.364,386566.055,1336.902,"49∞11'57.07420""","-124∞33'25.59037""",1336.906,DGPS,WGS84,CGVD_2013,Stonex,3/15/2023 10:49,
1,4/5/2024 13:25,Englishman,,Ak bf sm,N2F,CHRL 1,,No will survey later,,,,,2890,Cardinal 10 m,W,7.5,,Depth,63.0,4/5/2024 13:33,63.0,,,,63.0,,,,,,,,,,U,,,,,,,,Good,,,,,,4/5/2024 13:44,,,5450765.364,386566.055,1336.902,"49∞11'57.07420""","-124∞33'25.59037""",1336.906,DGPS,WGS84,CGVD_2013,Stonex,3/15/2023 10:49,
1,4/5/2024 13:25,Englishman,,Ak bf sm,N2F,CHRL 1,,No will survey later,,,,,2890,Cardinal 10 m,W,10.0,,Depth,126.0,4/5/2024 13:33,126.0,,,,126.0,,,,,,,,,,O,,,,,,,,Good,,,,,,4/5/2024 13:44,,,5450765.364,386566.055,1336.902,"49∞11'57.07420""","-124∞33'25.59037""",1336.906,DGPS,WGS84,CGVD_2013,Stonex,3/15/2023 10:49,
1,4/5/2024 13:25,Englishman,,Ak bf sm,N2F,CHRL 1,,No will survey later,,,,,2890,Cardinal 10 m,SW,10.0,,Depth,128.0,4/5/2024 13:35,128.0,,,,128.0,,,,,,,,,,E,,,,,,,,Good,,,,,,4/5/2024 13:44,,,5450765.364,386566.055,1336.902,"49∞11'57.07420""","-124∞33'25.59037""",1336.906,DGPS,WGS84,CGVD_2013,Stonex,3/15/2023 10:49,
1,4/5/2024 13:25,Englishman,,Ak bf sm,N2F,CHRL 1,,No will survey later,,,,,2890,Cardinal 10 m,SW,7.5,,Depth,119.0,4/5/2024 13:35,119.0,,,,119.0,,,,,,,,,,O,,,,,,,,Good,,,,,,4/5/2024 13:44,,,5450765.364,386566.055,1336.902,"49∞11'57.07420""","-124∞33'25.59037""",1336.906,DGPS,WGS84,CGVD_2013,Stonex,3/15/2023 10:49,
1,4/5/2024 13:25,Englishman,,Ak bf sm,N2F,CHRL 1,,No will survey later,,,,,2890,Cardinal 10 m,SW,5.0,,Depth,87.0,4/5/2024 13:35,87.0,,,,87.0,,,,,,,,,,E,,,,,,,,Good,,,,,,4/5/2024 13:44,,,5450765.364,386566.055,1336.902,"49∞11'57.07420""","-124∞33'25.59037""",1336.906,DGPS,WGS84,CGVD_2013,Stonex,3/15/2023 10:49,
1,4/5/2024 13:25,Englishman,,Ak bf sm,N2F,CHRL 1,,No will survey later,,,,,2890,Cardinal 10 m,N,10.0,,Density,160.0,4/5/2024 13:35,,145.0,0.0,3500.0,160.0,no,,,,,,,,145.0,O,,,610.0,160.0,91.0,54.357,0.34,Good,,,,,,4/5/2024 13:44,,,5450765.364,386566.055,1336.902,"49∞11'57.07420""","-124∞33'25.59037""",1336.906,DGPS,WGS84,CGVD_2013,Stonex,3/15/2023 10:49,
1,4/5/2024 13:25,Englishman,,Ak bf sm,N2F,CHRL 1,,No will survey later,,,,,2890,Cardinal 10 m,SW,2.5,,Depth,143.0,4/5/2024 13:36,143.0,,,,143.0,,,,,,,,,,O,,,,,,,,Good,,,,,,4/5/2024 13:44,,,5450765.364,386566.055,1336.902,"49∞11'57.07420""","-124∞33'25.59037""",1336.906,DGPS,WGS84,CGVD_2013,Stonex,3/15/2023 10:49,
1,4/5/2024 13:25,Englishman,,Ak bf sm,N2F,CHRL 1,,No will survey later,,,,,2890,Cardinal 10 m,NE,10.0,,Depth,167.0,4/5/2024 13:37,167.0,,,,167.0,,,,,,,,,,O,,,,,,,,Good,,,,,,4/5/2024 13:44,,,5450765.364,386566.055,1336.902,"49∞11'57.07420""","-124∞33'25.59037""",1336.906,DGPS,WGS84,CGVD_2013,Stonex,3/15/2023 10:49,
1,4/5/2024 13:25,Englishman,,Ak bf sm,N2F,CHRL 1,,No will survey later,,,,,2890,Cardinal 10 m,NE,7.5,,Depth,190.0,4/5/2024 13:37,190.0,,,,190.0,,,,,,,,,,O,,,,,,,,Good,,,,,,4/5/2024 13:44,,,5450765.364,386566.055,1336.902,"49∞11'57.07420""","-124∞33'25.59037""",1336.906,DGPS,WGS84,CGVD_2013,Stonex,3/15/2023 10:49,
1,4/5/2024 13:25,Englishman,,Ak bf sm,N2F,CHRL 1,,No will survey later,,,,,2890,Cardinal 10 m,NE,5.0,,Depth,152.0,4/5/2024 13:38,152.0,,,,152.0,,,,,,,,,,O,,,,,,,,Good,,,,,,4/5/2024 13:44,,,5450765.364,386566.055,1336.902,"49∞11'57.07420""","-124∞33'25.59037""",1336.906,DGPS,WGS84,CGVD_2013,Stonex,3/15/2023 10:49,
1,4/5/2024 13:25,Englishman,,Ak bf sm,N2F,CHRL 1,,No will survey later,,,,,2890,Cardinal 10 m,NE,2.5,,Depth,175.0,4/5/2024 13:38,175.0,,,,175.0,,,,,,,,,,O,,,,,,,,Good,,,,,,4/5/2024 13:44,,,5450765.364,386566.055,1336.902,"49∞11'57.07420""","-124∞33'25.59037""",1336.906,DGPS,WGS84,CGVD_2013,Stonex,3/15/2023 10:49,
1,4/5/2024 13:25,Englishman,,Ak bf sm,N2F,CHRL 1,,No will survey later,,,,,2890,Cardinal 10 m,E,10.0,,Density,147.0,4/5/2024 13:38,,115.0,0.0,3460.0,147.0,no,,,,,,,,115.0,E,,,570.0,147.0,78.0,50.793,0.346,Good,Gaps in snowpack so low retrieval,,,,,4/5/2024 13:44,,,5450765.364,386566.055,1336.902,"49∞11'57.07420""","-124∞33'25.59037""",1336.906,DGPS,WGS84,CGVD_2013,Stonex,3/15/2023 10:49,
1,4/5/2024 13:25,Englishman,,Ak bf sm,N2F,CHRL 1,,No will survey later,,,,,2890,Cardinal 10 m,SE,10.0,,Depth,125.0,4/5/2024 13:40,125.0,,,,125.0,,,,,,,,,,E,,,,,,,,Good,,,,,,4/5/2024 13:44,,,5450765.364,386566.055,1336.902,"49∞11'57.07420""","-124∞33'25.59037""",1336.906,DGPS,WGS84,CGVD_2013,Stonex,3/15/2023 10:49,
1,4/5/2024 13:25,Englishman,,Ak bf sm,N2F,CHRL 1,,No will survey later,,,,,2890,Cardinal 10 m,SE,7.5,,Depth,44.0,4/5/2024 13:40,44.0,,,,44.0,,,,,,,,,,U,,,,,,,,Good,,,,,,4/5/2024 13:44,,,5450765.364,386566.055,1336.902,"49∞11'57.07420""","-124∞33'25.59037""",1336.906,DGPS,WGS84,CGVD_2013,Stonex,3/15/2023 10:49,
1,4/5/2024 13:25,Englishman,,Ak bf sm,N2F,CHRL 1,,No will survey later,,,,,2890,Cardinal 10 m,Centre,,,Density,148.0,4/5/2024 13:40,,137.0,0.0,3590.0,148.0,,,,,,,,,137.0,O,,,700.0,148.0,93.0,62.377,0.421,Good,,,,,,4/5/2024 13:44,,,5450765.364,386566.055,1336.902,"49∞11'57.07420""","-124∞33'25.59037""",1336.906,DGPS,WGS84,CGVD_2013,Stonex,3/15/2023 10:49,
1,4/5/2024 13:25,Englishman,,Ak bf sm,N2F,CHRL 1,,No will survey later,,,,,2890,Cardinal 10 m,SE,5.0,,Depth,93.0,4/5/2024 13:41,93.0,,,,93.0,,,,,,,,,,U,,,,,,,,Good,,,,,,4/5/2024 13:44,,,5450765.364,386566.055,1336.902,"49∞11'57.07420""","-124∞33'25.59037""",1336.906,DGPS,WGS84,CGVD_2013,Stonex,3/15/2023 10:49,
1,4/5/2024 13:25,Englishman,,Ak bf sm,N2F,CHRL 1,,No will survey later,,,,,2890,Cardinal 10 m,SE,2.5,,Depth,132.0,4/5/2024 13:41,132.0,,,,132.0,,,,,,,,,,E,,,,,,,,Good,,,,,,4/5/2024 13:44,,,5450765.364,386566.055,1336.902,"49∞11'57.07420""","-124∞33'25.59037""",1336.906,DGPS,WGS84,CGVD_2013,Stonex,3/15/2023 10:49,
1,4/5/2024 13:25,Englishman,,Ak bf sm,N2F,CHRL 1,,No will survey later,,,,,2890,Cardinal 10 m,NW,10.0,,Depth,156.0,4/5/2024 13:42,156.0,,,,156.0,,,,,,,,,,O,,,,,,,,Good,,,,,,4/5/2024 13:44,,,5450765.364,386566.055,1336.902,"49∞11'57.07420""","-124∞33'25.59037""",1336.906,DGPS,WGS84,CGVD_2013,Stonex,3/15/2023 10:49,
1,4/5/2024 13:25,Englishman,,Ak bf sm,N2F,CHRL 1,,No will survey later,,,,,2890,Cardinal 10 m,NW,7.5,,Depth,99.0,4/5/2024 13:43,99.0,,,,99.0,,,,,,,,,,U,,,,,,,,Good,,,,,,4/5/2024 13:44,,,5450765.364,386566.055,1336.902,"49∞11'57.07420""","-124∞33'25.59037""",1336.906,DGPS,WGS84,CGVD_2013,Stonex,3/15/2023 10:49,
1,4/5/2024 13:25,Englishman,,Ak bf sm,N2F,CHRL 1,,No will survey later,,,,,2890,Cardinal 10 m,NW,5.0,,Depth,42.0,4/5/2024 13:43,42.0,,,,42.0,,,,,,,,,,U,,,,,,,,Good,,,,,,4/5/2024 13:44,,,5450765.364,386566.055,1336.902,"49∞11'57.07420""","-124∞33'25.59037""",1336.906,DGPS,WGS84,CGVD_2013,Stonex,3/15/2023 10:49,
1,4/5/2024 13:25,Englishman,,Ak bf sm,N2F,CHRL 1,,No will survey later,,,,,2890,Cardinal 10 m,NW,2.5,,Depth,119.0,4/5/2024 13:44,119.0,,,,119.0,,,,,,,,,,O,,,,,,,,Good,,,,,,4/5/2024 13:44,,,5450765.364,386566.055,1336.902,"49∞11'57.07420""","-124∞33'25.59037""",1336.906,DGPS,WGS84,CGVD_2013,Stonex,3/15/2023 10:49,
1,4/5/2024 15:35,Englishman,,Ak Sm bf,S4CC,CHRL 1,,No will survey later,,,,,1790,Cardinal 10 m,N,10.0,,Depth,90.0,4/5/2024 15:38,90.0,,,,90.0,,,,,,,,,,O,,,,,,,,Good,,,,,,4/5/2024 15:56,,,5451538.344,387178.632,1263.937,"49∞12'22.48778""","-124∞32'56.10875""",1263.749,DGPS,WGS84,CGVD_2013,Stonex,3/15/2023 16:04,
1,4/5/2024 15:35,Englishman,,Ak Sm bf,S4CC,CHRL 1,,No will survey later,,,,,1790,Cardinal 10 m,N,7.5,,Depth,58.0,4/5/2024 15:40,58.0,,,,58.0,,,,,,,,,,O,,,,,,,,Good,,,,,,4/5/2024 15:56,,,5451538.344,387178.632,1263.937,"49∞12'22.48778""","-124∞32'56.10875""",1263.749,DGPS,WGS84,CGVD_2013,Stonex,3/15/2023 16:04,
1,4/5/2024 15:35,Englishman,,Ak Sm bf,S4CC,CHRL 1,,No will survey later,,,,,1790,Cardinal 10 m,N,5.0,,Depth,40.0,4/5/2024 15:40,40.0,,,,40.0,,,,,,,,,,O,,,,,,,,Good,,,,,,4/5/2024 15:56,,,5451538.344,387178.632,1263.937,"49∞12'22.48778""","-124∞32'56.10875""",1263.749,DGPS,WGS84,CGVD_2013,Stonex,3/15/2023 16:04,
1,4/5/2024 15:35,Englishman,,Ak Sm bf,S4CC,CHRL 1,,No will survey later,,,,,1790,Cardinal 10 m,N,2.5,,Depth,0.0,4/5/2024 15:40,0.0,,,,0.0,,,,,,,,,,O,,,,,,,,Good,,,,,,4/5/2024 15:56,,,5451538.344,387178.632,1263.937,"49∞12'22.48778""","-124∞32'56.10875""",1263.749,DGPS,WGS84,CGVD_2013,Stonex,3/15/2023 16:04,
1,4/5/2024 15:35,Englishman,,Ak Sm bf,S4CC,CHRL 1,,No will survey later,,,,,1790,Cardinal 10 m,Centre,,,Depth,0.0,4/5/2024 15:40,0.0,,,,0.0,,,,,,,,,,O,,,,,,,,Good,,,,,,4/5/2024 15:56,,,5451538.344,387178.632,1263.937,"49∞12'22.48778""","-124∞32'56.10875""",1263.749,DGPS,WGS84,CGVD_2013,Stonex,3/15/2023 16:04,
1,4/5/2024 15:35,Englishman,,Ak Sm bf,S4CC,CHRL 1,,No will survey later,,,,,1790,Cardinal 10 m,S,10.0,,Depth,135.0,4/5/2024 15:41,135.0,,,,135.0,,,,,,,,,,O,,,,,,,,Good,,,,,,4/5/2024 15:56,,,5451538.344,387178.632,1263.937,"49∞12'22.48778""","-124∞32'56.10875""",1263.749,DGPS,WGS84,CGVD_2013,Stonex,3/15/2023 16:04,
1,4/5/2024 15:35,Englishman,,Ak Sm bf,S4CC,CHRL 1,,No will survey later,,,,,1790,Cardinal 10 m,N,10.0,,Density,95.0,4/5/2024 15:41,,80.0,0.0,2300.0,95.0,,,,,,,,,80.0,O,,,510.0,95.0,84.0,45.446,0.478,Good,,,,,,4/5/2024 15:56,,,5451538.344,387178.632,1263.937,"49∞12'22.48778""","-124∞32'56.10875""",1263.749,DGPS,WGS84,CGVD_2013,Stonex,3/15/2023 16:04,
1,4/5/2024 15:35,Englishman,,Ak Sm bf,S4CC,CHRL 1,,No will survey later,,,,,1790,Cardinal 10 m,S,7.5,,Depth,125.0,4/5/2024 15:42,125.0,,,,125.0,,,,,,,,,,O,,,,,,,,Good,,,,,,4/5/2024 15:56,,,5451538.344,387178.632,1263.937,"49∞12'22.48778""","-124∞32'56.10875""",1263.749,DGPS,WGS84,CGVD_2013,Stonex,3/15/2023 16:04,
1,4/5/2024 15:35,Englishman,,Ak Sm bf,S4CC,CHRL 1,,No will survey later,,,,,1790,Cardinal 10 m,S,5.0,,Depth,0.0,4/5/2024 15:42,0.0,,,,0.0,,,,,,,,,,O,,,,,,,,Good,,,,,,4/5/2024 15:56,,,5451538.344,387178.632,1263.937,"49∞12'22.48778""","-124∞32'56.10875""",1263.749,DGPS,WGS84,CGVD_2013,Stonex,3/15/2023 16:04,
1,4/5/2024 15:35,Englishman,,Ak Sm bf,S4CC,CHRL 1,,No will survey later,,,,,1790,Cardinal 10 m,S,2.5,,Depth,0.0,4/5/2024 15:42,0.0,,,,0.0,,,,,,,,,,O,,,,,,,,Good,,,,,,4/5/2024 15:56,,,5451538.344,387178.632,1263.937,"49∞12'22.48778""","-124∞32'56.10875""",1263.749,DGPS,WGS84,CGVD_2013,Stonex,3/15/2023 16:04,
1,4/5/2024 15:35,Englishman,,Ak Sm bf,S4CC,CHRL 1,,No will survey later,,,,,1790,Cardinal 10 m,E,10.0,,Density,100.0,4/5/2024 15:44,,95.0,0.0,2290.0,100.0,no,,,,,,,,95.0,O,,,500.0,100.0,95.0,44.555,0.446,Good,,,,,,4/5/2024 15:56,,,5451538.344,387178.632,1263.937,"49∞12'22.48778""","-124∞32'56.10875""",1263.749,DGPS,WGS84,CGVD_2013,Stonex,3/15/2023 16:04,
1,4/5/2024 15:35,Englishman,,Ak Sm bf,S4CC,CHRL 1,,No will survey later,,,,,1790,Cardinal 10 m,E,2.5,,Density,27.0,4/5/2024 15:45,,25.0,0.0,1960.0,27.0,no,,,,,,,,25.0,O,,,170.0,27.0,93.0,15.149,0.561,Good,,,,,,4/5/2024 15:56,,,5451538.344,387178.632,1263.937,"49∞12'22.48778""","-124∞32'56.10875""",1263.749,DGPS,WGS84,CGVD_2013,Stonex,3/15/2023 16:04,
1,4/5/2024 15:35,Englishman,,Ak Sm bf,S4CC,CHRL 1,,No will survey later,,,,,1790,Cardinal 10 m,W,10.0,,Depth,70.0,4/5/2024 15:46,70.0,,,,70.0,,,,,,,,,,O,,,,,,,,,,,,,,4/5/2024 15:56,,,5451538.344,387178.632,1263.937,"49∞12'22.48778""","-124∞32'56.10875""",1263.749,DGPS,WGS84,CGVD_2013,Stonex,3/15/2023 16:04,
1,4/5/2024 15:35,Englishman,,Ak Sm bf,S4CC,CHRL 1,,No will survey later,,,,,1790,Cardinal 10 m,W,7.5,,Depth,0.0,4/5/2024 15:46,0.0,,,,0.0,,,,,,,,,,O,,,,,,,,Good,,,,,,4/5/2024 15:56,,,5451538.344,387178.632,1263.937,"49∞12'22.48778""","-124∞32'56.10875""",1263.749,DGPS,WGS84,CGVD_2013,Stonex,3/15/2023 16:04,
1,4/5/2024 15:35,Englishman,,Ak Sm bf,S4CC,CHRL 1,,No will survey later,,,,,1790,Cardinal 10 m,W,5.0,,Depth,0.0,4/5/2024 15:46,0.0,,,,0.0,,,,,,,,,,O,,,,,,,,Good,,,,,,4/5/2024 15:56,,,5451538.344,387178.632,1263.937,"49∞12'22.48778""","-124∞32'56.10875""",1263.749,DGPS,WGS84,CGVD_2013,Stonex,3/15/2023 16:04,
1,4/5/2024 15:35,Englishman,,Ak Sm bf,S4CC,CHRL 1,,No will survey later,,,,,1790,Cardinal 10 m,W,2.5,,Depth,0.0,4/5/2024 15:47,0.0,,,,0.0,,,,,,,,,,O,,,,,,,,Good,,,,,,4/5/2024 15:56,,,5451538.344,387178.632,1263.937,"49∞12'22.48778""","-124∞32'56.10875""",1263.749,DGPS,WGS84,CGVD_2013,Stonex,3/15/2023 16:04,
1,4/5/2024 15:35,Englishman,,Ak Sm bf,S4CC,CHRL 1,,No will survey later,,,,,1790,Cardinal 10 m,E,2.5,,Depth,35.0,4/5/2024 15:47,35.0,,,,35.0,,,,,,,,,,O,,,,,,,,Good,,,,,,4/5/2024 15:56,,,5451538.344,387178.632,1263.937,"49∞12'22.48778""","-124∞32'56.10875""",1263.749,DGPS,WGS84,CGVD_2013,Stonex,3/15/2023 16:04,
1,4/5/2024 15:35,Englishman,,Ak Sm bf,S4CC,CHRL 1,,No will survey later,,,,,1790,Cardinal 10 m,E,5.0,,Depth,32.0,4/5/2024 15:47,32.0,,,,32.0,,,,,,,,,,O,,,,,,,,Good,,,,,,4/5/2024 15:56,,,5451538.344,387178.632,1263.937,"49∞12'22.48778""","-124∞32'56.10875""",1263.749,DGPS,WGS84,CGVD_2013,Stonex,3/15/2023 16:04,
1,4/5/2024 15:35,Englishman,,Ak Sm bf,S4CC,CHRL 1,,No will survey later,,,,,1790,Cardinal 10 m,E,7.5,,Depth,52.0,4/5/2024 15:47,52.0,,,,52.0,,,,,,,,,,O,,,,,,,,Good,,,,,,4/5/2024 15:56,,,5451538.344,387178.632,1263.937,"49∞12'22.48778""","-124∞32'56.10875""",1263.749,DGPS,WGS84,CGVD_2013,Stonex,3/15/2023 16:04,
1,4/5/2024 15:35,Englishman,,Ak Sm bf,S4CC,CHRL 1,,No will survey later,,,,,1790,Cardinal 10 m,E,10.0,,Depth,110.0,4/5/2024 15:47,110.0,,,,110.0,,,,,,,,,,O,,,,,,,,Good,,,,,,4/5/2024 15:56,,,5451538.344,387178.632,1263.937,"49∞12'22.48778""","-124∞32'56.10875""",1263.749,DGPS,WGS84,CGVD_2013,Stonex,3/15/2023 16:04,
1,4/5/2024 15:35,Englishman,,Ak Sm bf,S4CC,CHRL 1,,No will survey later,,,,,1790,Cardinal 10 m,S,10.0,,Density,90.0,4/5/2024 15:48,,70.0,0.0,2250.0,90.0,no,,,,,,,,70.0,O,,,460.0,90.0,78.0,40.991,0.455,Good,,,,,,4/5/2024 15:56,,,5451538.344,387178.632,1263.937,"49∞12'22.48778""","-124∞32'56.10875""",1263.749,DGPS,WGS84,CGVD_2013,Stonex,3/15/2023 16:04,
1,4/5/2024 15:35,Englishman,,Ak Sm bf,S4CC,CHRL 1,,No will survey later,,,,,1790,Cardinal 10 m,NE,10.0,,Depth,183.0,4/5/2024 15:49,183.0,,,,183.0,,,,,,,,,,O,,,,,,,,Good,,,,,,4/5/2024 15:56,,,5451538.344,387178.632,1263.937,"49∞12'22.48778""","-124∞32'56.10875""",1263.749,DGPS,WGS84,CGVD_2013,Stonex,3/15/2023 16:04,
1,4/5/2024 15:35,Englishman,,Ak Sm bf,S4CC,CHRL 1,,No will survey later,,,,,1790,Cardinal 10 m,NE,7.5,,Depth,104.0,4/5/2024 15:49,104.0,,,,104.0,,,,,,,,,,O,,,,,,,,Good,,,,,,4/5/2024 15:56,,,5451538.344,387178.632,1263.937,"49∞12'22.48778""","-124∞32'56.10875""",1263.749,DGPS,WGS84,CGVD_2013,Stonex,3/15/2023 16:04,
1,4/5/2024 15:35,Englishman,,Ak Sm bf,S4CC,CHRL 1,,No will survey later,,,,,1790,Cardinal 10 m,NE,5.0,,Depth,50.0,4/5/2024 15:49,50.0,,,,50.0,,,,,,,,,,O,,,,,,,,Good,,,,,,4/5/2024 15:56,,,5451538.344,387178.632,1263.937,"49∞12'22.48778""","-124∞32'56.10875""",1263.749,DGPS,WGS84,CGVD_2013,Stonex,3/15/2023 16:04,
1,4/5/2024 15:35,Englishman,,Ak Sm bf,S4CC,CHRL 1,,No will survey later,,,,,1790,Cardinal 10 m,NE,2.5,,Depth,21.0,4/5/2024 15:49,21.0,,,,21.0,,,,,,,,,,O,,,,,,,,Good,,,,,,4/5/2024 15:56,,,5451538.344,387178.632,1263.937,"49∞12'22.48778""","-124∞32'56.10875""",1263.749,DGPS,WGS84,CGVD_2013,Stonex,3/15/2023 16:04,
1,4/5/2024 15:35,Englishman,,Ak Sm bf,S4CC,CHRL 1,,No will survey later,,,,,1790,Cardinal 10 m,W,10.0,,Density,42.0,4/5/2024 15:51,,30.0,0.0,2020.0,42.0,no,,,,,,,,30.0,O,,,230.0,42.0,71.0,20.495,0.488,Good,,,,,,4/5/2024 15:56,,,5451538.344,387178.632,1263.937,"49∞12'22.48778""","-124∞32'56.10875""",1263.749,DGPS,WGS84,CGVD_2013,Stonex,3/15/2023 16:04,
1,4/5/2024 15:35,Englishman,,Ak Sm bf,S4CC,CHRL 1,,No will survey later,,,,,1790,Cardinal 10 m,SW,10.0,,Depth,59.0,4/5/2024 15:52,59.0,,,,59.0,,,,,,,,,,O,,,,,,,,Good,,,,,,4/5/2024 15:56,,,5451538.344,387178.632,1263.937,"49∞12'22.48778""","-124∞32'56.10875""",1263.749,DGPS,WGS84,CGVD_2013,Stonex,3/15/2023 16:04,
1,4/5/2024 15:35,Englishman,,Ak Sm bf,S4CC,CHRL 1,,No will survey later,,,,,1790,Cardinal 10 m,SW,7.5,,Depth,88.0,4/5/2024 15:52,88.0,,,,88.0,,,,,,,,,,O,,,,,,,,Good,,,,,,4/5/2024 15:56,,,5451538.344,387178.632,1263.937,"49∞12'22.48778""","-124∞32'56.10875""",1263.749,DGPS,WGS84,CGVD_2013,Stonex,3/15/2023 16:04,
1,4/5/2024 15:35,Englishman,,Ak Sm bf,S4CC,CHRL 1,,No will survey later,,,,,1790,Cardinal 10 m,SW,5.0,,Depth,61.0,4/5/2024 15:52,61.0,,,,61.0,,,,,,,,,,O,,,,,,,,Good,,,,,,4/5/2024 15:56,,,5451538.344,387178.632,1263.937,"49∞12'22.48778""","-124∞32'56.10875""",1263.749,DGPS,WGS84,CGVD_2013,Stonex,3/15/2023 16:04,
1,4/5/2024 15:35,Englishman,,Ak Sm bf,S4CC,CHRL 1,,No will survey later,,,,,1790,Cardinal 10 m,SW,2.5,,Depth,0.0,4/5/2024 15:52,0.0,,,,0.0,,,,,,,,,,O,,,,,,,,Good,,,,,,4/5/2024 15:56,,,5451538.344,387178.632,1263.937,"49∞12'22.48778""","-124∞32'56.10875""",1263.749,DGPS,WGS84,CGVD_2013,Stonex,3/15/2023 16:04,
1,4/5/2024 15:35,Englishman,,Ak Sm bf,S4CC,CHRL 1,,No will survey later,,,,,1790,Cardinal 10 m,SE,10.0,,Depth,115.0,4/5/2024 15:54,115.0,,,,115.0,,,,,,,,,,O,,,,,,,,Good,,,,,,4/5/2024 15:56,,,5451538.344,387178.632,1263.937,"49∞12'22.48778""","-124∞32'56.10875""",1263.749,DGPS,WGS84,CGVD_2013,Stonex,3/15/2023 16:04,
1,4/5/2024 15:35,Englishman,,Ak Sm bf,S4CC,CHRL 1,,No will survey later,,,,,1790,Cardinal 10 m,SE,7.5,,Depth,102.0,4/5/2024 15:54,102.0,,,,102.0,,,,,,,,,,O,,,,,,,,Good,,,,,,4/5/2024 15:56,,,5451538.344,387178.632,1263.937,"49∞12'22.48778""","-124∞32'56.10875""",1263.749,DGPS,WGS84,CGVD_2013,Stonex,3/15/2023 16:04,
1,4/5/2024 15:35,Englishman,,Ak Sm bf,S4CC,CHRL 1,,No will survey later,,,,,1790,Cardinal 10 m,SE,5.0,,Depth,45.0,4/5/2024 15:54,45.0,,,,45.0,,,,,,,,,,O,,,,,,,,Good,,,,,,4/5/2024 15:56,,,5451538.344,387178.632,1263.937,"49∞12'22.48778""","-124∞32'56.10875""",1263.749,DGPS,WGS84,CGVD_2013,Stonex,3/15/2023 16:04,
1,4/5/2024 15:35,Englishman,,Ak Sm bf,S4CC,CHRL 1,,No will survey later,,,,,1790,Cardinal 10 m,SE,2.5,,Depth,0.0,4/5/2024 15:55,0.0,,,,0.0,,,,,,,,,,O,,,,,,,,Good,,,,,,4/5/2024 15:56,,,5451538.344,387178.632,1263.937,"49∞12'22.48778""","-124∞32'56.10875""",1263.749,DGPS,WGS84,CGVD_2013,Stonex,3/15/2023 16:04,
1,4/5/2024 15:35,Englishman,,Ak Sm bf,S4CC,CHRL 1,,No will survey later,,,,,1790,Cardinal 10 m,NW,10.0,,Depth,132.0,4/5/2024 15:55,132.0,,,,132.0,,,,,,,,,,O,,,,,,,,Good,,,,,,4/5/2024 15:56,,,5451538.344,387178.632,1263.937,"49∞12'22.48778""","-124∞32'56.10875""",1263.749,DGPS,WGS84,CGVD_2013,Stonex,3/15/2023 16:04,
1,4/5/2024 15:35,Englishman,,Ak Sm bf,S4CC,CHRL 1,,No will survey later,,,,,1790,Cardinal 10 m,NW,7.5,,Depth,38.0,4/5/2024 15:56,38.0,,,,38.0,,,,,,,,,,O,,,,,,,,Good,,,,,,4/5/2024 15:56,,,5451538.344,387178.632,1263.937,"49∞12'22.48778""","-124∞32'56.10875""",1263.749,DGPS,WGS84,CGVD_2013,Stonex,3/15/2023 16:04,
1,4/5/2024 15:35,Englishman,,Ak Sm bf,S4CC,CHRL 1,,No will survey later,,,,,1790,Cardinal 10 m,NW,5.0,,Depth,5.0,4/5/2024 15:56,5.0,,,,5.0,,,,,,,,,,O,,,,,,,,Good,,,,,,4/5/2024 15:56,,,5451538.344,387178.632,1263.937,"49∞12'22.48778""","-124∞32'56.10875""",1263.749,DGPS,WGS84,CGVD_2013,Stonex,3/15/2023 16:04,
1,4/5/2024 15:35,Englishman,,Ak Sm bf,S4CC,CHRL 1,,No will survey later,,,,,1790,Cardinal 10 m,NW,2.5,,Depth,45.0,4/5/2024 15:56,45.0,,,,45.0,,,,,,,,,,O,,,,,,,,Good,,,,,,4/5/2024 15:56,,,5451538.344,387178.632,1263.937,"49∞12'22.48778""","-124∞32'56.10875""",1263.749,DGPS,WGS84,CGVD_2013,Stonex,3/15/2023 16:04,
1,4/5/2024 14:03,Englishman,,Ak bf sm,W3F,CHRL 1,,No will survey later,,,,,2360,Cardinal 10 m,S,10.0,,Depth,73.0,4/5/2024 14:08,73.0,,,,73.0,,,,,,,,,,U,,,,,,,,Good,,,,,,4/5/2024 14:26,,,5451223.74,386818.908,1248.815,"49∞12'12.07393""","-124∞33'13.57357""",1248.439,DGPS,WGS84,CGVD_2013,Stonex,3/15/2023 12:36,
1,4/5/2024 14:03,Englishman,,Ak bf sm,W3F,CHRL 1,,No will survey later,,,,,2360,Cardinal 10 m,S,7.5,,Depth,54.0,4/5/2024 14:08,54.0,,,,54.0,,,,,,,,,,"U,TW",,,,,,,,Good,,,,,,4/5/2024 14:26,,,5451223.74,386818.908,1248.815,"49∞12'12.07393""","-124∞33'13.57357""",1248.439,DGPS,WGS84,CGVD_2013,Stonex,3/15/2023 12:36,
1,4/5/2024 14:03,Englishman,,Ak bf sm,W3F,CHRL 1,,No will survey later,,,,,2360,Cardinal 10 m,S,5.0,,Depth,84.0,4/5/2024 14:08,84.0,,,,84.0,,,,,,,,,,O,,,,,,,,Good,,,,,,4/5/2024 14:26,,,5451223.74,386818.908,1248.815,"49∞12'12.07393""","-124∞33'13.57357""",1248.439,DGPS,WGS84,CGVD_2013,Stonex,3/15/2023 12:36,
1,4/5/2024 14:03,Englishman,,Ak bf sm,W3F,CHRL 1,,No will survey later,,,,,2360,Cardinal 10 m,S,2.5,,Depth,83.0,4/5/2024 14:09,83.0,,,,83.0,,,,,,,,,,O,,,,,,,,Good,,,,,,4/5/2024 14:26,,,5451223.74,386818.908,1248.815,"49∞12'12.07393""","-124∞33'13.57357""",1248.439,DGPS,WGS84,CGVD_2013,Stonex,3/15/2023 12:36,
1,4/5/2024 14:03,Englishman,,Ak bf sm,W3F,CHRL 1,,No will survey later,,,,,2360,Cardinal 10 m,S,10.0,,Density,75.0,4/5/2024 14:10,,74.0,0.0,2660.0,75.0,no,,,,,,,,74.0,U,,,300.0,75.0,99.0,26.733,0.356,Good,,,,,,4/5/2024 14:26,,,5451223.74,386818.908,1248.815,"49∞12'12.07393""","-124∞33'13.57357""",1248.439,DGPS,WGS84,CGVD_2013,Stonex,3/15/2023 12:36,
1,4/5/2024 14:03,Englishman,,Ak bf sm,W3F,CHRL 1,,No will survey later,,,,,2360,Cardinal 10 m,N,10.0,,Depth,88.0,4/5/2024 14:11,88.0,,,,88.0,,,,,,,,,,U,,,,,,,,Good,,,,,,4/5/2024 14:26,,,5451223.74,386818.908,1248.815,"49∞12'12.07393""","-124∞33'13.57357""",1248.439,DGPS,WGS84,CGVD_2013,Stonex,3/15/2023 12:36,
1,4/5/2024 14:03,Englishman,,Ak bf sm,W3F,CHRL 1,,No will survey later,,,,,2360,Cardinal 10 m,N,7.5,,Depth,44.0,4/5/2024 14:11,44.0,,,,44.0,,,,,,,,,,U,,,,,,,,Good,,,,,,4/5/2024 14:26,,,5451223.74,386818.908,1248.815,"49∞12'12.07393""","-124∞33'13.57357""",1248.439,DGPS,WGS84,CGVD_2013,Stonex,3/15/2023 12:36,
1,4/5/2024 14:03,Englishman,,Ak bf sm,W3F,CHRL 1,,No will survey later,,,,,2360,Cardinal 10 m,N,5.0,,Depth,55.0,4/5/2024 14:11,55.0,,,,55.0,,,,,,,,,,U,,,,,,,,Good,,,,,,4/5/2024 14:26,,,5451223.74,386818.908,1248.815,"49∞12'12.07393""","-124∞33'13.57357""",1248.439,DGPS,WGS84,CGVD_2013,Stonex,3/15/2023 12:36,
1,4/5/2024 14:03,Englishman,,Ak bf sm,W3F,CHRL 1,,No will survey later,,,,,2360,Cardinal 10 m,N,2.5,,Depth,100.0,4/5/2024 14:12,100.0,,,,100.0,,,,,,,,,,E,,,,,,,,Good,,,,,,4/5/2024 14:26,,,5451223.74,386818.908,1248.815,"49∞12'12.07393""","-124∞33'13.57357""",1248.439,DGPS,WGS84,CGVD_2013,Stonex,3/15/2023 12:36,
1,4/5/2024 14:03,Englishman,,Ak bf sm,W3F,CHRL 1,,No will survey later,,,,,2360,Cardinal 10 m,Centre,,,Depth,99.0,4/5/2024 14:12,99.0,,,,99.0,,,,,,,,,,O,,,,,,,,Good,,,,,,4/5/2024 14:26,,,5451223.74,386818.908,1248.815,"49∞12'12.07393""","-124∞33'13.57357""",1248.439,DGPS,WGS84,CGVD_2013,Stonex,3/15/2023 12:36,
1,4/5/2024 14:03,Englishman,,Ak bf sm,W3F,CHRL 1,,No will survey later,,,,,2360,Cardinal 10 m,W,,,Density,100.0,4/5/2024 14:13,,92.0,0.0,2810.0,100.0,no,,,,,,,,92.0,U,,,450.0,100.0,92.0,40.1,0.401,Good,,,,,,4/5/2024 14:26,,,5451223.74,386818.908,1248.815,"49∞12'12.07393""","-124∞33'13.57357""",1248.439,DGPS,WGS84,CGVD_2013,Stonex,3/15/2023 12:36,
1,4/5/2024 14:03,Englishman,,Ak bf sm,W3F,CHRL 1,,No will survey later,,,,,2360,Cardinal 10 m,E,10.0,,Depth,66.0,4/5/2024 14:15,66.0,,,,66.0,,,,,,,,,,U,,,,,,,,Good,,,,,,4/5/2024 14:26,,,5451223.74,386818.908,1248.815,"49∞12'12.07393""","-124∞33'13.57357""",1248.439,DGPS,WGS84,CGVD_2013,Stonex,3/15/2023 12:36,
1,4/5/2024 14:03,Englishman,,Ak bf sm,W3F,CHRL 1,,No will survey later,,,,,2360,Cardinal 10 m,E,7.5,,Depth,50.0,4/5/2024 14:15,50.0,,,,50.0,,,,,,,,,,U,,,,,,,,Good,,,,,,4/5/2024 14:26,,,5451223.74,386818.908,1248.815,"49∞12'12.07393""","-124∞33'13.57357""",1248.439,DGPS,WGS84,CGVD_2013,Stonex,3/15/2023 12:36,
1,4/5/2024 14:03,Englishman,,Ak bf sm,W3F,CHRL 1,,No will survey later,,,,,2360,Cardinal 10 m,E,5.0,,Depth,60.0,4/5/2024 14:15,60.0,,,,60.0,,,,,,,,,,E,,,,,,,,Good,,,,,,4/5/2024 14:26,,,5451223.74,386818.908,1248.815,"49∞12'12.07393""","-124∞33'13.57357""",1248.439,DGPS,WGS84,CGVD_2013,Stonex,3/15/2023 12:36,
1,4/5/2024 14:03,Englishman,,Ak bf sm,W3F,CHRL 1,,No will survey later,,,,,2360,Cardinal 10 m,E,2.5,,Depth,96.0,4/5/2024 14:15,96.0,,,,96.0,,,,,,,,,,O,,,,,,,,Good,,,,,,4/5/2024 14:26,,,5451223.74,386818.908,1248.815,"49∞12'12.07393""","-124∞33'13.57357""",1248.439,DGPS,WGS84,CGVD_2013,Stonex,3/15/2023 12:36,
1,4/5/2024 14:03,Englishman,,Ak bf sm,W3F,CHRL 1,,No will survey later,,,,,2360,Cardinal 10 m,W,2.5,,Depth,114.0,4/5/2024 14:16,114.0,,,,114.0,,,,,,,,,,O,,,,,,,,Good,,,,,,4/5/2024 14:26,,,5451223.74,386818.908,1248.815,"49∞12'12.07393""","-124∞33'13.57357""",1248.439,DGPS,WGS84,CGVD_2013,Stonex,3/15/2023 12:36,
1,4/5/2024 14:03,Englishman,,Ak bf sm,W3F,CHRL 1,,No will survey later,,,,,2360,Cardinal 10 m,W,5.0,,Depth,57.0,4/5/2024 14:16,57.0,,,,57.0,,,,,,,,,,U,,,,,,,,Good,,,,,,4/5/2024 14:26,,,5451223.74,386818.908,1248.815,"49∞12'12.07393""","-124∞33'13.57357""",1248.439,DGPS,WGS84,CGVD_2013,Stonex,3/15/2023 12:36,
1,4/5/2024 14:03,Englishman,,Ak bf sm,W3F,CHRL 1,,No will survey later,,,,,2360,Cardinal 10 m,W,7.5,,Depth,108.0,4/5/2024 14:16,108.0,,,,108.0,,,,,,,,,,E,,,,,,,,Good,,,,,,4/5/2024 14:26,,,5451223.74,386818.908,1248.815,"49∞12'12.07393""","-124∞33'13.57357""",1248.439,DGPS,WGS84,CGVD_2013,Stonex,3/15/2023 12:36,
1,4/5/2024 14:03,Englishman,,Ak bf sm,W3F,CHRL 1,,No will survey later,,,,,2360,Cardinal 10 m,W,10.0,,Depth,94.0,4/5/2024 14:17,94.0,,,,94.0,,,,,,,,,,U,,,,,,,,Good,,,,,,4/5/2024 14:26,,,5451223.74,386818.908,1248.815,"49∞12'12.07393""","-124∞33'13.57357""",1248.439,DGPS,WGS84,CGVD_2013,Stonex,3/15/2023 12:36,
1,4/5/2024 14:03,Englishman,,Ak bf sm,W3F,CHRL 1,,No will survey later,,,,,2360,Cardinal 10 m,NE,10.0,,Depth,100.0,4/5/2024 14:20,100.0,,,,100.0,,,,,,,,,,U,,,,,,,,Good,,,,,,4/5/2024 14:26,,,5451223.74,386818.908,1248.815,"49∞12'12.07393""","-124∞33'13.57357""",1248.439,DGPS,WGS84,CGVD_2013,Stonex,3/15/2023 12:36,
1,4/5/2024 14:03,Englishman,,Ak bf sm,W3F,CHRL 1,,No will survey later,,,,,2360,Cardinal 10 m,E,10.0,,Density,69.0,4/5/2024 14:18,,68.0,0.0,2620.0,69.0,no,,,,,,,,68.0,U,,,260.0,69.0,99.0,23.169,0.336,Good,,,,,,4/5/2024 14:26,,,5451223.74,386818.908,1248.815,"49∞12'12.07393""","-124∞33'13.57357""",1248.439,DGPS,WGS84,CGVD_2013,Stonex,3/15/2023 12:36,
1,4/5/2024 14:03,Englishman,,Ak bf sm,W3F,CHRL 1,,No will survey later,,,,,2360,Cardinal 10 m,NE,7.5,,Depth,68.0,4/5/2024 14:20,68.0,,,,68.0,,,,,,,,,,U,,,,,,,,Good,,,,,,4/5/2024 14:26,,,5451223.74,386818.908,1248.815,"49∞12'12.07393""","-124∞33'13.57357""",1248.439,DGPS,WGS84,CGVD_2013,Stonex,3/15/2023 12:36,
1,4/5/2024 14:03,Englishman,,Ak bf sm,W3F,CHRL 1,,No will survey later,,,,,2360,Cardinal 10 m,NE,5.0,,Depth,52.0,4/5/2024 14:20,52.0,,,,52.0,,,,,,,,,,U,,,,,,,,Good,,,,,,4/5/2024 14:26,,,5451223.74,386818.908,1248.815,"49∞12'12.07393""","-124∞33'13.57357""",1248.439,DGPS,WGS84,CGVD_2013,Stonex,3/15/2023 12:36,
1,4/5/2024 14:03,Englishman,,Ak bf sm,W3F,CHRL 1,,No will survey later,,,,,2360,Cardinal 10 m,NE,2.5,,Depth,100.0,4/5/2024 14:20,100.0,,,,100.0,,,,,,,,,,O,,,,,,,,Good,,,,,,4/5/2024 14:26,,,5451223.74,386818.908,1248.815,"49∞12'12.07393""","-124∞33'13.57357""",1248.439,DGPS,WGS84,CGVD_2013,Stonex,3/15/2023 12:36,
1,4/5/2024 14:03,Englishman,,Ak bf sm,W3F,CHRL 1,,No will survey later,,,,,2360,Cardinal 10 m,Centre,,,Density,96.0,4/5/2024 14:20,,94.0,0.0,2800.0,96.0,no,,,,,,,,94.0,O,,,440.0,96.0,98.0,39.208,0.408,Good,,,,,,4/5/2024 14:26,,,5451223.74,386818.908,1248.815,"49∞12'12.07393""","-124∞33'13.57357""",1248.439,DGPS,WGS84,CGVD_2013,Stonex,3/15/2023 12:36,
1,4/5/2024 14:03,Englishman,,Ak bf sm,W3F,CHRL 1,,No will survey later,,,,,2360,Cardinal 10 m,SW,10.0,,Depth,98.0,4/5/2024 14:21,98.0,,,,98.0,,,,,,,,,,U,,,,,,,,Good,,,,,,4/5/2024 14:26,,,5451223.74,386818.908,1248.815,"49∞12'12.07393""","-124∞33'13.57357""",1248.439,DGPS,WGS84,CGVD_2013,Stonex,3/15/2023 12:36,
1,4/5/2024 14:03,Englishman,,Ak bf sm,W3F,CHRL 1,,No will survey later,,,,,2360,Cardinal 10 m,SW,7.5,,Depth,124.0,4/5/2024 14:21,124.0,,,,124.0,,,,,,,,,,E,,,,,,,,Good,,,,,,4/5/2024 14:26,,,5451223.74,386818.908,1248.815,"49∞12'12.07393""","-124∞33'13.57357""",1248.439,DGPS,WGS84,CGVD_2013,Stonex,3/15/2023 12:36,
1,4/5/2024 14:03,Englishman,,Ak bf sm,W3F,CHRL 1,,No will survey later,,,,,2360,Cardinal 10 m,SW,5.0,,Depth,124.0,4/5/2024 14:22,124.0,,,,124.0,,,,,,,,,,O,,,,,,,,Good,,,,,,4/5/2024 14:26,,,5451223.74,386818.908,1248.815,"49∞12'12.07393""","-124∞33'13.57357""",1248.439,DGPS,WGS84,CGVD_2013,Stonex,3/15/2023 12:36,
1,4/5/2024 14:03,Englishman,,Ak bf sm,W3F,CHRL 1,,No will survey later,,,,,2360,Cardinal 10 m,SW,2.5,,Depth,117.0,4/5/2024 14:22,117.0,,,,117.0,,,,,,,,,,O,,,,,,,,Good,,,,,,4/5/2024 14:26,,,5451223.74,386818.908,1248.815,"49∞12'12.07393""","-124∞33'13.57357""",1248.439,DGPS,WGS84,CGVD_2013,Stonex,3/15/2023 12:36,
1,4/5/2024 14:03,Englishman,,Ak bf sm,W3F,CHRL 1,,No will survey later,,,,,2360,Cardinal 10 m,SE,10.0,,Depth,102.0,4/5/2024 14:24,102.0,,,,102.0,,,,,,,,,,U,,,,,,,,Good,,,,,,4/5/2024 14:26,,,5451223.74,386818.908,1248.815,"49∞12'12.07393""","-124∞33'13.57357""",1248.439,DGPS,WGS84,CGVD_2013,Stonex,3/15/2023 12:36,
1,4/5/2024 14:03,Englishman,,Ak bf sm,W3F,CHRL 1,,No will survey later,,,,,2360,Cardinal 10 m,SE,7.5,,Depth,75.0,4/5/2024 14:24,75.0,,,,75.0,,,,,,,,,,U,,,,,,,,Good,,,,,,4/5/2024 14:26,,,5451223.74,386818.908,1248.815,"49∞12'12.07393""","-124∞33'13.57357""",1248.439,DGPS,WGS84,CGVD_2013,Stonex,3/15/2023 12:36,
1,4/5/2024 14:03,Englishman,,Ak bf sm,W3F,CHRL 1,,No will survey later,,,,,2360,Cardinal 10 m,S,5.0,,Depth,62.0,4/5/2024 14:24,62.0,,,,62.0,,,,,,,,,,U,,,,,,,,Good,,,,,,4/5/2024 14:26,,,5451223.74,386818.908,1248.815,"49∞12'12.07393""","-124∞33'13.57357""",1248.439,DGPS,WGS84,CGVD_2013,Stonex,3/15/2023 12:36,
1,4/5/2024 14:03,Englishman,,Ak bf sm,W3F,CHRL 1,,No will survey later,,,,,2360,Cardinal 10 m,SE,2.5,,Depth,89.0,4/5/2024 14:25,89.0,,,,89.0,,,,,,,,,,U,,,,,,,,Good,,,,,,4/5/2024 14:26,,,5451223.74,386818.908,1248.815,"49∞12'12.07393""","-124∞33'13.57357""",1248.439,DGPS,WGS84,CGVD_2013,Stonex,3/15/2023 12:36,
1,4/5/2024 14:03,Englishman,,Ak bf sm,W3F,CHRL 1,,No will survey later,,,,,2360,Cardinal 10 m,NW,10.0,,Depth,155.0,4/5/2024 14:26,155.0,,,,155.0,,,,,,,,,,O,,,,,,,,Good,,,,,,4/5/2024 14:26,,,5451223.74,386818.908,1248.815,"49∞12'12.07393""","-124∞33'13.57357""",1248.439,DGPS,WGS84,CGVD_2013,Stonex,3/15/2023 12:36,
1,4/5/2024 14:03,Englishman,,Ak bf sm,W3F,CHRL 1,,No will survey later,,,,,2360,Cardinal 10 m,NW,7.5,,Depth,143.0,4/5/2024 14:26,143.0,,,,143.0,,,,,,,,,,O,,,,,,,,Good,,,,,,4/5/2024 14:26,,,5451223.74,386818.908,1248.815,"49∞12'12.07393""","-124∞33'13.57357""",1248.439,DGPS,WGS84,CGVD_2013,Stonex,3/15/2023 12:36,
1,4/5/2024 14:03,Englishman,,Ak bf sm,W3F,CHRL 1,,No will survey later,,,,,2360,Cardinal 10 m,NW,5.0,,Depth,122.0,4/5/2024 14:26,122.0,,,,122.0,,,,,,,,,,E,,,,,,,,Good,,,,,,4/5/2024 14:26,,,5451223.74,386818.908,1248.815,"49∞12'12.07393""","-124∞33'13.57357""",1248.439,DGPS,WGS84,CGVD_2013,Stonex,3/15/2023 12:36,
1,4/5/2024 14:03,Englishman,,Ak bf sm,W3F,CHRL 1,,No will survey later,,,,,2360,Cardinal 10 m,NW,2.5,,Depth,122.0,4/5/2024 14:26,122.0,,,,122.0,,,,,,,,,,E,,,,,,,,Good,,,,,,4/5/2024 14:26,,,5451223.74,386818.908,1248.815,"49∞12'12.07393""","-124∞33'13.57357""",1248.439,DGPS,WGS84,CGVD_2013,Stonex,3/15/2023 12:36,
