aco_flight_number,plot_datetime,study_area,users,plot_id,tube_name,pre_survey_notes,tare_weight_g,plot_type,cardinal,distance_m,sample_type,depth_timestamp,depth_final_cm,plug_cm,mass_tube_g,snow_depth,multi_core,multi_part_core_num,multi_core_num_copy,depth_cm_new,depth_cm_timestamp_new,plug_cm_copy,mass_tube_g_new,core_length_final,plot_features,core_features,depth_of_saturation,mass_final_g,depth_max,retrieval,swe_cm,density,sample_rating,notes,snow_pit_distance_from_centre,snow_pit_depth_above_ground,snow_pit_temperature,snow_pit_density,survey_end,Orthometric_Height,Ellipsoid_Height_m,Datum,Geoid_Model,Equipment_Used,Date_Surveyed,Notes,PPK_plan,easting,northing
1,5/10/2024 10:11,Cruickshank,Ak bf tm,S2F,CHRL 1,Big disturbance on south due to soft snow. 20-30cm footprint.,3430,Cardinal 10 m,N,2.5,Depth,5/10/2024 10:13,162,,,162,,,,,,,,,O,,,,,,,,Good,,,,,,5/10/2024 10:37,,1424.7371,WGS84,,Stonex,3/17/2023,,SBAS,328739.3666,5504648.766
1,5/10/2024 10:11,Cruickshank,Ak bf tm,S2F,CHRL 1,Big disturbance on south due to soft snow. 20-30cm footprint.,3430,Cardinal 10 m,N,10,Density,5/10/2024 10:12,,0,4020,122,,,,,,,,114,U,,,590,122,93,52.575,0.431,Good,,,,,,5/10/2024 10:37,,1424.7371,WGS84,,Stonex,3/17/2023,,SBAS,328739.3666,5504656.266
1,5/10/2024 10:11,Cruickshank,Ak bf tm,S2F,CHRL 1,Big disturbance on south due to soft snow. 20-30cm footprint.,3430,Cardinal 10 m,N,5,Depth,5/10/2024 10:13,119,,,119,,,,,,,,,E,,,,,,,,Good,,,,,,5/10/2024 10:37,,1424.7371,WGS84,,Stonex,3/17/2023,,SBAS,328739.3666,5504651.266
1,5/10/2024 10:11,Cruickshank,Ak bf tm,S2F,CHRL 1,Big disturbance on south due to soft snow. 20-30cm footprint.,3430,Cardinal 10 m,N,7.5,Depth,5/10/2024 10:13,112,,,112,,,,,,,,,U,,,,,,,,Good,,,,,,5/10/2024 10:37,,1424.7371,WGS84,,Stonex,3/17/2023,,SBAS,328739.3666,5504653.766
1,5/10/2024 10:11,Cruickshank,Ak bf tm,S2F,CHRL 1,Big disturbance on south due to soft snow. 20-30cm footprint.,3430,Cardinal 10 m,N,10,Depth,5/10/2024 10:14,144,,,144,,,,,,,,,U,,,,,,,,Good,,,,,,5/10/2024 10:37,,1424.7371,WGS84,,Stonex,3/17/2023,,SBAS,328739.3666,5504656.266
1,5/10/2024 10:11,Cruickshank,Ak bf tm,S2F,CHRL 1,Big disturbance on south due to soft snow. 20-30cm footprint.,3430,Cardinal 10 m,E,,Density,5/10/2024 10:17,,0,3670,45,,,,,,,,40,O,,,240,45,89,21.386,0.475,Good,,,,,,5/10/2024 10:37,,1424.7371,WGS84,,Stonex,3/17/2023,,SBAS,,
1,5/10/2024 10:11,Cruickshank,Ak bf tm,S2F,CHRL 1,Big disturbance on south due to soft snow. 20-30cm footprint.,3430,Cardinal 10 m,S,10,Depth,5/10/2024 10:18,100,,,100,,,,,,,,,O,,,,,,,,Good,,,,,,5/10/2024 10:37,,1424.7371,WGS84,,Stonex,3/17/2023,,SBAS,328739.3666,5504636.266
1,5/10/2024 10:11,Cruickshank,Ak bf tm,S2F,CHRL 1,Big disturbance on south due to soft snow. 20-30cm footprint.,3430,Cardinal 10 m,S,7.5,Depth,5/10/2024 10:20,61,,,61,,,,,,,,,O,,,,,,,,Good,,,,,,5/10/2024 10:37,,1424.7371,WGS84,,Stonex,3/17/2023,,SBAS,328739.3666,5504638.766
1,5/10/2024 10:11,Cruickshank,Ak bf tm,S2F,CHRL 1,Big disturbance on south due to soft snow. 20-30cm footprint.,3430,Cardinal 10 m,S,5,Depth,5/10/2024 10:20,78,,,78,,,,,,,,,O,,,,,,,,Good,,,,,,5/10/2024 10:37,,1424.7371,WGS84,,Stonex,3/17/2023,,SBAS,328739.3666,5504641.266
1,5/10/2024 10:11,Cruickshank,Ak bf tm,S2F,CHRL 1,Big disturbance on south due to soft snow. 20-30cm footprint.,3430,Cardinal 10 m,S,2.5,Depth,5/10/2024 10:20,69,,,69,,,,,,,,,E,,,,,,,,Good,,,,,,5/10/2024 10:37,,1424.7371,WGS84,,Stonex,3/17/2023,,SBAS,328739.3666,5504643.766
1,5/10/2024 10:11,Cruickshank,Ak bf tm,S2F,CHRL 1,Big disturbance on south due to soft snow. 20-30cm footprint.,3430,Cardinal 10 m,Centre,,Density,5/10/2024 10:20,,0,4060,128,,,,,,,,118,O,,,630,128,92,56.139,0.439,Good,,,,,,5/10/2024 10:37,,1424.7371,WGS84,,Stonex,3/17/2023,,SBAS,,
1,5/10/2024 10:11,Cruickshank,Ak bf tm,S2F,CHRL 1,Big disturbance on south due to soft snow. 20-30cm footprint.,3430,Cardinal 10 m,E,2.5,Depth,5/10/2024 10:21,88,,,88,,,,,,,,,U,,,,,,,,Good,,,,,,5/10/2024 10:37,,1424.7371,WGS84,,Stonex,3/17/2023,,SBAS,328741.8666,5504646.266
1,5/10/2024 10:11,Cruickshank,Ak bf tm,S2F,CHRL 1,Big disturbance on south due to soft snow. 20-30cm footprint.,3430,Cardinal 10 m,E,5,Depth,5/10/2024 10:22,40,,,40,,,,,,,,,U,,,,,,,,Good,,,,,,5/10/2024 10:37,,1424.7371,WGS84,,Stonex,3/17/2023,,SBAS,328744.3666,5504646.266
1,5/10/2024 10:11,Cruickshank,Ak bf tm,S2F,CHRL 1,Big disturbance on south due to soft snow. 20-30cm footprint.,3430,Cardinal 10 m,E,7.5,Depth,5/10/2024 10:23,41,,,41,,,,,,,,,O,,,,,,,,Good,,,,,,5/10/2024 10:37,,1424.7371,WGS84,,Stonex,3/17/2023,,SBAS,328746.8666,5504646.266
1,5/10/2024 10:11,Cruickshank,Ak bf tm,S2F,CHRL 1,Big disturbance on south due to soft snow. 20-30cm footprint.,3430,Cardinal 10 m,E,10,Depth,5/10/2024 10:23,47,,,47,,,,,,,,,O,,,,,,,,Good,,,,,,5/10/2024 10:37,,1424.7371,WGS84,,Stonex,3/17/2023,,SBAS,328749.3666,5504646.266
1,5/10/2024 10:11,Cruickshank,Ak bf tm,S2F,CHRL 1,Big disturbance on south due to soft snow. 20-30cm footprint.,3430,Cardinal 10 m,NE,10,Depth,5/10/2024 10:26,153,,,153,,,,,,,,,O,,,,,,,,Good,,,,,,5/10/2024 10:37,,1424.7371,WGS84,,Stonex,3/17/2023,,SBAS,328746.4366,5504653.336
1,5/10/2024 10:11,Cruickshank,Ak bf tm,S2F,CHRL 1,Big disturbance on south due to soft snow. 20-30cm footprint.,3430,Cardinal 10 m,NE,7.5,Depth,5/10/2024 10:26,105,,,105,,,,,,,,,O,,,,,,,,Good,,,,,,5/10/2024 10:37,,1424.7371,WGS84,,Stonex,3/17/2023,,SBAS,328744.6666,5504651.566
1,5/10/2024 10:11,Cruickshank,Ak bf tm,S2F,CHRL 1,Big disturbance on south due to soft snow. 20-30cm footprint.,3430,Cardinal 10 m,NE,5,Depth,5/10/2024 10:26,101,,,101,,,,,,,,,O,,,,,,,,Good,,,,,,5/10/2024 10:37,,1424.7371,WGS84,,Stonex,3/17/2023,,SBAS,328742.9066,5504649.806
1,5/10/2024 10:11,Cruickshank,Ak bf tm,S2F,CHRL 1,Big disturbance on south due to soft snow. 20-30cm footprint.,3430,Cardinal 10 m,NE,2.5,Depth,5/10/2024 10:26,117,,,117,,,,,,,,,E,,,,,,,,Good,,,,,,5/10/2024 10:37,,1424.7371,WGS84,,Stonex,3/17/2023,,SBAS,328741.1366,5504648.036
1,5/10/2024 10:11,Cruickshank,Ak bf tm,S2F,CHRL 1,Big disturbance on south due to soft snow. 20-30cm footprint.,3430,Cardinal 10 m,Centre,,Depth,5/10/2024 10:26,135,,,135,,,,,,,,,O,,,,,,,,Good,,,,,,5/10/2024 10:37,,1424.7371,WGS84,,Stonex,3/17/2023,,SBAS,,
1,5/10/2024 10:11,Cruickshank,Ak bf tm,S2F,CHRL 1,Big disturbance on south due to soft snow. 20-30cm footprint.,3430,Cardinal 10 m,W,2.5,Depth,5/10/2024 10:27,130,,,130,,,,,,,,,O,,,,,,,,Good,,,,,,5/10/2024 10:37,,1424.7371,WGS84,,Stonex,3/17/2023,,SBAS,328736.8666,5504646.266
1,5/10/2024 10:11,Cruickshank,Ak bf tm,S2F,CHRL 1,Big disturbance on south due to soft snow. 20-30cm footprint.,3430,Cardinal 10 m,W,5,Depth,5/10/2024 10:27,76,,,76,,,,,,,,,O,,,,,,,,Good,,,,,,5/10/2024 10:37,,1424.7371,WGS84,,Stonex,3/17/2023,,SBAS,328734.3666,5504646.266
1,5/10/2024 10:11,Cruickshank,Ak bf tm,S2F,CHRL 1,Big disturbance on south due to soft snow. 20-30cm footprint.,3430,Cardinal 10 m,W,7.5,Depth,5/10/2024 10:28,134,,,134,,,,,,,,,O,,,,,,,,Good,,,,,,5/10/2024 10:37,,1424.7371,WGS84,,Stonex,3/17/2023,,SBAS,328731.8666,5504646.266
1,5/10/2024 10:11,Cruickshank,Ak bf tm,S2F,CHRL 1,Big disturbance on south due to soft snow. 20-30cm footprint.,3430,Cardinal 10 m,W,10,Depth,5/10/2024 10:28,125,,,125,,,,,,,,,O,,,,,,,,Good,,,,,,5/10/2024 10:37,,1424.7371,WGS84,,Stonex,3/17/2023,,SBAS,328729.3666,5504646.266
1,5/10/2024 10:11,Cruickshank,Ak bf tm,S2F,CHRL 1,Big disturbance on south due to soft snow. 20-30cm footprint.,3430,Cardinal 10 m,S,10,Density,5/10/2024 10:28,,0,3780,56,,,,,,,,51,U,,,350,56,91,31.189,0.557,Good,,,,,,5/10/2024 10:37,,1424.7371,WGS84,,Stonex,3/17/2023,,SBAS,328739.3666,5504636.266
1,5/10/2024 10:11,Cruickshank,Ak bf tm,S2F,CHRL 1,Big disturbance on south due to soft snow. 20-30cm footprint.,3430,Cardinal 10 m,SW,10,Depth,5/10/2024 10:30,70,,,70,,,,,,,,,U,,,,,,,,Good,,,,,,5/10/2024 10:37,,1424.7371,WGS84,,Stonex,3/17/2023,,SBAS,328732.2966,5504639.196
1,5/10/2024 10:11,Cruickshank,Ak bf tm,S2F,CHRL 1,Big disturbance on south due to soft snow. 20-30cm footprint.,3430,Cardinal 10 m,SW,7.5,Depth,5/10/2024 10:30,61,,,61,,,,,,,,,E,,,,,,,,Good,,,,,,5/10/2024 10:37,,1424.7371,WGS84,,Stonex,3/17/2023,,SBAS,328734.0666,5504640.966
1,5/10/2024 10:11,Cruickshank,Ak bf tm,S2F,CHRL 1,Big disturbance on south due to soft snow. 20-30cm footprint.,3430,Cardinal 10 m,SW,5,Depth,5/10/2024 10:31,121,,,121,,,,,,,,,O,,,,,,,,Good,,,,,,5/10/2024 10:37,,1424.7371,WGS84,,Stonex,3/17/2023,,SBAS,328735.8266,5504642.726
1,5/10/2024 10:11,Cruickshank,Ak bf tm,S2F,CHRL 1,Big disturbance on south due to soft snow. 20-30cm footprint.,3430,Cardinal 10 m,SW,2.5,Depth,5/10/2024 10:31,120,,,120,,,,,,,,,O,,,,,,,,Good,,,,,,5/10/2024 10:37,,1424.7371,WGS84,,Stonex,3/17/2023,,SBAS,328737.5966,5504644.496
1,5/10/2024 10:11,Cruickshank,Ak bf tm,S2F,CHRL 1,Big disturbance on south due to soft snow. 20-30cm footprint.,3430,Cardinal 10 m,SE,10,Depth,5/10/2024 10:33,42,,,42,,,,,,,,,"U,TW",,,,,,,,Good,,,,,,5/10/2024 10:37,,1424.7371,WGS84,,Stonex,3/17/2023,,SBAS,328746.4366,5504639.196
1,5/10/2024 10:11,Cruickshank,Ak bf tm,S2F,CHRL 1,Big disturbance on south due to soft snow. 20-30cm footprint.,3430,Cardinal 10 m,SE,7.5,Depth,5/10/2024 10:34,68,,,68,,,,,,,,,U,,,,,,,,Good,,,,,,5/10/2024 10:37,,1424.7371,WGS84,,Stonex,3/17/2023,,SBAS,328744.6666,5504640.966
1,5/10/2024 10:11,Cruickshank,Ak bf tm,S2F,CHRL 1,Big disturbance on south due to soft snow. 20-30cm footprint.,3430,Cardinal 10 m,SE,5,Depth,5/10/2024 10:34,56,,,56,,,,,,,,,O,,,,,,,,Good,,,,,,5/10/2024 10:37,,1424.7371,WGS84,,Stonex,3/17/2023,,SBAS,328742.9066,5504642.726
1,5/10/2024 10:11,Cruickshank,Ak bf tm,S2F,CHRL 1,Big disturbance on south due to soft snow. 20-30cm footprint.,3430,Cardinal 10 m,SE,2.5,Depth,5/10/2024 10:34,43,,,43,,,,,,,,,E,,,,,,,,Good,,,,,,5/10/2024 10:37,,1424.7371,WGS84,,Stonex,3/17/2023,,SBAS,328741.1366,5504644.496
1,5/10/2024 10:11,Cruickshank,Ak bf tm,S2F,CHRL 1,Big disturbance on south due to soft snow. 20-30cm footprint.,3430,Cardinal 10 m,NW,10,Depth,5/10/2024 10:37,116,,,116,,,,,,,,,O,,,,,,,,Good,,,,,,5/10/2024 10:37,,1424.7371,WGS84,,Stonex,3/17/2023,,SBAS,328732.2958,5504653.336
1,5/10/2024 10:11,Cruickshank,Ak bf tm,S2F,CHRL 1,Big disturbance on south due to soft snow. 20-30cm footprint.,3430,Cardinal 10 m,NW,7.5,Depth,5/10/2024 10:37,98,,,98,,,,,,,,,E,,,,,,,,Good,,,,,,5/10/2024 10:37,,1424.7371,WGS84,,Stonex,3/17/2023,,SBAS,328734.0635,5504651.566
1,5/10/2024 10:11,Cruickshank,Ak bf tm,S2F,CHRL 1,Big disturbance on south due to soft snow. 20-30cm footprint.,3430,Cardinal 10 m,NW,5,Depth,5/10/2024 10:37,135,,,135,,,,,,,,,U,,,,,,,,Good,,,,,,5/10/2024 10:37,,1424.7371,WGS84,,Stonex,3/17/2023,,SBAS,328735.8312,5504649.806
1,5/10/2024 10:11,Cruickshank,Ak bf tm,S2F,CHRL 1,Big disturbance on south due to soft snow. 20-30cm footprint.,3430,Cardinal 10 m,NW,2.5,Depth,5/10/2024 10:37,131,,,131,,,,,,,,,O,,,,,,,,Good,,,,,,5/10/2024 10:37,,1424.7371,WGS84,,Stonex,3/17/2023,,SBAS,328737.5989,5504648.036
1,5/10/2024 9:13,Cruickshank,Ak bf tm,E3S,CHRL 1,,3500,Cardinal 10 m,S,10,Depth,5/10/2024 9:15,206,,,206,,,,,,,,,O,,,,,,,,Good,,,,,,5/10/2024 9:33,,1384.638,WGS84,,Septentrio - Cruickshank Wx ,,,RTK,329431.715,5504529.209
1,5/10/2024 9:13,Cruickshank,Ak bf tm,E3S,CHRL 1,,3500,Cardinal 10 m,S,7.5,Depth,5/10/2024 9:15,212,,,212,,,,,,,,,O,,,,,,,,Good,,,,,,5/10/2024 9:33,,1384.638,WGS84,,Septentrio - Cruickshank Wx ,,,RTK,329431.715,5504531.709
1,5/10/2024 9:13,Cruickshank,Ak bf tm,E3S,CHRL 1,,3500,Cardinal 10 m,S,5,Depth,5/10/2024 9:15,207,,,207,,,,,,,,,O,,,,,,,,Good,,,,,,5/10/2024 9:33,,1384.638,WGS84,,Septentrio - Cruickshank Wx ,,,RTK,329431.715,5504534.209
1,5/10/2024 9:13,Cruickshank,Ak bf tm,E3S,CHRL 1,,3500,Cardinal 10 m,S,2.5,Depth,5/10/2024 9:15,166,,,166,,,,,,,,,O,,,,,,,,Good,,,,,,5/10/2024 9:33,,1384.638,WGS84,,Septentrio - Cruickshank Wx ,,,RTK,329431.715,5504536.709
1,5/10/2024 9:13,Cruickshank,Ak bf tm,E3S,CHRL 1,,3500,Cardinal 10 m,Centre,,Depth,5/10/2024 9:16,144,,,144,,,,,,,,,O,,,,,,,,Good,,,,,,5/10/2024 9:33,,1384.638,WGS84,,Septentrio - Cruickshank Wx ,,,RTK,,
1,5/10/2024 9:13,Cruickshank,Ak bf tm,E3S,CHRL 1,,3500,Cardinal 10 m,N,10,Depth,5/10/2024 9:17,120,,,120,,,,,,,,,O,,,,,,,,Good,,,,,,5/10/2024 9:33,,1384.638,WGS84,,Septentrio - Cruickshank Wx ,,,RTK,329431.715,5504549.209
1,5/10/2024 9:13,Cruickshank,Ak bf tm,E3S,CHRL 1,,3500,Cardinal 10 m,N,7.5,Depth,5/10/2024 9:17,140,,,140,,,,,,,,,O,,,,,,,,Good,,,,,,5/10/2024 9:33,,1384.638,WGS84,,Septentrio - Cruickshank Wx ,,,RTK,329431.715,5504546.709
1,5/10/2024 9:13,Cruickshank,Ak bf tm,E3S,CHRL 1,,3500,Cardinal 10 m,N,5,Depth,5/10/2024 9:17,127,,,127,,,,,,,,,O,,,,,,,,Good,,,,,,5/10/2024 9:33,,1384.638,WGS84,,Septentrio - Cruickshank Wx ,,,RTK,329431.715,5504544.209
1,5/10/2024 9:13,Cruickshank,Ak bf tm,E3S,CHRL 1,,3500,Cardinal 10 m,N,2.5,Depth,5/10/2024 9:17,137,,,137,,,,,,,,,O,,,,,,,,Good,,,,,,5/10/2024 9:33,,1384.638,WGS84,,Septentrio - Cruickshank Wx ,,,RTK,329431.715,5504541.709
1,5/10/2024 9:13,Cruickshank,Ak bf tm,E3S,CHRL 1,,3500,Cardinal 10 m,E,10,Depth,5/10/2024 9:19,136,,,136,,,,,,,,,O,,,,,,,,Good,,,,,,5/10/2024 9:33,,1384.638,WGS84,,Septentrio - Cruickshank Wx ,,,RTK,329441.715,5504539.209
1,5/10/2024 9:13,Cruickshank,Ak bf tm,E3S,CHRL 1,,3500,Cardinal 10 m,E,7.5,Depth,5/10/2024 9:19,118,,,118,,,,,,,,,U,,,,,,,,Good,,,,,,5/10/2024 9:33,,1384.638,WGS84,,Septentrio - Cruickshank Wx ,,,RTK,329439.215,5504539.209
1,5/10/2024 9:13,Cruickshank,Ak bf tm,E3S,CHRL 1,,3500,Cardinal 10 m,E,5,Depth,5/10/2024 9:20,94,,,94,,,,,,,,,O,,,,,,,,Good,,,,,,5/10/2024 9:33,,1384.638,WGS84,,Septentrio - Cruickshank Wx ,,,RTK,329436.715,5504539.209
1,5/10/2024 9:13,Cruickshank,Ak bf tm,E3S,CHRL 1,,3500,Cardinal 10 m,E,2.5,Depth,5/10/2024 9:20,128,,,128,,,,,,,,,O,,,,,,,,Good,,,,,,5/10/2024 9:33,,1384.638,WGS84,,Septentrio - Cruickshank Wx ,,,RTK,329434.215,5504539.209
1,5/10/2024 9:13,Cruickshank,Ak bf tm,E3S,CHRL 1,,3500,Cardinal 10 m,S,10,Density,5/10/2024 9:21,,0,4590,205,,,,,,,,180,O,,,1090,205,88,97.13,0.474,Good,,,,,,5/10/2024 9:33,,1384.638,WGS84,,Septentrio - Cruickshank Wx ,,,RTK,329431.715,5504529.209
1,5/10/2024 9:13,Cruickshank,Ak bf tm,E3S,CHRL 1,,3500,Cardinal 10 m,W,10,Depth,5/10/2024 9:22,168,,,168,,,,,,,,,O,,,,,,,,Good,,,,,,5/10/2024 9:33,,1384.638,WGS84,,Septentrio - Cruickshank Wx ,,,RTK,329421.715,5504539.209
1,5/10/2024 9:13,Cruickshank,Ak bf tm,E3S,CHRL 1,,3500,Cardinal 10 m,W,7.5,Depth,5/10/2024 9:22,185,,,185,,,,,,,,,O,,,,,,,,Good,,,,,,5/10/2024 9:33,,1384.638,WGS84,,Septentrio - Cruickshank Wx ,,,RTK,329424.215,5504539.209
1,5/10/2024 9:13,Cruickshank,Ak bf tm,E3S,CHRL 1,,3500,Cardinal 10 m,W,5,Depth,5/10/2024 9:22,170,,,170,,,,,,,,,O,,,,,,,,Good,,,,,,5/10/2024 9:33,,1384.638,WGS84,,Septentrio - Cruickshank Wx ,,,RTK,329426.715,5504539.209
1,5/10/2024 9:13,Cruickshank,Ak bf tm,E3S,CHRL 1,,3500,Cardinal 10 m,W,2.5,Depth,5/10/2024 9:23,155,,,155,,,,,,,,,O,,,,,,,,Good,,,,,,5/10/2024 9:33,,1384.638,WGS84,,Septentrio - Cruickshank Wx ,,,RTK,329429.215,5504539.209
1,5/10/2024 9:13,Cruickshank,Ak bf tm,E3S,CHRL 1,,3500,Cardinal 10 m,E,10,Density,5/10/2024 9:23,,0,4270,155,,,,,,,,145,O,,,770,155,94,68.615,0.443,Good,,,,,,5/10/2024 9:33,,1384.638,WGS84,,Septentrio - Cruickshank Wx ,,,RTK,329441.715,5504539.209
1,5/10/2024 9:13,Cruickshank,Ak bf tm,E3S,CHRL 1,,3500,Cardinal 10 m,SW,10,Depth,5/10/2024 9:25,124,,,124,,,,,,,,,O,,,,,,,,Good,,,,,,5/10/2024 9:33,,1384.638,WGS84,,Septentrio - Cruickshank Wx ,,,RTK,329424.645,5504532.139
1,5/10/2024 9:13,Cruickshank,Ak bf tm,E3S,CHRL 1,,3500,Cardinal 10 m,SW,7.5,Depth,5/10/2024 9:25,204,,,204,,,,,,,,,O,,,,,,,,Good,,,,,,5/10/2024 9:33,,1384.638,WGS84,,Septentrio - Cruickshank Wx ,,,RTK,329426.415,5504533.909
1,5/10/2024 9:13,Cruickshank,Ak bf tm,E3S,CHRL 1,,3500,Cardinal 10 m,SW,5,Depth,5/10/2024 9:25,203,,,203,,,,,,,,,O,,,,,,,,Good,,,,,,5/10/2024 9:33,,1384.638,WGS84,,Septentrio - Cruickshank Wx ,,,RTK,329428.175,5504535.669
1,5/10/2024 9:13,Cruickshank,Ak bf tm,E3S,CHRL 1,,3500,Cardinal 10 m,SW,2.5,Depth,5/10/2024 9:26,172,,,172,,,,,,,,,O,,,,,,,,Good,,,,,,5/10/2024 9:33,,1384.638,WGS84,,Septentrio - Cruickshank Wx ,,,RTK,329429.945,5504537.439
1,5/10/2024 9:13,Cruickshank,Ak bf tm,E3S,CHRL 1,,3500,Cardinal 10 m,N,10,Density,5/10/2024 9:25,,0,4010,119,,,,,,,,110,O,,,510,119,92,45.446,0.382,Good,,,,,,5/10/2024 9:33,,1384.638,WGS84,,Septentrio - Cruickshank Wx ,,,RTK,329431.715,5504549.209
1,5/10/2024 9:13,Cruickshank,Ak bf tm,E3S,CHRL 1,,3500,Cardinal 10 m,W,10,Density,5/10/2024 9:27,,0,4350,165,,,,,,,,145,O,,,850,165,88,75.744,0.459,Good,,,,,,5/10/2024 9:33,,1384.638,WGS84,,Septentrio - Cruickshank Wx ,,,RTK,329421.715,5504539.209
1,5/10/2024 9:13,Cruickshank,Ak bf tm,E3S,CHRL 1,,3500,Cardinal 10 m,NE,10,Depth,5/10/2024 9:28,132,,,132,,,,,,,,,E,,,,,,,,Good,,,,,,5/10/2024 9:33,,1384.638,WGS84,,Septentrio - Cruickshank Wx ,,,RTK,329438.785,5504546.279
1,5/10/2024 9:13,Cruickshank,Ak bf tm,E3S,CHRL 1,,3500,Cardinal 10 m,NE,7.5,Depth,5/10/2024 9:28,44,,,44,,,,,,,,,"U,TW",,,,,,,,Good,,,,,,5/10/2024 9:33,,1384.638,WGS84,,Septentrio - Cruickshank Wx ,,,RTK,329437.015,5504544.509
1,5/10/2024 9:13,Cruickshank,Ak bf tm,E3S,CHRL 1,,3500,Cardinal 10 m,Centre,,Density,5/10/2024 9:28,,0,4140,141,,,,,,,,131,O,,,640,141,93,57.03,0.404,Good,,,,,,5/10/2024 9:33,,1384.638,WGS84,,Septentrio - Cruickshank Wx ,,,RTK,,
1,5/10/2024 9:13,Cruickshank,Ak bf tm,E3S,CHRL 1,,3500,Cardinal 10 m,NE,5,Depth,5/10/2024 9:29,76,,,76,,,,,,,,,U,,,,,,,,Good,,,,,,5/10/2024 9:33,,1384.638,WGS84,,Septentrio - Cruickshank Wx ,,,RTK,329435.255,5504542.749
1,5/10/2024 9:13,Cruickshank,Ak bf tm,E3S,CHRL 1,,3500,Cardinal 10 m,NE,2.5,Depth,5/10/2024 9:29,137,,,137,,,,,,,,,O,,,,,,,,Good,,,,,,5/10/2024 9:33,,1384.638,WGS84,,Septentrio - Cruickshank Wx ,,,RTK,329433.485,5504540.979
1,5/10/2024 9:13,Cruickshank,Ak bf tm,E3S,CHRL 1,,3500,Cardinal 10 m,NW,10,Depth,5/10/2024 9:30,150,,,150,,,,,,,,,O,,,,,,,,Good,,,,,,5/10/2024 9:33,,1384.638,WGS84,,Septentrio - Cruickshank Wx ,,,RTK,329424.6442,5504546.279
1,5/10/2024 9:13,Cruickshank,Ak bf tm,E3S,CHRL 1,,3500,Cardinal 10 m,NW,7.5,Depth,5/10/2024 9:31,143,,,143,,,,,,,,,O,,,,,,,,Good,,,,,,5/10/2024 9:33,,1384.638,WGS84,,Septentrio - Cruickshank Wx ,,,RTK,329426.4119,5504544.509
1,5/10/2024 9:13,Cruickshank,Ak bf tm,E3S,CHRL 1,,3500,Cardinal 10 m,NW,5,Depth,5/10/2024 9:31,116,,,116,,,,,,,,,O,,,,,,,,Good,,,,,,5/10/2024 9:33,,1384.638,WGS84,,Septentrio - Cruickshank Wx ,,,RTK,329428.1796,5504542.749
1,5/10/2024 9:13,Cruickshank,Ak bf tm,E3S,CHRL 1,,3500,Cardinal 10 m,NW,2.5,Depth,5/10/2024 9:31,121,,,121,,,,,,,,,O,,,,,,,,Good,,,,,,5/10/2024 9:33,,1384.638,WGS84,,Septentrio - Cruickshank Wx ,,,RTK,329429.9473,5504540.979
1,5/10/2024 9:13,Cruickshank,Ak bf tm,E3S,CHRL 1,,3500,Cardinal 10 m,SE,10,Depth,5/10/2024 9:32,159,,,159,,,,,,,,,O,,,,,,,,Good,,,,,,5/10/2024 9:33,,1384.638,WGS84,,Septentrio - Cruickshank Wx ,,,RTK,329438.785,5504532.139
1,5/10/2024 9:13,Cruickshank,Ak bf tm,E3S,CHRL 1,,3500,Cardinal 10 m,SE,7.5,Depth,5/10/2024 9:32,165,,,165,,,,,,,,,O,,,,,,,,Good,,,,,,5/10/2024 9:33,,1384.638,WGS84,,Septentrio - Cruickshank Wx ,,,RTK,329437.015,5504533.909
1,5/10/2024 9:13,Cruickshank,Ak bf tm,E3S,CHRL 1,,3500,Cardinal 10 m,SE,5,Depth,5/10/2024 9:32,161,,,161,,,,,,,,,O,,,,,,,,Good,,,,,,5/10/2024 9:33,,1384.638,WGS84,,Septentrio - Cruickshank Wx ,,,RTK,329435.255,5504535.669
1,5/10/2024 9:13,Cruickshank,Ak bf tm,E3S,CHRL 1,,3500,Cardinal 10 m,SE,2.5,Depth,5/10/2024 9:32,159,,,159,,,,,,,,,O,,,,,,,,Good,,,,,,5/10/2024 9:33,,1384.638,WGS84,,Septentrio - Cruickshank Wx ,,,RTK,329433.485,5504537.439
1,5/10/2024 15:15,Cruickshank,"RW,LM,SM",E5F,CHRL 1,New tubes for this year,2270,Cardinal 10 m,N,10,Depth,5/10/2024 15:19,86,,,86,,,,,,,,,O,,,,,,,,Good,,,,,,5/10/2024 15:49,,1102.2251,WGS84,,Stonex,3/18/2023,,RTK FLOAT,330158.5743,5504209.395
1,5/10/2024 15:15,Cruickshank,"RW,LM,SM",E5F,CHRL 1,New tubes for this year,2270,Cardinal 10 m,N,7.5,Depth,5/10/2024 15:20,33,,,33,,,,,,,,,E,,,,,,,,Good,,,,,,5/10/2024 15:49,,1102.2251,WGS84,,Stonex,3/18/2023,,RTK FLOAT,330158.5743,5504206.895
1,5/10/2024 15:15,Cruickshank,"RW,LM,SM",E5F,CHRL 1,New tubes for this year,2270,Cardinal 10 m,N,5,Depth,5/10/2024 15:20,0,,,0,,,,,,,,,U,,,,,,,,Good,,,,,,5/10/2024 15:49,,1102.2251,WGS84,,Stonex,3/18/2023,,RTK FLOAT,330158.5743,5504204.395
1,5/10/2024 15:15,Cruickshank,"RW,LM,SM",E5F,CHRL 1,New tubes for this year,2270,Cardinal 10 m,Centre,,Density,5/10/2024 15:21,,2,2550,51,no,,,,,,,46,O,,,280,51,90,24.951,0.509,Good,,,,,,5/10/2024 15:49,,1102.2251,WGS84,,Stonex,3/18/2023,,RTK FLOAT,,
1,5/10/2024 15:15,Cruickshank,"RW,LM,SM",E5F,CHRL 1,New tubes for this year,2270,Cardinal 10 m,N,2.5,Depth,5/10/2024 15:22,0,,,0,,,,,,,,,U,,,,,,,,Good,,,,,,5/10/2024 15:49,,1102.2251,WGS84,,Stonex,3/18/2023,,RTK FLOAT,330158.5743,5504201.895
1,5/10/2024 15:15,Cruickshank,"RW,LM,SM",E5F,CHRL 1,New tubes for this year,2270,Cardinal 10 m,N,10,Density,5/10/2024 15:23,,3,2740,99,no,,,,,,,88,O,,,470,99,89,41.882,0.436,Good,,,,,,5/10/2024 15:49,,1102.2251,WGS84,,Stonex,3/18/2023,,RTK FLOAT,330158.5743,5504209.395
1,5/10/2024 15:15,Cruickshank,"RW,LM,SM",E5F,CHRL 1,New tubes for this year,2270,Cardinal 10 m,S,10,Depth,5/10/2024 15:26,160,,,160,,,,,,,,,E,,,,,,,,Good,,,,,,5/10/2024 15:49,,1102.2251,WGS84,,Stonex,3/18/2023,,RTK FLOAT,330158.5743,5504189.395
1,5/10/2024 15:15,Cruickshank,"RW,LM,SM",E5F,CHRL 1,New tubes for this year,2270,Cardinal 10 m,S,7.5,Depth,5/10/2024 15:24,183,,,183,,,,,,,,,O,,,,,,,,Good,,,,,,5/10/2024 15:49,,1102.2251,WGS84,,Stonex,3/18/2023,,RTK FLOAT,330158.5743,5504191.895
1,5/10/2024 15:15,Cruickshank,"RW,LM,SM",E5F,CHRL 1,New tubes for this year,2270,Cardinal 10 m,S,5,Depth,5/10/2024 15:25,161,,,161,,,,,,,,,O,,,,,,,,Good,,,,,,5/10/2024 15:49,,1102.2251,WGS84,,Stonex,3/18/2023,,RTK FLOAT,330158.5743,5504194.395
1,5/10/2024 15:15,Cruickshank,"RW,LM,SM",E5F,CHRL 1,New tubes for this year,2270,Cardinal 10 m,S,2.5,Depth,5/10/2024 15:26,111,,,111,,,,,,,,,O,,,,,,,,Good,,,,,,5/10/2024 15:49,,1102.2251,WGS84,,Stonex,3/18/2023,,RTK FLOAT,330158.5743,5504196.895
1,5/10/2024 15:15,Cruickshank,"RW,LM,SM",E5F,CHRL 1,New tubes for this year,2270,Cardinal 10 m,S,10,Density,5/10/2024 15:26,,0.001,3060,156,no,,,,,,,138.999,O,,,790,156,89,70.397,0.451,Good,,,,,,5/10/2024 15:49,,1102.2251,WGS84,,Stonex,3/18/2023,,RTK FLOAT,330158.5743,5504189.395
1,5/10/2024 15:15,Cruickshank,"RW,LM,SM",E5F,CHRL 1,New tubes for this year,2270,Cardinal 10 m,W,10,Density,5/10/2024 15:29,,3,2560,63,,,,,,,,52,O,,,290,63,83,25.842,0.431,Good,,,,,,5/10/2024 15:49,,1102.2251,WGS84,,Stonex,3/18/2023,,RTK FLOAT,330148.5743,5504199.395
1,5/10/2024 15:15,Cruickshank,"RW,LM,SM",E5F,CHRL 1,New tubes for this year,2270,Cardinal 10 m,W,10,Depth,5/10/2024 15:29,64,,,64,,,,,,,,,O,,,,,,,,Good,,,,,,5/10/2024 15:49,,1102.2251,WGS84,,Stonex,3/18/2023,,RTK FLOAT,330148.5743,5504199.395
1,5/10/2024 15:15,Cruickshank,"RW,LM,SM",E5F,CHRL 1,New tubes for this year,2270,Cardinal 10 m,W,7.5,Depth,5/10/2024 15:30,0,,,0,,,,,,,,,O,,,,,,,,Good,,,,,,5/10/2024 15:49,,1102.2251,WGS84,,Stonex,3/18/2023,,RTK FLOAT,330151.0743,5504199.395
1,5/10/2024 15:15,Cruickshank,"RW,LM,SM",E5F,CHRL 1,New tubes for this year,2270,Cardinal 10 m,W,5,Depth,5/10/2024 15:30,17,,,17,,,,,,,,,O,,,,,,,,Good,,,,,,5/10/2024 15:49,,1102.2251,WGS84,,Stonex,3/18/2023,,RTK FLOAT,330153.5743,5504199.395
1,5/10/2024 15:15,Cruickshank,"RW,LM,SM",E5F,CHRL 1,New tubes for this year,2270,Cardinal 10 m,W,2.5,Depth,5/10/2024 15:32,80,,,80,,,,,,,,,O,,,,,,,,Good,,,,,,5/10/2024 15:49,,1102.2251,WGS84,,Stonex,3/18/2023,,RTK FLOAT,330156.0743,5504199.395
1,5/10/2024 15:15,Cruickshank,"RW,LM,SM",E5F,CHRL 1,New tubes for this year,2270,Cardinal 10 m,E,10,Depth,5/10/2024 15:33,35,,,35,,,,,,,,,U,,,,,,,,Good,,,,,,5/10/2024 15:49,,1102.2251,WGS84,,Stonex,3/18/2023,,RTK FLOAT,330168.5743,5504199.395
1,5/10/2024 15:15,Cruickshank,"RW,LM,SM",E5F,CHRL 1,New tubes for this year,2270,Cardinal 10 m,E,7.5,Depth,5/10/2024 15:34,23,,,23,,,,,,,,,"U,TW",,,,,,,,Good,,,,,,5/10/2024 15:49,,1102.2251,WGS84,,Stonex,3/18/2023,,RTK FLOAT,330166.0743,5504199.395
1,5/10/2024 15:15,Cruickshank,"RW,LM,SM",E5F,CHRL 1,New tubes for this year,2270,Cardinal 10 m,E,10,Density,5/10/2024 15:39,,0.5,2490,40,no,,,,,,,38.5,U,,,220,40,96,19.604,0.496,Good,,,,,,5/10/2024 15:49,,1102.2251,WGS84,,Stonex,3/18/2023,,RTK FLOAT,330168.5743,5504199.395
1,5/10/2024 15:15,Cruickshank,"RW,LM,SM",E5F,CHRL 1,New tubes for this year,2270,Cardinal 10 m,E,5,Depth,5/10/2024 15:35,69,,,69,,,,,,,,,E,,,,,,,,Good,,,,,,5/10/2024 15:49,,1102.2251,WGS84,,Stonex,3/18/2023,,RTK FLOAT,330163.5743,5504199.395
1,5/10/2024 15:15,Cruickshank,"RW,LM,SM",E5F,CHRL 1,New tubes for this year,2270,Cardinal 10 m,E,2.5,Depth,5/10/2024 15:35,100,,,100,,,,,,,,,O,,,,,,,,Good,,,,,,5/10/2024 15:49,,1102.2251,WGS84,,Stonex,3/18/2023,,RTK FLOAT,330161.0743,5504199.395
1,5/10/2024 15:15,Cruickshank,"RW,LM,SM",E5F,CHRL 1,New tubes for this year,2270,Cardinal 10 m,NE,10,Depth,5/10/2024 15:38,0,,,0,,,,,,,,,E,,,,,,,,Good,,,,,,5/10/2024 15:49,,1102.2251,WGS84,,Stonex,3/18/2023,,RTK FLOAT,330165.6443,5504206.465
1,5/10/2024 15:15,Cruickshank,"RW,LM,SM",E5F,CHRL 1,New tubes for this year,2270,Cardinal 10 m,NE,7.5,Depth,5/10/2024 15:38,55,,,55,,,,,,,,,O,,,,,,,,Good,,,,,,5/10/2024 15:49,,1102.2251,WGS84,,Stonex,3/18/2023,,RTK FLOAT,330163.8743,5504204.695
1,5/10/2024 15:15,Cruickshank,"RW,LM,SM",E5F,CHRL 1,New tubes for this year,2270,Cardinal 10 m,NE,5,Depth,5/10/2024 15:38,89,,,89,,,,,,,,,O,,,,,,,,Good,,,,,,5/10/2024 15:49,,1102.2251,WGS84,,Stonex,3/18/2023,,RTK FLOAT,330162.1143,5504202.935
1,5/10/2024 15:15,Cruickshank,"RW,LM,SM",E5F,CHRL 1,New tubes for this year,2270,Cardinal 10 m,NE,2.5,Depth,5/10/2024 15:41,67,,,67,,,,,,,,,E,,,,,,,,Good,,,,,,5/10/2024 15:49,,1102.2251,WGS84,,Stonex,3/18/2023,,RTK FLOAT,330160.3443,5504201.165
1,5/10/2024 15:15,Cruickshank,"RW,LM,SM",E5F,CHRL 1,New tubes for this year,2270,Cardinal 10 m,SW,10,Depth,5/10/2024 15:43,186,,,186,,,,,,,,,O,,,,,,,,Good,,,,,,5/10/2024 15:49,,1102.2251,WGS84,,Stonex,3/18/2023,,RTK FLOAT,330151.5043,5504192.325
1,5/10/2024 15:15,Cruickshank,"RW,LM,SM",E5F,CHRL 1,New tubes for this year,2270,Cardinal 10 m,SW,7.5,Depth,5/10/2024 15:43,173,,,173,,,,,,,,,O,,,,,,,,Good,,,,,,5/10/2024 15:49,,1102.2251,WGS84,,Stonex,3/18/2023,,RTK FLOAT,330153.2743,5504194.095
1,5/10/2024 15:15,Cruickshank,"RW,LM,SM",E5F,CHRL 1,New tubes for this year,2270,Cardinal 10 m,SW,5,Depth,5/10/2024 15:43,140,,,140,,,,,,,,,O,,,,,,,,Good,,,,,,5/10/2024 15:49,,1102.2251,WGS84,,Stonex,3/18/2023,,RTK FLOAT,330155.0343,5504195.855
1,5/10/2024 15:15,Cruickshank,"RW,LM,SM",E5F,CHRL 1,New tubes for this year,2270,Cardinal 10 m,SW,2.5,Depth,5/10/2024 15:44,78,,,78,,,,,,,,,O,,,,,,,,Good,,,,,,5/10/2024 15:49,,1102.2251,WGS84,,Stonex,3/18/2023,,RTK FLOAT,330156.8043,5504197.625
1,5/10/2024 15:15,Cruickshank,"RW,LM,SM",E5F,CHRL 1,New tubes for this year,2270,Cardinal 10 m,SE,10,Depth,5/10/2024 15:45,101,,,101,,,,,,,,,O,,,,,,,,Good,,,,,,5/10/2024 15:49,,1102.2251,WGS84,,Stonex,3/18/2023,,RTK FLOAT,330165.6443,5504192.325
1,5/10/2024 15:15,Cruickshank,"RW,LM,SM",E5F,CHRL 1,New tubes for this year,2270,Cardinal 10 m,SE,7.5,Depth,5/10/2024 15:45,120,,,120,,,,,,,,,O,,,,,,,,Good,,,,,,5/10/2024 15:49,,1102.2251,WGS84,,Stonex,3/18/2023,,RTK FLOAT,330163.8743,5504194.095
1,5/10/2024 15:15,Cruickshank,"RW,LM,SM",E5F,CHRL 1,New tubes for this year,2270,Cardinal 10 m,SE,5,Depth,5/10/2024 15:45,117,,,117,,,,,,,,,O,,,,,,,,Good,,,,,,5/10/2024 15:49,,1102.2251,WGS84,,Stonex,3/18/2023,,RTK FLOAT,330162.1143,5504195.855
1,5/10/2024 15:15,Cruickshank,"RW,LM,SM",E5F,CHRL 1,New tubes for this year,2270,Cardinal 10 m,SE,2.5,Depth,5/10/2024 15:46,88,,,88,,,,,,,,,E,,,,,,,,Good,,,,,,5/10/2024 15:49,,1102.2251,WGS84,,Stonex,3/18/2023,,RTK FLOAT,330160.3443,5504197.625
1,5/10/2024 15:15,Cruickshank,"RW,LM,SM",E5F,CHRL 1,New tubes for this year,2270,Cardinal 10 m,NW,10,Depth,5/10/2024 15:48,68,,,68,,,,,,,,,E,,,,,,,,Good,,,,,,5/10/2024 15:49,,1102.2251,WGS84,,Stonex,3/18/2023,,RTK FLOAT,330151.5035,5504206.465
1,5/10/2024 15:15,Cruickshank,"RW,LM,SM",E5F,CHRL 1,New tubes for this year,2270,Cardinal 10 m,NW,7.5,Depth,5/10/2024 15:48,73,,,73,,,,,,,,,O,,,,,,,,Good,,,,,,5/10/2024 15:49,,1102.2251,WGS84,,Stonex,3/18/2023,,RTK FLOAT,330153.2712,5504204.695
1,5/10/2024 15:15,Cruickshank,"RW,LM,SM",E5F,CHRL 1,New tubes for this year,2270,Cardinal 10 m,NW,5,Depth,5/10/2024 15:48,53,,,53,,,,,,,,,O,,,,,,,,Good,,,,,,5/10/2024 15:49,,1102.2251,WGS84,,Stonex,3/18/2023,,RTK FLOAT,330155.0389,5504202.935
1,5/10/2024 15:15,Cruickshank,"RW,LM,SM",E5F,CHRL 1,New tubes for this year,2270,Cardinal 10 m,NW,2.5,Depth,5/10/2024 15:49,39,,,39,,,,,,,,,E,,,,,,,,Good,,,,,,5/10/2024 15:49,,1102.2251,WGS84,,Stonex,3/18/2023,,RTK FLOAT,330156.8066,5504201.165
1,5/10/2024 16:17,Cruickshank,"RW,LM,SM",E5O,CHRL 1,New tubes,2340,Cardinal 10 m,N,10,Depth,5/10/2024 16:19,0,,,0,,,,,,,,,O,,,,,,,,Good,,,,,,5/10/2024 16:37,,1167.0191,WGS84,,Stonex,3/17/2023,,RTK FIXED,329948.7914,5504356.367
1,5/10/2024 16:17,Cruickshank,"RW,LM,SM",E5O,CHRL 1,New tubes,2340,Cardinal 10 m,N,7.5,Depth,5/10/2024 16:19,37,,,37,,,,,,,,,O,,,,,,,,Good,,,,,,5/10/2024 16:37,,1167.0191,WGS84,,Stonex,3/17/2023,,RTK FIXED,329948.7914,5504353.867
1,5/10/2024 16:17,Cruickshank,"RW,LM,SM",E5O,CHRL 1,New tubes,2340,Cardinal 10 m,N,5,Depth,5/10/2024 16:19,70,,,70,,,,,,,,,O,,,,,,,,Good,,,,,,5/10/2024 16:37,,1167.0191,WGS84,,Stonex,3/17/2023,,RTK FIXED,329948.7914,5504351.367
1,5/10/2024 16:17,Cruickshank,"RW,LM,SM",E5O,CHRL 1,New tubes,2340,Cardinal 10 m,N,2.5,Depth,5/10/2024 16:20,117,,,117,,,,,,,,,O,,,,,,,,Good,,,,,,5/10/2024 16:37,,1167.0191,WGS84,,Stonex,3/17/2023,,RTK FIXED,329948.7914,5504348.867
1,5/10/2024 16:17,Cruickshank,"RW,LM,SM",E5O,CHRL 1,New tubes,2340,Cardinal 10 m,NW,10,Depth,5/10/2024 16:20,123,,,123,,,,,,,,,O,,,,,,,,Good,,,,,,5/10/2024 16:37,,1167.0191,WGS84,,Stonex,3/17/2023,,RTK FIXED,329941.7206,5504353.437
1,5/10/2024 16:17,Cruickshank,"RW,LM,SM",E5O,CHRL 1,New tubes,2340,Cardinal 10 m,NW,7.5,Depth,5/10/2024 16:20,91,,,91,,,,,,,,,O,,,,,,,,Good,,,,,,5/10/2024 16:37,,1167.0191,WGS84,,Stonex,3/17/2023,,RTK FIXED,329943.4883,5504351.667
1,5/10/2024 16:17,Cruickshank,"RW,LM,SM",E5O,CHRL 1,New tubes,2340,Cardinal 10 m,NW,5,Depth,5/10/2024 16:20,118,,,118,,,,,,,,,O,,,,,,,,Good,,,,,,5/10/2024 16:37,,1167.0191,WGS84,,Stonex,3/17/2023,,RTK FIXED,329945.256,5504349.907
1,5/10/2024 16:17,Cruickshank,"RW,LM,SM",E5O,CHRL 1,New tubes,2340,Cardinal 10 m,NW,2.5,Depth,5/10/2024 16:20,120,,,120,,,,,,,,,O,,,,,,,,Good,,,,,,5/10/2024 16:37,,1167.0191,WGS84,,Stonex,3/17/2023,,RTK FIXED,329947.0237,5504348.137
1,5/10/2024 16:17,Cruickshank,"RW,LM,SM",E5O,CHRL 1,New tubes,2340,Cardinal 10 m,NE,2.5,Depth,5/10/2024 16:21,130,,,130,,,,,,,,,O,,,,,,,,Good,,,,,,5/10/2024 16:37,,1167.0191,WGS84,,Stonex,3/17/2023,,RTK FIXED,329950.5614,5504348.137
1,5/10/2024 16:17,Cruickshank,"RW,LM,SM",E5O,CHRL 1,New tubes,2340,Cardinal 10 m,NE,5,Depth,5/10/2024 16:21,114,,,114,,,,,,,,,O,,,,,,,,Good,,,,,,5/10/2024 16:37,,1167.0191,WGS84,,Stonex,3/17/2023,,RTK FIXED,329952.3314,5504349.907
1,5/10/2024 16:17,Cruickshank,"RW,LM,SM",E5O,CHRL 1,New tubes,2340,Cardinal 10 m,NE,7.5,Depth,5/10/2024 16:21,82,,,82,,,,,,,,,O,,,,,,,,Good,,,,,,5/10/2024 16:37,,1167.0191,WGS84,,Stonex,3/17/2023,,RTK FIXED,329954.0914,5504351.667
1,5/10/2024 16:17,Cruickshank,"RW,LM,SM",E5O,CHRL 1,New tubes,2340,Cardinal 10 m,NE,10,Depth,5/10/2024 16:23,120,,,120,,,,,,,,,O,,,,,,,,Good,,,,,,5/10/2024 16:37,,1167.0191,WGS84,,Stonex,3/17/2023,,RTK FIXED,329955.8614,5504353.437
1,5/10/2024 16:17,Cruickshank,"RW,LM,SM",E5O,CHRL 1,New tubes,2340,Cardinal 10 m,SW,10,Depth,5/10/2024 16:24,0,,,0,,,,,,,,,O,,,,,,,,Good,,,,,,5/10/2024 16:37,,1167.0191,WGS84,,Stonex,3/17/2023,,RTK FIXED,329941.7214,5504339.297
1,5/10/2024 16:17,Cruickshank,"RW,LM,SM",E5O,CHRL 1,New tubes,2340,Cardinal 10 m,SW,7.5,Depth,5/10/2024 16:24,102,,,102,,,,,,,,,O,,,,,,,,Good,,,,,,5/10/2024 16:37,,1167.0191,WGS84,,Stonex,3/17/2023,,RTK FIXED,329943.4914,5504341.067
1,5/10/2024 16:17,Cruickshank,"RW,LM,SM",E5O,CHRL 1,New tubes,2340,Cardinal 10 m,SW,2.5,Depth,5/10/2024 16:24,74,,,74,,,,,,,,,O,,,,,,,,Good,,,,,,5/10/2024 16:37,,1167.0191,WGS84,,Stonex,3/17/2023,,RTK FIXED,329947.0214,5504344.597
1,5/10/2024 16:17,Cruickshank,"RW,LM,SM",E5O,CHRL 1,New tubes,2340,Cardinal 10 m,SW,5,Depth,5/10/2024 16:25,66,,,66,,,,,,,,,O,,,,,,,,Good,,,,,,5/10/2024 16:37,,1167.0191,WGS84,,Stonex,3/17/2023,,RTK FIXED,329945.2514,5504342.827
1,5/10/2024 16:17,Cruickshank,"RW,LM,SM",E5O,CHRL 1,New tubes,2340,Cardinal 10 m,Centre,,Density,5/10/2024 16:25,,0.0001,2950,150,no,,,,,,,129.9999,O,,,610,150,87,54.357,0.362,Good,,,,,,5/10/2024 16:37,,1167.0191,WGS84,,Stonex,3/17/2023,,RTK FIXED,,
1,5/10/2024 16:17,Cruickshank,"RW,LM,SM",E5O,CHRL 1,New tubes,2340,Cardinal 10 m,W,10,Depth,5/10/2024 16:25,94,,,94,,,,,,,,,O,,,,,,,,Good,,,,,,5/10/2024 16:37,,1167.0191,WGS84,,Stonex,3/17/2023,,RTK FIXED,329938.7914,5504346.367
1,5/10/2024 16:17,Cruickshank,"RW,LM,SM",E5O,CHRL 1,New tubes,2340,Cardinal 10 m,W,7.5,Depth,5/10/2024 16:26,105,,,105,,,,,,,,,O,,,,,,,,Good,,,,,,5/10/2024 16:37,,1167.0191,WGS84,,Stonex,3/17/2023,,RTK FIXED,329941.2914,5504346.367
1,5/10/2024 16:17,Cruickshank,"RW,LM,SM",E5O,CHRL 1,New tubes,2340,Cardinal 10 m,W,5,Depth,5/10/2024 16:26,115,,,115,,,,,,,,,O,,,,,,,,Good,,,,,,5/10/2024 16:37,,1167.0191,WGS84,,Stonex,3/17/2023,,RTK FIXED,329943.7914,5504346.367
1,5/10/2024 16:17,Cruickshank,"RW,LM,SM",E5O,CHRL 1,New tubes,2340,Cardinal 10 m,W,2.5,Depth,5/10/2024 16:26,149,,,149,,,,,,,,,O,,,,,,,,Good,,,,,,5/10/2024 16:37,,1167.0191,WGS84,,Stonex,3/17/2023,,RTK FIXED,329946.2914,5504346.367
1,5/10/2024 16:17,Cruickshank,"RW,LM,SM",E5O,CHRL 1,New tubes,2340,Cardinal 10 m,W,10,Density,5/10/2024 16:26,,3,2670,93,no,,,,,,,83,O,,,330,93,89,29.406,0.327,Good,,,,,,5/10/2024 16:37,,1167.0191,WGS84,,Stonex,3/17/2023,,RTK FIXED,329938.7914,5504346.367
1,5/10/2024 16:17,Cruickshank,"RW,LM,SM",E5O,CHRL 1,New tubes,2340,Cardinal 10 m,S,5,Depth,5/10/2024 16:28,60,,,60,,,,,,,,,O,,,,,,,,Good,,,,,,5/10/2024 16:37,,1167.0191,WGS84,,Stonex,3/17/2023,,RTK FIXED,329948.7914,5504341.367
1,5/10/2024 16:17,Cruickshank,"RW,LM,SM",E5O,CHRL 1,New tubes,2340,Cardinal 10 m,S,2.5,Depth,5/10/2024 16:29,110,,,110,,,,,,,,,O,,,,,,,,Good,,,,,,5/10/2024 16:37,,1167.0191,WGS84,,Stonex,3/17/2023,,RTK FIXED,329948.7914,5504343.867
1,5/10/2024 16:17,Cruickshank,"RW,LM,SM",E5O,CHRL 1,New tubes,2340,Cardinal 10 m,S,10,Depth,5/10/2024 16:29,0,,,0,,,,,,,,,O,,,,,,,,Good,,,,,,5/10/2024 16:37,,1167.0191,WGS84,,Stonex,3/17/2023,,RTK FIXED,329948.7914,5504336.367
1,5/10/2024 16:17,Cruickshank,"RW,LM,SM",E5O,CHRL 1,New tubes,2340,Cardinal 10 m,S,7.5,Depth,5/10/2024 16:29,0,,,0,,,,,,,,,O,,,,,,,,Good,,,,,,5/10/2024 16:37,,1167.0191,WGS84,,Stonex,3/17/2023,,RTK FIXED,329948.7914,5504338.867
1,5/10/2024 16:17,Cruickshank,"RW,LM,SM",E5O,CHRL 1,New tubes,2340,Cardinal 10 m,SE,10,Depth,5/10/2024 16:30,86,,,86,,,,,,,,,O,,,,,,,,Good,,,,,,5/10/2024 16:37,,1167.0191,WGS84,,Stonex,3/17/2023,,RTK FIXED,329955.8614,5504339.297
1,5/10/2024 16:17,Cruickshank,"RW,LM,SM",E5O,CHRL 1,New tubes,2340,Cardinal 10 m,SE,7.5,Depth,5/10/2024 16:31,0,,,0,,,,,,,,,O,,,,,,,,Good,,,,,,5/10/2024 16:37,,1167.0191,WGS84,,Stonex,3/17/2023,,RTK FIXED,329954.0914,5504341.067
1,5/10/2024 16:17,Cruickshank,"RW,LM,SM",E5O,CHRL 1,New tubes,2340,Cardinal 10 m,SE,5,Depth,5/10/2024 16:31,0,,,0,,,,,,,,,O,,,,,,,,Good,,,,,,5/10/2024 16:37,,1167.0191,WGS84,,Stonex,3/17/2023,,RTK FIXED,329952.3314,5504342.827
1,5/10/2024 16:17,Cruickshank,"RW,LM,SM",E5O,CHRL 1,New tubes,2340,Cardinal 10 m,SE,2.5,Depth,5/10/2024 16:31,99,,,99,,,,,,,,,O,,,,,,,,Good,,,,,,5/10/2024 16:37,,1167.0191,WGS84,,Stonex,3/17/2023,,RTK FIXED,329950.5614,5504344.597
1,5/10/2024 16:17,Cruickshank,"RW,LM,SM",E5O,CHRL 1,New tubes,2340,Cardinal 10 m,E,10,Depth,,,,,0,,,,,,,,,O,,,,,,,,Good,,,,,,5/10/2024 16:37,,1167.0191,WGS84,,Stonex,3/17/2023,,RTK FIXED,329958.7914,5504346.367
1,5/10/2024 16:17,Cruickshank,"RW,LM,SM",E5O,CHRL 1,New tubes,2340,Cardinal 10 m,E,10,Depth,5/10/2024 16:33,72,,,72,,,,,,,,,O,,,,,,,,Good,,,,,,5/10/2024 16:37,,1167.0191,WGS84,,Stonex,3/17/2023,,RTK FIXED,329958.7914,5504346.367
1,5/10/2024 16:17,Cruickshank,"RW,LM,SM",E5O,CHRL 1,New tubes,2340,Cardinal 10 m,E,7.5,Depth,5/10/2024 16:33,0,,,0,,,,,,,,,O,,,,,,,,Good,,,,,,5/10/2024 16:37,,1167.0191,WGS84,,Stonex,3/17/2023,,RTK FIXED,329956.2914,5504346.367
1,5/10/2024 16:17,Cruickshank,"RW,LM,SM",E5O,CHRL 1,New tubes,2340,Cardinal 10 m,E,5,Depth,5/10/2024 16:33,0,,,0,,,,,,,,,O,,,,,,,,Good,,,,,,5/10/2024 16:37,,1167.0191,WGS84,,Stonex,3/17/2023,,RTK FIXED,329953.7914,5504346.367
1,5/10/2024 16:17,Cruickshank,"RW,LM,SM",E5O,CHRL 1,New tubes,2340,Cardinal 10 m,E,2.5,Depth,5/10/2024 16:35,153,,,153,,,,,,,,,O,,,,,,,,Good,,,,,,5/10/2024 16:37,,1167.0191,WGS84,,Stonex,3/17/2023,,RTK FIXED,329951.2914,5504346.367
1,5/10/2024 16:17,Cruickshank,"RW,LM,SM",E5O,CHRL 1,New tubes,2340,Cardinal 10 m,E,10,Density,5/10/2024 16:34,,0.001,2540,61,no,,,,,,,45.999,O,,,200,61,75,17.822,0.292,Good,,,,,,5/10/2024 16:37,,1167.0191,WGS84,,Stonex,3/17/2023,,RTK FIXED,329958.7914,5504346.367
1,5/10/2024 16:17,Cruickshank,"RW,LM,SM",E5O,CHRL 1,New tubes,2340,Cardinal 10 m,Centre,,Depth,5/10/2024 16:37,169,,,169,,,,,,,,,O,,,,,,,,Good,,,,,,5/10/2024 16:37,,1167.0191,WGS84,,Stonex,3/17/2023,,RTK FIXED,,
1,5/10/2024 11:22,Cruickshank,Tm bf ak,N1A,CHRL 1,20-30 cm boot depth,3630,Cardinal 10 m,S,10,Depth,5/10/2024 11:26,252,,,252,,,,,,,,,O,,,,,,,,Good,,,,,,5/10/2024 12:00,,1583.996,WGS84,,Stonex,3/15/2023,,SBAS,328015.4,5504514
1,5/10/2024 11:22,Cruickshank,Tm bf ak,N1A,CHRL 1,20-30 cm boot depth,3630,Cardinal 10 m,S,7.5,Depth,5/10/2024 11:27,229,,,229,,,,,,,,,O,,,,,,,,Good,,,,,,5/10/2024 12:00,,1583.996,WGS84,,Stonex,3/15/2023,,SBAS,328015.4,5504516.5
1,5/10/2024 11:22,Cruickshank,Tm bf ak,N1A,CHRL 1,20-30 cm boot depth,3630,Cardinal 10 m,S,5,Depth,5/10/2024 11:27,222,,,222,,,,,,,,,O,,,,,,,,Good,,,,,,5/10/2024 12:00,,1583.996,WGS84,,Stonex,3/15/2023,,SBAS,328015.4,5504519
1,5/10/2024 11:22,Cruickshank,Tm bf ak,N1A,CHRL 1,20-30 cm boot depth,3630,Cardinal 10 m,S,2.5,Depth,5/10/2024 11:28,201,,,201,,,,,,,,,O,,,,,,,,Good,,,,,,5/10/2024 12:00,,1583.996,WGS84,,Stonex,3/15/2023,,SBAS,328015.4,5504521.5
1,5/10/2024 11:22,Cruickshank,Tm bf ak,N1A,CHRL 1,20-30 cm boot depth,3630,Cardinal 10 m,Centre,,Depth,5/10/2024 11:29,189,,,189,,,,,,,,,E,,,,,,,,Good,,,,,,5/10/2024 12:00,,1583.996,WGS84,,Stonex,3/15/2023,,SBAS,,
1,5/10/2024 11:22,Cruickshank,Tm bf ak,N1A,CHRL 1,20-30 cm boot depth,3630,Cardinal 10 m,N,10,Depth,5/10/2024 11:30,158,,,158,,,,,,,,,O,,,,,,,,Good,,,,,,5/10/2024 12:00,,1583.996,WGS84,,Stonex,3/15/2023,,SBAS,328015.4,5504534
1,5/10/2024 11:22,Cruickshank,Tm bf ak,N1A,CHRL 1,20-30 cm boot depth,3630,Cardinal 10 m,N,7.5,Depth,5/10/2024 11:30,133,,,133,,,,,,,,,O,,,,,,,,Good,,,,,,5/10/2024 12:00,,1583.996,WGS84,,Stonex,3/15/2023,,SBAS,328015.4,5504531.5
1,5/10/2024 11:22,Cruickshank,Tm bf ak,N1A,CHRL 1,20-30 cm boot depth,3630,Cardinal 10 m,N,5,Depth,5/10/2024 11:31,140,,,140,,,,,,,,,O,,,,,,,,Good,,,,,,5/10/2024 12:00,,1583.996,WGS84,,Stonex,3/15/2023,,SBAS,328015.4,5504529
1,5/10/2024 11:22,Cruickshank,Tm bf ak,N1A,CHRL 1,20-30 cm boot depth,3630,Cardinal 10 m,N,10,Density,5/10/2024 11:31,,0,4750,232,no,,,,,,,190,O,,,1120,232,82,99.803,0.43,Good,,,,,,5/10/2024 12:00,,1583.996,WGS84,,Stonex,3/15/2023,,SBAS,328015.4,5504534
1,5/10/2024 11:22,Cruickshank,Tm bf ak,N1A,CHRL 1,20-30 cm boot depth,3630,Cardinal 10 m,N,2.5,Depth,5/10/2024 11:32,177,,,177,,,,,,,,,O,,,,,,,,Good,,,,,,5/10/2024 12:00,,1583.996,WGS84,,Stonex,3/15/2023,,SBAS,328015.4,5504526.5
1,5/10/2024 11:22,Cruickshank,Tm bf ak,N1A,CHRL 1,20-30 cm boot depth,3630,Cardinal 10 m,W,10,Density,5/10/2024 11:40,,0,4740,250,no,,,,,,,215,O,,,1110,250,86,98.912,0.396,Good,,,,,,5/10/2024 12:00,,1583.996,WGS84,,Stonex,3/15/2023,,SBAS,328005.4,5504524
1,5/10/2024 11:22,Cruickshank,Tm bf ak,N1A,CHRL 1,20-30 cm boot depth,3630,Cardinal 10 m,E,10,Depth,5/10/2024 11:42,263,,,263,,,,,,,,,O,,,,,,,,Good,,,,,,5/10/2024 12:00,,1583.996,WGS84,,Stonex,3/15/2023,,SBAS,328025.4,5504524
1,5/10/2024 11:22,Cruickshank,Tm bf ak,N1A,CHRL 1,20-30 cm boot depth,3630,Cardinal 10 m,E,7.5,Depth,5/10/2024 11:43,272,,,272,,,,,,,,,O,,,,,,,,Good,,,,,,5/10/2024 12:00,,1583.996,WGS84,,Stonex,3/15/2023,,SBAS,328022.9,5504524
1,5/10/2024 11:22,Cruickshank,Tm bf ak,N1A,CHRL 1,20-30 cm boot depth,3630,Cardinal 10 m,E,5,Depth,5/10/2024 11:43,189,,,189,,,,,,,,,O,,,,,,,,Good,,,,,,5/10/2024 12:00,,1583.996,WGS84,,Stonex,3/15/2023,,SBAS,328020.4,5504524
1,5/10/2024 11:22,Cruickshank,Tm bf ak,N1A,CHRL 1,20-30 cm boot depth,3630,Cardinal 10 m,E,2.5,Depth,5/10/2024 11:43,165,,,165,,,,,,,,,O,,,,,,,,Good,,,,,,5/10/2024 12:00,,1583.996,WGS84,,Stonex,3/15/2023,,SBAS,328017.9,5504524
1,5/10/2024 11:22,Cruickshank,Tm bf ak,N1A,CHRL 1,20-30 cm boot depth,3630,Cardinal 10 m,W,2.5,Depth,5/10/2024 11:43,220,,,220,,,,,,,,,O,,,,,,,,Good,,,,,,5/10/2024 12:00,,1583.996,WGS84,,Stonex,3/15/2023,,SBAS,328012.9,5504524
1,5/10/2024 11:22,Cruickshank,Tm bf ak,N1A,CHRL 1,20-30 cm boot depth,3630,Cardinal 10 m,W,5,Depth,5/10/2024 11:44,291,,,291,,,,,,,,,O,,,,,,,,Good,,,,,,5/10/2024 12:00,,1583.996,WGS84,,Stonex,3/15/2023,,SBAS,328010.4,5504524
1,5/10/2024 11:22,Cruickshank,Tm bf ak,N1A,CHRL 1,20-30 cm boot depth,3630,Cardinal 10 m,W,7.5,Depth,5/10/2024 11:44,275,,,275,,,,,,,,,O,,,,,,,,Good,,,,,,5/10/2024 12:00,,1583.996,WGS84,,Stonex,3/15/2023,,SBAS,328007.9,5504524
1,5/10/2024 11:22,Cruickshank,Tm bf ak,N1A,CHRL 1,20-30 cm boot depth,3630,Cardinal 10 m,W,10,Depth,5/10/2024 11:45,286,,,286,,,,,,,,,O,,,,,,,,Good,,,,,,5/10/2024 12:00,,1583.996,WGS84,,Stonex,3/15/2023,,SBAS,328005.4,5504524
1,5/10/2024 11:22,Cruickshank,Tm bf ak,N1A,CHRL 1,20-30 cm boot depth,3630,Cardinal 10 m,SW,10,Depth,5/10/2024 11:47,228,,,228,,,,,,,,,O,,,,,,,,Good,,,,,,5/10/2024 12:00,,1583.996,WGS84,,Stonex,3/15/2023,,SBAS,328008.33,5504516.93
1,5/10/2024 11:22,Cruickshank,Tm bf ak,N1A,CHRL 1,20-30 cm boot depth,3630,Cardinal 10 m,SW,7.5,Depth,5/10/2024 11:47,240,,,240,,,,,,,,,O,,,,,,,,Good,,,,,,5/10/2024 12:00,,1583.996,WGS84,,Stonex,3/15/2023,,SBAS,328010.1,5504518.7
1,5/10/2024 11:22,Cruickshank,Tm bf ak,N1A,CHRL 1,20-30 cm boot depth,3630,Cardinal 10 m,SW,5,Depth,5/10/2024 11:48,271,,,271,,,,,,,,,O,,,,,,,,Good,,,,,,5/10/2024 12:00,,1583.996,WGS84,,Stonex,3/15/2023,,SBAS,328011.86,5504520.46
1,5/10/2024 11:22,Cruickshank,Tm bf ak,N1A,CHRL 1,20-30 cm boot depth,3630,Cardinal 10 m,SW,2.5,Depth,5/10/2024 11:49,260,,,260,,,,,,,,,O,,,,,,,,Good,,,,,,5/10/2024 12:00,,1583.996,WGS84,,Stonex,3/15/2023,,SBAS,328013.63,5504522.23
1,5/10/2024 11:22,Cruickshank,Tm bf ak,N1A,CHRL 1,20-30 cm boot depth,3630,Cardinal 10 m,N,10,Density,5/10/2024 11:49,,0,4170,140,no,,,,,,,90,O,,,540,140,64,48.119,0.344,Fair,Bf did 5 cores,,,,,5/10/2024 12:00,,1583.996,WGS84,,Stonex,3/15/2023,,SBAS,328015.4,5504534
1,5/10/2024 11:22,Cruickshank,Tm bf ak,N1A,CHRL 1,20-30 cm boot depth,3630,Cardinal 10 m,NE,10,Depth,5/10/2024 11:51,218,,,218,,,,,,,,,O,,,,,,,,Good,,,,,,5/10/2024 12:00,,1583.996,WGS84,,Stonex,3/15/2023,,SBAS,328022.47,5504531.07
1,5/10/2024 11:22,Cruickshank,Tm bf ak,N1A,CHRL 1,20-30 cm boot depth,3630,Cardinal 10 m,NE,7.5,Depth,5/10/2024 11:52,223,,,223,,,,,,,,,O,,,,,,,,Good,,,,,,5/10/2024 12:00,,1583.996,WGS84,,Stonex,3/15/2023,,SBAS,328020.7,5504529.3
1,5/10/2024 11:22,Cruickshank,Tm bf ak,N1A,CHRL 1,20-30 cm boot depth,3630,Cardinal 10 m,NE,5,Depth,5/10/2024 11:52,157,,,157,,,,,,,,,"O,R",,,,,,,,Good,,,,,,5/10/2024 12:00,,1583.996,WGS84,,Stonex,3/15/2023,,SBAS,328018.94,5504527.54
1,5/10/2024 11:22,Cruickshank,Tm bf ak,N1A,CHRL 1,20-30 cm boot depth,3630,Cardinal 10 m,E,10,Density,5/10/2024 11:52,,0,4860,250,,,,,,,,230,O,,,1230,250,92,109.605,0.438,Good,,,,,,5/10/2024 12:00,,1583.996,WGS84,,Stonex,3/15/2023,,SBAS,328025.4,5504524
1,5/10/2024 11:22,Cruickshank,Tm bf ak,N1A,CHRL 1,20-30 cm boot depth,3630,Cardinal 10 m,NE,2.5,Depth,5/10/2024 11:53,155,,,155,,,,,,,,,O,,,,,,,,Good,,,,,,5/10/2024 12:00,,1583.996,WGS84,,Stonex,3/15/2023,,SBAS,328017.17,5504525.77
1,5/10/2024 11:22,Cruickshank,Tm bf ak,N1A,CHRL 1,20-30 cm boot depth,3630,Cardinal 10 m,Centre,,Density,5/10/2024 11:55,,0,4400,184,no,,,,,,,140,O,,,770,184,76,68.615,0.373,Good,,,,,,5/10/2024 12:00,,1583.996,WGS84,,Stonex,3/15/2023,,SBAS,,
1,5/10/2024 11:22,Cruickshank,Tm bf ak,N1A,CHRL 1,20-30 cm boot depth,3630,Cardinal 10 m,NW,10,Depth,5/10/2024 11:56,191,,,191,,,,,,,,,O,,,,,,,,Good,,,,,,5/10/2024 12:00,,1583.996,WGS84,,Stonex,3/15/2023,,SBAS,328008.3292,5504531.07
1,5/10/2024 11:22,Cruickshank,Tm bf ak,N1A,CHRL 1,20-30 cm boot depth,3630,Cardinal 10 m,NW,7.5,Depth,5/10/2024 11:56,182,,,182,,,,,,,,,O,,,,,,,,Good,,,,,,5/10/2024 12:00,,1583.996,WGS84,,Stonex,3/15/2023,,SBAS,328010.0969,5504529.3
1,5/10/2024 11:22,Cruickshank,Tm bf ak,N1A,CHRL 1,20-30 cm boot depth,3630,Cardinal 10 m,NW,5,Depth,5/10/2024 11:56,164,,,164,,,,,,,,,O,,,,,,,,Good,,,,,,5/10/2024 12:00,,1583.996,WGS84,,Stonex,3/15/2023,,SBAS,328011.8646,5504527.54
1,5/10/2024 11:22,Cruickshank,Tm bf ak,N1A,CHRL 1,20-30 cm boot depth,3630,Cardinal 10 m,NW,2.5,Depth,5/10/2024 11:56,211,,,211,,,,,,,,,O,,,,,,,,Good,,,,,,5/10/2024 12:00,,1583.996,WGS84,,Stonex,3/15/2023,,SBAS,328013.6323,5504525.77
1,5/10/2024 11:22,Cruickshank,Tm bf ak,N1A,CHRL 1,20-30 cm boot depth,3630,Cardinal 10 m,SE,10,Depth,5/10/2024 11:58,206,,,206,,,,,,,,,O,,,,,,,,Good,,,,,,5/10/2024 12:00,,1583.996,WGS84,,Stonex,3/15/2023,,SBAS,328022.47,5504516.93
1,5/10/2024 11:22,Cruickshank,Tm bf ak,N1A,CHRL 1,20-30 cm boot depth,3630,Cardinal 10 m,SE,7.5,Depth,5/10/2024 11:59,218,,,218,,,,,,,,,O,,,,,,,,Good,,,,,,5/10/2024 12:00,,1583.996,WGS84,,Stonex,3/15/2023,,SBAS,328020.7,5504518.7
1,5/10/2024 11:22,Cruickshank,Tm bf ak,N1A,CHRL 1,20-30 cm boot depth,3630,Cardinal 10 m,SE,5,Depth,5/10/2024 11:59,199,,,199,,,,,,,,,O,,,,,,,,Good,,,,,,5/10/2024 12:00,,1583.996,WGS84,,Stonex,3/15/2023,,SBAS,328018.94,5504520.46
1,5/10/2024 11:22,Cruickshank,Tm bf ak,N1A,CHRL 1,20-30 cm boot depth,3630,Cardinal 10 m,SE,2.5,Depth,5/10/2024 11:59,170,,,170,,,,,,,,,"O,R",,,,,,,,Good,,,,,,5/10/2024 12:00,,1583.996,WGS84,,Stonex,3/15/2023,,SBAS,328017.17,5504522.23
1,5/10/2024 9:15,Cruickshank,"RW, LM, SM",N3O,MOE 1,New set of tubes,3490,Cardinal 10 m,Centre,,Depth,5/10/2024 9:35,250,,,250,,,,,,,,,O,,,,,,,,Good,,,,,,5/10/2024 10:13,,1401.2748,WGS84,,Stonex,3/16/2023,,RTK Fixed,,
1,5/10/2024 9:15,Cruickshank,"RW, LM, SM",N3O,MOE 1,New set of tubes,3490,Cardinal 10 m,S,2.5,Depth,5/10/2024 9:36,242,,,242,,,,,,,,,O,,,,,,,,Good,,,,,,5/10/2024 10:13,,1401.2748,WGS84,,Stonex,3/16/2023,,RTK Fixed,328983.3043,5504638.424
1,5/10/2024 9:15,Cruickshank,"RW, LM, SM",N3O,MOE 1,New set of tubes,3490,Cardinal 10 m,S,5,Depth,5/10/2024 9:37,245,,,245,,,,,,,,,O,,,,,,,,Good,,,,,,5/10/2024 10:13,,1401.2748,WGS84,,Stonex,3/16/2023,,RTK Fixed,328983.3043,5504635.924
1,5/10/2024 9:15,Cruickshank,"RW, LM, SM",N3O,MOE 1,New set of tubes,3490,Cardinal 10 m,S,7.5,Depth,5/10/2024 9:37,244,,,244,,,,,,,,,O,,,,,,,,Good,,,,,,5/10/2024 10:13,,1401.2748,WGS84,,Stonex,3/16/2023,,RTK Fixed,328983.3043,5504633.424
1,5/10/2024 9:15,Cruickshank,"RW, LM, SM",N3O,MOE 1,New set of tubes,3490,Cardinal 10 m,S,10,Depth,5/10/2024 9:37,236,,,236,,,,,,,,,O,,,,,,,,Good,,,,,,5/10/2024 10:13,,1401.2748,WGS84,,Stonex,3/16/2023,,RTK Fixed,328983.3043,5504630.924
1,5/10/2024 9:15,Cruickshank,"RW, LM, SM",N3O,MOE 1,New set of tubes,3490,Cardinal 10 m,N,2.5,Depth,5/10/2024 9:38,196,,,196,,,,,,,,,O,,,,,,,,Good,,,,,,5/10/2024 10:13,,1401.2748,WGS84,,Stonex,3/16/2023,,RTK Fixed,328983.3043,5504643.424
1,5/10/2024 9:15,Cruickshank,"RW, LM, SM",N3O,MOE 1,New set of tubes,3490,Cardinal 10 m,N,5,Depth,5/10/2024 9:38,257,,,257,,,,,,,,,O,,,,,,,,Good,,,,,,5/10/2024 10:13,,1401.2748,WGS84,,Stonex,3/16/2023,,RTK Fixed,328983.3043,5504645.924
1,5/10/2024 9:15,Cruickshank,"RW, LM, SM",N3O,MOE 1,New set of tubes,3490,Cardinal 10 m,N,7.5,Depth,5/10/2024 9:39,273,,,273,,,,,,,,,O,,,,,,,,Good,,,,,,5/10/2024 10:13,,1401.2748,WGS84,,Stonex,3/16/2023,,RTK Fixed,328983.3043,5504648.424
1,5/10/2024 9:15,Cruickshank,"RW, LM, SM",N3O,MOE 1,New set of tubes,3490,Cardinal 10 m,N,10,Depth,5/10/2024 9:39,264,,,264,,,,,,,,,O,,,,,,,,Good,,,,,,5/10/2024 10:13,,1401.2748,WGS84,,Stonex,3/16/2023,,RTK Fixed,328983.3043,5504650.924
1,5/10/2024 9:15,Cruickshank,"RW, LM, SM",N3O,MOE 1,New set of tubes,3490,Cardinal 10 m,NE,10,Depth,5/10/2024 9:41,225,,,225,,,,,,,,,O,,,,,,,,Good,,,,,,5/10/2024 10:13,,1401.2748,WGS84,,Stonex,3/16/2023,,RTK Fixed,328990.3743,5504647.994
1,5/10/2024 9:15,Cruickshank,"RW, LM, SM",N3O,MOE 1,New set of tubes,3490,Cardinal 10 m,NE,7.5,Depth,5/10/2024 9:42,240,,,240,,,,,,,,,O,,,,,,,,Good,,,,,,5/10/2024 10:13,,1401.2748,WGS84,,Stonex,3/16/2023,,RTK Fixed,328988.6043,5504646.224
1,5/10/2024 9:15,Cruickshank,"RW, LM, SM",N3O,MOE 1,New set of tubes,3490,Cardinal 10 m,NE,5,Depth,5/10/2024 9:42,234,,,234,,,,,,,,,O,,,,,,,,Good,,,,,,5/10/2024 10:13,,1401.2748,WGS84,,Stonex,3/16/2023,,RTK Fixed,328986.8443,5504644.464
1,5/10/2024 9:15,Cruickshank,"RW, LM, SM",N3O,MOE 1,New set of tubes,3490,Cardinal 10 m,NE,2.5,Depth,5/10/2024 9:42,239,,,239,,,,,,,,,O,,,,,,,,Good,,,,,,5/10/2024 10:13,,1401.2748,WGS84,,Stonex,3/16/2023,,RTK Fixed,328985.0743,5504642.694
1,5/10/2024 9:15,Cruickshank,"RW, LM, SM",N3O,MOE 1,New set of tubes,3490,Cardinal 10 m,SW,10,Depth,5/10/2024 9:44,223,,,223,,,,,,,,,O,,,,,,,,Good,,,,,,5/10/2024 10:13,,1401.2748,WGS84,,Stonex,3/16/2023,,RTK Fixed,328976.2343,5504633.854
1,5/10/2024 9:15,Cruickshank,"RW, LM, SM",N3O,MOE 1,New set of tubes,3490,Cardinal 10 m,SW,7.5,Depth,5/10/2024 9:44,226,,,226,,,,,,,,,O,,,,,,,,Good,,,,,,5/10/2024 10:13,,1401.2748,WGS84,,Stonex,3/16/2023,,RTK Fixed,328978.0043,5504635.624
1,5/10/2024 9:15,Cruickshank,"RW, LM, SM",N3O,MOE 1,New set of tubes,3490,Cardinal 10 m,SW,5,Depth,5/10/2024 9:44,255,,,255,,,,,,,,,O,,,,,,,,Good,,,,,,5/10/2024 10:13,,1401.2748,WGS84,,Stonex,3/16/2023,,RTK Fixed,328979.7643,5504637.384
1,5/10/2024 9:15,Cruickshank,"RW, LM, SM",N3O,MOE 1,New set of tubes,3490,Cardinal 10 m,SW,2.5,Depth,5/10/2024 9:45,250,,,250,,,,,,,,,O,,,,,,,,Good,,,,,,5/10/2024 10:13,,1401.2748,WGS84,,Stonex,3/16/2023,,RTK Fixed,328981.5343,5504639.154
1,5/10/2024 9:15,Cruickshank,"RW, LM, SM",N3O,MOE 1,New set of tubes,3490,Cardinal 10 m,N,10,Density,5/10/2024 9:45,,0,4600,280,yes,1a,1b,262,5/10/2024 9:48,4,4010,280,O,,,1630,280,100,145.249,0.519,Fair,Actual max depth is 262,,,,,5/10/2024 10:13,,1401.2748,WGS84,,Stonex,3/16/2023,,RTK Fixed,328983.3043,5504650.924
1,5/10/2024 9:15,Cruickshank,"RW, LM, SM",N3O,MOE 1,New set of tubes,3490,Cardinal 10 m,W,10,Depth,5/10/2024 9:54,196,,,196,,,,,,,,,O,,,,,,,,Good,,,,,,5/10/2024 10:13,,1401.2748,WGS84,,Stonex,3/16/2023,,RTK Fixed,328973.3043,5504640.924
1,5/10/2024 9:15,Cruickshank,"RW, LM, SM",N3O,MOE 1,New set of tubes,3490,Cardinal 10 m,W,7.5,Depth,5/10/2024 9:54,224,,,224,,,,,,,,,O,,,,,,,,Good,,,,,,5/10/2024 10:13,,1401.2748,WGS84,,Stonex,3/16/2023,,RTK Fixed,328975.8043,5504640.924
1,5/10/2024 9:15,Cruickshank,"RW, LM, SM",N3O,MOE 1,New set of tubes,3490,Cardinal 10 m,W,5,Depth,5/10/2024 9:54,228,,,228,,,,,,,,,O,,,,,,,,Good,,,,,,5/10/2024 10:13,,1401.2748,WGS84,,Stonex,3/16/2023,,RTK Fixed,328978.3043,5504640.924
1,5/10/2024 9:15,Cruickshank,"RW, LM, SM",N3O,MOE 1,New set of tubes,3490,Cardinal 10 m,W,2.5,Depth,5/10/2024 9:55,225,,,225,,,,,,,,,O,,,,,,,,Good,,,,,,5/10/2024 10:13,,1401.2748,WGS84,,Stonex,3/16/2023,,RTK Fixed,328980.8043,5504640.924
1,5/10/2024 9:15,Cruickshank,"RW, LM, SM",N3O,MOE 1,New set of tubes,3490,Cardinal 10 m,Centre,,Density,5/10/2024 9:55,,3,4780,245,no,,,,,,,208,O,,,1290,245,85,114.952,0.475,Good,,,,,,5/10/2024 10:13,,1401.2748,WGS84,,Stonex,3/16/2023,,RTK Fixed,,
1,5/10/2024 9:15,Cruickshank,"RW, LM, SM",N3O,MOE 1,New set of tubes,3490,Cardinal 10 m,E,10,Depth,5/10/2024 9:56,215,,,215,,,,,,,,,O,,,,,,,,Good,,,,,,5/10/2024 10:13,,1401.2748,WGS84,,Stonex,3/16/2023,,RTK Fixed,328993.3043,5504640.924
1,5/10/2024 9:15,Cruickshank,"RW, LM, SM",N3O,MOE 1,New set of tubes,3490,Cardinal 10 m,E,7.5,Depth,5/10/2024 9:57,207,,,207,,,,,,,,,O,,,,,,,,Good,,,,,,5/10/2024 10:13,,1401.2748,WGS84,,Stonex,3/16/2023,,RTK Fixed,328990.8043,5504640.924
1,5/10/2024 9:15,Cruickshank,"RW, LM, SM",N3O,MOE 1,New set of tubes,3490,Cardinal 10 m,E,5,Depth,5/10/2024 9:57,223,,,223,,,,,,,,,O,,,,,,,,Good,,,,,,5/10/2024 10:13,,1401.2748,WGS84,,Stonex,3/16/2023,,RTK Fixed,328988.3043,5504640.924
1,5/10/2024 9:15,Cruickshank,"RW, LM, SM",N3O,MOE 1,New set of tubes,3490,Cardinal 10 m,E,2.5,Depth,5/10/2024 9:57,225,,,225,,,,,,,,,O,,,,,,,,Good,,,,,,5/10/2024 10:13,,1401.2748,WGS84,,Stonex,3/16/2023,,RTK Fixed,328985.8043,5504640.924
1,5/10/2024 9:15,Cruickshank,"RW, LM, SM",N3O,MOE 1,New set of tubes,3490,Cardinal 10 m,W,10,Density,5/10/2024 9:58,,0,4420,178,,,,,,,,161,O,,,930,178,90,82.872,0.466,Good,,,,,,5/10/2024 10:13,,1401.2748,WGS84,,Stonex,3/16/2023,,RTK Fixed,328973.3043,5504640.924
1,5/10/2024 9:15,Cruickshank,"RW, LM, SM",N3O,MOE 1,New set of tubes,3490,Cardinal 10 m,S,10,Density,5/10/2024 10:06,,0,4670,225,no,,,,,,,210,O,,,1180,225,93,105.15,0.467,Good,,,,,,5/10/2024 10:13,,1401.2748,WGS84,,Stonex,3/16/2023,,RTK Fixed,328983.3043,5504630.924
1,5/10/2024 9:15,Cruickshank,"RW, LM, SM",N3O,MOE 1,New set of tubes,3490,Cardinal 10 m,E,10,Density,5/10/2024 10:10,,5,4360,195,no,,,,,,,185,O,,,870,195,95,77.526,0.408,Good,,,,,,5/10/2024 10:13,,1401.2748,WGS84,,Stonex,3/16/2023,,RTK Fixed,328993.3043,5504640.924
1,5/10/2024 14:50,Cruickshank,Tm bf ak,R1O,S2,"Too little snow, taking plot on road. Not following true cardinals but following road azimuth as pseudo N-S. stump on NE side of road 10 m from center bearing 123 deg. See photo on SE 10",530,Cardinal 10 m,S,10,Depth,5/10/2024 14:57,52,,,52,,,,,,,,,O,,,,,,,,Good,200 (SSW) from center,,,,,5/10/2024 15:16,,0,,,,,,,0,-10
1,5/10/2024 14:50,Cruickshank,Tm bf ak,R1O,S2,"Too little snow, taking plot on road. Not following true cardinals but following road azimuth as pseudo N-S. stump on NE side of road 10 m from center bearing 123 deg. See photo on SE 10",530,Cardinal 10 m,N,10,Depth,5/10/2024 14:58,14,,,14,,,,,,,,,O,,,,,,,,Good,Not on road,,,,,5/10/2024 15:16,,0,,,,,,,0,10
1,5/10/2024 14:50,Cruickshank,Tm bf ak,R1O,S2,"Too little snow, taking plot on road. Not following true cardinals but following road azimuth as pseudo N-S. stump on NE side of road 10 m from center bearing 123 deg. See photo on SE 10",530,Cardinal 10 m,N,7.5,Density,5/10/2024 14:59,,0,680,26,no,,,,,,,22,O,,,150,26,85,13.367,0.514,Good,,,,,,5/10/2024 15:16,,0,,,,,,,0,7.5
1,5/10/2024 14:50,Cruickshank,Tm bf ak,R1O,S2,"Too little snow, taking plot on road. Not following true cardinals but following road azimuth as pseudo N-S. stump on NE side of road 10 m from center bearing 123 deg. See photo on SE 10",530,Cardinal 10 m,N,5,Depth,5/10/2024 15:00,29,,,29,,,,,,,,,O,,,,,,,,Good,,,,,,5/10/2024 15:16,,0,,,,,,,0,5
1,5/10/2024 14:50,Cruickshank,Tm bf ak,R1O,S2,"Too little snow, taking plot on road. Not following true cardinals but following road azimuth as pseudo N-S. stump on NE side of road 10 m from center bearing 123 deg. See photo on SE 10",530,Cardinal 10 m,N,2.5,Depth,5/10/2024 15:01,30,,,30,,,,,,,,,O,,,,,,,,Good,Not North,,,,,5/10/2024 15:16,,0,,,,,,,0,2.5
1,5/10/2024 14:50,Cruickshank,Tm bf ak,R1O,S2,"Too little snow, taking plot on road. Not following true cardinals but following road azimuth as pseudo N-S. stump on NE side of road 10 m from center bearing 123 deg. See photo on SE 10",530,Cardinal 10 m,S,7.5,Depth,5/10/2024 15:01,52,,,52,,,,,,,,,O,,,,,,,,Good,,,,,,5/10/2024 15:16,,0,,,,,,,0,-7.5
1,5/10/2024 14:50,Cruickshank,Tm bf ak,R1O,S2,"Too little snow, taking plot on road. Not following true cardinals but following road azimuth as pseudo N-S. stump on NE side of road 10 m from center bearing 123 deg. See photo on SE 10",530,Cardinal 10 m,S,5,Depth,5/10/2024 15:01,40,,,40,,,,,,,,,O,,,,,,,,Good,,,,,,5/10/2024 15:16,,0,,,,,,,0,-5
1,5/10/2024 14:50,Cruickshank,Tm bf ak,R1O,S2,"Too little snow, taking plot on road. Not following true cardinals but following road azimuth as pseudo N-S. stump on NE side of road 10 m from center bearing 123 deg. See photo on SE 10",530,Cardinal 10 m,S,2.5,Depth,5/10/2024 15:01,46,,,46,,,,,,,,,O,,,,,,,,Good,,,,,,5/10/2024 15:16,,0,,,,,,,0,-2.5
1,5/10/2024 14:50,Cruickshank,Tm bf ak,R1O,S2,"Too little snow, taking plot on road. Not following true cardinals but following road azimuth as pseudo N-S. stump on NE side of road 10 m from center bearing 123 deg. See photo on SE 10",530,Cardinal 10 m,W,10,Density,5/10/2024 15:03,,0,820,60,no,,,,,,,51,O,,,290,60,85,25.842,0.431,Good,290 azimuth,,,,,5/10/2024 15:16,,0,,,,,,,-10,0
1,5/10/2024 14:50,Cruickshank,Tm bf ak,R1O,S2,"Too little snow, taking plot on road. Not following true cardinals but following road azimuth as pseudo N-S. stump on NE side of road 10 m from center bearing 123 deg. See photo on SE 10",530,Cardinal 10 m,E,10,Depth,5/10/2024 15:04,0,,,0,,,,,,,,,O,,,,,,,,Good,,,,,,5/10/2024 15:16,,0,,,,,,,10,0
1,5/10/2024 14:50,Cruickshank,Tm bf ak,R1O,S2,"Too little snow, taking plot on road. Not following true cardinals but following road azimuth as pseudo N-S. stump on NE side of road 10 m from center bearing 123 deg. See photo on SE 10",530,Cardinal 10 m,E,7.5,Depth,5/10/2024 15:04,0,,,0,,,,,,,,,O,,,,,,,,Good,,,,,,5/10/2024 15:16,,0,,,,,,,7.5,0
1,5/10/2024 14:50,Cruickshank,Tm bf ak,R1O,S2,"Too little snow, taking plot on road. Not following true cardinals but following road azimuth as pseudo N-S. stump on NE side of road 10 m from center bearing 123 deg. See photo on SE 10",530,Cardinal 10 m,E,5,Depth,5/10/2024 15:04,11,,,11,,,,,,,,,O,,,,,,,,Good,,,,,,5/10/2024 15:16,,0,,,,,,,5,0
1,5/10/2024 14:50,Cruickshank,Tm bf ak,R1O,S2,"Too little snow, taking plot on road. Not following true cardinals but following road azimuth as pseudo N-S. stump on NE side of road 10 m from center bearing 123 deg. See photo on SE 10",530,Cardinal 10 m,E,2.5,Depth,5/10/2024 15:05,18,,,18,,,,,,,,,O,,,,,,,,Good,,,,,,5/10/2024 15:16,,0,,,,,,,2.5,0
1,5/10/2024 14:50,Cruickshank,Tm bf ak,R1O,S2,"Too little snow, taking plot on road. Not following true cardinals but following road azimuth as pseudo N-S. stump on NE side of road 10 m from center bearing 123 deg. See photo on SE 10",530,Cardinal 10 m,W,2.5,Depth,5/10/2024 15:05,57,,,57,,,,,,,,,O,,,,,,,,Good,,,,,,5/10/2024 15:16,,0,,,,,,,-2.5,0
1,5/10/2024 14:50,Cruickshank,Tm bf ak,R1O,S2,"Too little snow, taking plot on road. Not following true cardinals but following road azimuth as pseudo N-S. stump on NE side of road 10 m from center bearing 123 deg. See photo on SE 10",530,Cardinal 10 m,W,5,Depth,5/10/2024 15:05,84,,,84,,,,,,,,,O,,,,,,,,Good,,,,,,5/10/2024 15:16,,0,,,,,,,-5,0
1,5/10/2024 14:50,Cruickshank,Tm bf ak,R1O,S2,"Too little snow, taking plot on road. Not following true cardinals but following road azimuth as pseudo N-S. stump on NE side of road 10 m from center bearing 123 deg. See photo on SE 10",530,Cardinal 10 m,S,10,Density,5/10/2024 15:05,,0,830,55,,,,,,,,51,O,,,300,55,93,26.733,0.486,Good,Not on road,,,,,5/10/2024 15:16,,0,,,,,,,0,-10
1,5/10/2024 14:50,Cruickshank,Tm bf ak,R1O,S2,"Too little snow, taking plot on road. Not following true cardinals but following road azimuth as pseudo N-S. stump on NE side of road 10 m from center bearing 123 deg. See photo on SE 10",530,Cardinal 10 m,W,7.5,Depth,5/10/2024 15:07,67,,,67,,,,,,,,,O,,,,,,,,Good,,,,,,5/10/2024 15:16,,0,,,,,,,-7.5,0
1,5/10/2024 14:50,Cruickshank,Tm bf ak,R1O,S2,"Too little snow, taking plot on road. Not following true cardinals but following road azimuth as pseudo N-S. stump on NE side of road 10 m from center bearing 123 deg. See photo on SE 10",530,Cardinal 10 m,W,10,Depth,5/10/2024 15:07,100,,,100,,,,,,,,,O,,,,,,,,Good,,,,,,5/10/2024 15:16,,0,,,,,,,-10,0
1,5/10/2024 14:50,Cruickshank,Tm bf ak,R1O,S2,"Too little snow, taking plot on road. Not following true cardinals but following road azimuth as pseudo N-S. stump on NE side of road 10 m from center bearing 123 deg. See photo on SE 10",530,Cardinal 10 m,Centre,,Density,5/10/2024 15:07,,0,740,39,no,,,,,,,35,O,,,210,39,90,18.713,0.48,Good,,,,,,5/10/2024 15:16,,0,,,,,,,,
1,5/10/2024 14:50,Cruickshank,Tm bf ak,R1O,S2,"Too little snow, taking plot on road. Not following true cardinals but following road azimuth as pseudo N-S. stump on NE side of road 10 m from center bearing 123 deg. See photo on SE 10",530,Cardinal 10 m,W,2.5,Density,5/10/2024 15:08,,0,810,53,no,,,,,,,43,O,,,280,53,81,24.951,0.471,Good,,,,,,5/10/2024 15:16,,0,,,,,,,-2.5,0
1,5/10/2024 14:50,Cruickshank,Tm bf ak,R1O,S2,"Too little snow, taking plot on road. Not following true cardinals but following road azimuth as pseudo N-S. stump on NE side of road 10 m from center bearing 123 deg. See photo on SE 10",530,Cardinal 10 m,SE,10,Depth,,,,,0,,,,,,,,,O,,,,,,,,Good,,,,,,5/10/2024 15:16,,0,,,,,,,7.07,-7.07
1,5/10/2024 16:11,Cruickshank,Bf am ak,RT4,CHRL 1,218 deg (S ish) up road to corner. 38 deg downroad (pseudo N). Road transect.,1840,Road Transect,S,10,Density,5/10/2024 16:16,,0,2160,56,no,,,,,,,50,O,,,320,56,89,28.515,0.509,Good,,,,,,,,1136.8671,WGS84,,Stonex,3/17/2023,,RTK FIXED,330059.5133,5504413.898
1,5/10/2024 16:11,Cruickshank,Bf am ak,RT4,CHRL 1,218 deg (S ish) up road to corner. 38 deg downroad (pseudo N). Road transect.,1840,Road Transect,S,5,Density,5/10/2024 16:17,,0,2180,80,no,,,,,,,65,O,,,340,80,81,30.297,0.379,Good,,,,,,,,1136.8671,WGS84,,Stonex,3/17/2023,,RTK FIXED,330059.5133,5504418.898
1,5/10/2024 16:11,Cruickshank,Bf am ak,RT4,CHRL 1,218 deg (S ish) up road to corner. 38 deg downroad (pseudo N). Road transect.,1840,Road Transect,N,2.5,Depth,5/10/2024 16:19,96,,,96,,,,,,,,,O,,,,,,,,Good,,,,,,,,1136.8671,WGS84,,Stonex,3/17/2023,,RTK FIXED,330059.5133,5504426.398
1,5/10/2024 16:11,Cruickshank,Bf am ak,RT4,CHRL 1,218 deg (S ish) up road to corner. 38 deg downroad (pseudo N). Road transect.,1840,Road Transect,N,5,Depth,5/10/2024 16:19,101,,,101,,,,,,,,,O,,,,,,,,Good,,,,,,,,1136.8671,WGS84,,Stonex,3/17/2023,,RTK FIXED,330059.5133,5504428.898
1,5/10/2024 16:11,Cruickshank,Bf am ak,RT4,CHRL 1,218 deg (S ish) up road to corner. 38 deg downroad (pseudo N). Road transect.,1840,Road Transect,Centre,,Density,5/10/2024 16:19,,0,2350,91,no,,,,,,,80,O,,,510,91,88,45.446,0.499,Good,,,,,,,,1136.8671,WGS84,,Stonex,3/17/2023,,RTK FIXED,,
1,5/10/2024 16:11,Cruickshank,Bf am ak,RT4,CHRL 1,218 deg (S ish) up road to corner. 38 deg downroad (pseudo N). Road transect.,1840,Road Transect,N,7.5,Depth,5/10/2024 16:20,115,,,115,,,,,,,,,O,,,,,,,,Good,,,,,,,,1136.8671,WGS84,,Stonex,3/17/2023,,RTK FIXED,330059.5133,5504431.398
1,5/10/2024 16:11,Cruickshank,Bf am ak,RT4,CHRL 1,218 deg (S ish) up road to corner. 38 deg downroad (pseudo N). Road transect.,1840,Road Transect,N,10,Depth,5/10/2024 16:20,93,,,93,,,,,,,,,O,,,,,,,,Good,,,,,,,,1136.8671,WGS84,,Stonex,3/17/2023,,RTK FIXED,330059.5133,5504433.898
1,5/10/2024 16:11,Cruickshank,Bf am ak,RT4,CHRL 1,218 deg (S ish) up road to corner. 38 deg downroad (pseudo N). Road transect.,1840,Road Transect,S,2.5,Depth,5/10/2024 16:21,89,,,89,,,,,,,,,O,,,,,,,,Good,,,,,,,,1136.8671,WGS84,,Stonex,3/17/2023,,RTK FIXED,330059.5133,5504421.398
1,5/10/2024 16:11,Cruickshank,Bf am ak,RT4,CHRL 1,218 deg (S ish) up road to corner. 38 deg downroad (pseudo N). Road transect.,1840,Road Transect,N,5,Density,5/10/2024 16:21,,0,2380,98,,,,,,,,90,O,,,540,98,92,48.119,0.491,Good,,,,,,,,1136.8671,WGS84,,Stonex,3/17/2023,,RTK FIXED,330059.5133,5504428.898
1,5/10/2024 16:11,Cruickshank,Bf am ak,RT4,CHRL 1,218 deg (S ish) up road to corner. 38 deg downroad (pseudo N). Road transect.,1840,Road Transect,S,7.5,Depth,5/10/2024 16:22,86,,,86,,,,,,,,,O,,,,,,,,Good,,,,,,,,1136.8671,WGS84,,Stonex,3/17/2023,,RTK FIXED,330059.5133,5504416.398
1,5/10/2024 16:11,Cruickshank,Bf am ak,RT4,CHRL 1,218 deg (S ish) up road to corner. 38 deg downroad (pseudo N). Road transect.,1840,Road Transect,S,10,Depth,5/10/2024 16:22,54,,,54,,,,,,,,,O,,,,,,,,Good,,,,,,,,1136.8671,WGS84,,Stonex,3/17/2023,,RTK FIXED,330059.5133,5504413.898
1,5/10/2024 16:11,Cruickshank,Bf am ak,RT4,CHRL 1,218 deg (S ish) up road to corner. 38 deg downroad (pseudo N). Road transect.,1840,Road Transect,N,10,Density,5/10/2024 16:23,,0,2290,85,no,,,,,,,70,O,,,450,85,82,40.1,0.472,Good,,,,,,,,1136.8671,WGS84,,Stonex,3/17/2023,,RTK FIXED,330059.5133,5504433.898
1,5/10/2024 11:23,Cruickshank,"RW, SM, LM",S1A,MOE 1,New tubes no name,2900,Cardinal 10 m,N,10,Depth,5/10/2024 11:25,190,,,190,,,,,,,,,O,,,,,,,,Good,,,,,,5/10/2024 19:47,,1604.724,WGS84,,Stonex,3/15/2023,,RTK FIXED,327849.2,5504168
1,5/10/2024 11:23,Cruickshank,"RW, SM, LM",S1A,MOE 1,New tubes no name,2900,Cardinal 10 m,N,7.5,Depth,5/10/2024 11:26,192,,,192,,,,,,,,,O,,,,,,,,Good,,,,,,5/10/2024 19:47,,1604.724,WGS84,,Stonex,3/15/2023,,RTK FIXED,327849.2,5504165.5
1,5/10/2024 11:23,Cruickshank,"RW, SM, LM",S1A,MOE 1,New tubes no name,2900,Cardinal 10 m,N,5,Depth,5/10/2024 11:28,225,,,225,,,,,,,,,O,,,,,,,,Good,,,,,,5/10/2024 19:47,,1604.724,WGS84,,Stonex,3/15/2023,,RTK FIXED,327849.2,5504163
1,5/10/2024 11:23,Cruickshank,"RW, SM, LM",S1A,MOE 1,New tubes no name,2900,Cardinal 10 m,N,2.5,Depth,5/10/2024 11:28,195,,,195,,,,,,,,,O,,,,,,,,Good,,,,,,5/10/2024 19:47,,1604.724,WGS84,,Stonex,3/15/2023,,RTK FIXED,327849.2,5504160.5
1,5/10/2024 11:23,Cruickshank,"RW, SM, LM",S1A,MOE 1,New tubes no name,2900,Cardinal 10 m,N,10,Density,5/10/2024 11:30,,4,3970,196,no,,,,,,,168,O,Rock strike,,1070,196,86,95.348,0.497,Good,,,,,,5/10/2024 19:47,,1604.724,WGS84,,Stonex,3/15/2023,,RTK FIXED,327849.2,5504168
1,5/10/2024 11:23,Cruickshank,"RW, SM, LM",S1A,MOE 1,New tubes no name,2900,Cardinal 10 m,S,2.5,Depth,5/10/2024 11:29,85,,,85,,,,,,,,,O,,,,,,,,Good,,,,,,5/10/2024 19:47,,1604.724,WGS84,,Stonex,3/15/2023,,RTK FIXED,327849.2,5504155.5
1,5/10/2024 11:23,Cruickshank,"RW, SM, LM",S1A,MOE 1,New tubes no name,2900,Cardinal 10 m,S,5,Depth,5/10/2024 11:29,184,,,184,,,,,,,,,O,,,,,,,,Good,,,,,,5/10/2024 19:47,,1604.724,WGS84,,Stonex,3/15/2023,,RTK FIXED,327849.2,5504153
1,5/10/2024 11:23,Cruickshank,"RW, SM, LM",S1A,MOE 1,New tubes no name,2900,Cardinal 10 m,S,7.5,Depth,5/10/2024 11:30,180,,,180,,,,,,,,,O,,,,,,,,Good,,,,,,5/10/2024 19:47,,1604.724,WGS84,,Stonex,3/15/2023,,RTK FIXED,327849.2,5504150.5
1,5/10/2024 11:23,Cruickshank,"RW, SM, LM",S1A,MOE 1,New tubes no name,2900,Cardinal 10 m,S,10,Depth,5/10/2024 11:30,148,,,148,,,,,,,,,O,,,,,,,,Good,,,,,,5/10/2024 19:47,,1604.724,WGS84,,Stonex,3/15/2023,,RTK FIXED,327849.2,5504148
1,5/10/2024 11:23,Cruickshank,"RW, SM, LM",S1A,MOE 1,New tubes no name,2900,Cardinal 10 m,SW,10,Depth,5/10/2024 11:33,218,,,218,,,,,,,,,O,,,,,,,,Good,,,,,,5/10/2024 19:47,,1604.724,WGS84,,Stonex,3/15/2023,,RTK FIXED,327842.13,5504150.93
1,5/10/2024 11:23,Cruickshank,"RW, SM, LM",S1A,MOE 1,New tubes no name,2900,Cardinal 10 m,SW,7.5,Depth,5/10/2024 11:33,130,,,130,,,,,,,,,O,,,,,,,,Good,,,,,,5/10/2024 19:47,,1604.724,WGS84,,Stonex,3/15/2023,,RTK FIXED,327843.9,5504152.7
1,5/10/2024 11:23,Cruickshank,"RW, SM, LM",S1A,MOE 1,New tubes no name,2900,Cardinal 10 m,SW,5,Depth,5/10/2024 11:33,134,,,134,,,,,,,,,O,,,,,,,,Good,,,,,,5/10/2024 19:47,,1604.724,WGS84,,Stonex,3/15/2023,,RTK FIXED,327845.66,5504154.46
1,5/10/2024 11:23,Cruickshank,"RW, SM, LM",S1A,MOE 1,New tubes no name,2900,Cardinal 10 m,SW,2.5,Depth,5/10/2024 11:34,130,,,130,,,,,,,,,O,,,,,,,,Good,,,,,,5/10/2024 19:47,,1604.724,WGS84,,Stonex,3/15/2023,,RTK FIXED,327847.43,5504156.23
1,5/10/2024 11:23,Cruickshank,"RW, SM, LM",S1A,MOE 1,New tubes no name,2900,Cardinal 10 m,S,,Density,5/10/2024 11:37,,0,3680,135,no,,,,,,,129,O,,,780,135,96,69.506,0.515,Good,,,,,,5/10/2024 19:47,,1604.724,WGS84,,Stonex,3/15/2023,,RTK FIXED,,
1,5/10/2024 11:23,Cruickshank,"RW, SM, LM",S1A,MOE 1,New tubes no name,2900,Cardinal 10 m,W,10,Depth,5/10/2024 11:35,160,,,160,,,,,,,,,O,,,,,,,,Good,,,,,,5/10/2024 19:47,,1604.724,WGS84,,Stonex,3/15/2023,,RTK FIXED,327839.2,5504158
1,5/10/2024 11:23,Cruickshank,"RW, SM, LM",S1A,MOE 1,New tubes no name,2900,Cardinal 10 m,W,7.5,Depth,5/10/2024 11:35,215,,,215,,,,,,,,,O,,,,,,,,Good,,,,,,5/10/2024 19:47,,1604.724,WGS84,,Stonex,3/15/2023,,RTK FIXED,327841.7,5504158
1,5/10/2024 11:23,Cruickshank,"RW, SM, LM",S1A,MOE 1,New tubes no name,2900,Cardinal 10 m,W,5,Depth,5/10/2024 11:36,188,,,188,,,,,,,,,O,,,,,,,,Good,,,,,,5/10/2024 19:47,,1604.724,WGS84,,Stonex,3/15/2023,,RTK FIXED,327844.2,5504158
1,5/10/2024 11:23,Cruickshank,"RW, SM, LM",S1A,MOE 1,New tubes no name,2900,Cardinal 10 m,W,2.5,Depth,5/10/2024 11:36,167,,,167,,,,,,,,,O,,,,,,,,Good,,,,,,5/10/2024 19:47,,1604.724,WGS84,,Stonex,3/15/2023,,RTK FIXED,327846.7,5504158
1,5/10/2024 11:23,Cruickshank,"RW, SM, LM",S1A,MOE 1,New tubes no name,2900,Cardinal 10 m,NW,10,Depth,5/10/2024 11:38,183,,,183,,,,,,,,,O,,,,,,,,Good,,,,,,5/10/2024 19:47,,1604.724,WGS84,,Stonex,3/15/2023,,RTK FIXED,327842.1292,5504165.07
1,5/10/2024 11:23,Cruickshank,"RW, SM, LM",S1A,MOE 1,New tubes no name,2900,Cardinal 10 m,NW,7.5,Depth,5/10/2024 11:38,180,,,180,,,,,,,,,O,,,,,,,,Good,,,,,,5/10/2024 19:47,,1604.724,WGS84,,Stonex,3/15/2023,,RTK FIXED,327843.8969,5504163.3
1,5/10/2024 11:23,Cruickshank,"RW, SM, LM",S1A,MOE 1,New tubes no name,2900,Cardinal 10 m,NW,5,Depth,5/10/2024 11:38,235,,,235,,,,,,,,,O,,,,,,,,Good,,,,,,5/10/2024 19:47,,1604.724,WGS84,,Stonex,3/15/2023,,RTK FIXED,327845.6646,5504161.54
1,5/10/2024 11:23,Cruickshank,"RW, SM, LM",S1A,MOE 1,New tubes no name,2900,Cardinal 10 m,Centre,,Density,5/10/2024 11:40,,0,3600,135,no,,,,,,,122,O,Rock strike,,700,135,90,62.377,0.462,Good,,,,,,5/10/2024 19:47,,1604.724,WGS84,,Stonex,3/15/2023,,RTK FIXED,,
1,5/10/2024 11:23,Cruickshank,"RW, SM, LM",S1A,MOE 1,New tubes no name,2900,Cardinal 10 m,NW,2.5,Depth,5/10/2024 11:39,193,,,193,,,,,,,,,O,,,,,,,,Good,,,,,,5/10/2024 19:47,,1604.724,WGS84,,Stonex,3/15/2023,,RTK FIXED,327847.4323,5504159.77
1,5/10/2024 11:23,Cruickshank,"RW, SM, LM",S1A,MOE 1,New tubes no name,2900,Cardinal 10 m,NE,10,Depth,5/10/2024 11:41,140,,,140,,,,,,,,,O,,,,,,,,Good,,,,,,5/10/2024 19:47,,1604.724,WGS84,,Stonex,3/15/2023,,RTK FIXED,327856.27,5504165.07
1,5/10/2024 11:23,Cruickshank,"RW, SM, LM",S1A,MOE 1,New tubes no name,2900,Cardinal 10 m,NE,7.5,Depth,5/10/2024 11:42,214,,,214,,,,,,,,,O,,,,,,,,Good,,,,,,5/10/2024 19:47,,1604.724,WGS84,,Stonex,3/15/2023,,RTK FIXED,327854.5,5504163.3
1,5/10/2024 11:23,Cruickshank,"RW, SM, LM",S1A,MOE 1,New tubes no name,2900,Cardinal 10 m,NE,5,Depth,5/10/2024 11:42,158,,,158,,,,,,,,,O,,,,,,,,Good,,,,,,5/10/2024 19:47,,1604.724,WGS84,,Stonex,3/15/2023,,RTK FIXED,327852.74,5504161.54
1,5/10/2024 11:23,Cruickshank,"RW, SM, LM",S1A,MOE 1,New tubes no name,2900,Cardinal 10 m,NE,2.5,Depth,5/10/2024 11:43,176,,,176,,,,,,,,,O,,,,,,,,Good,,,,,,5/10/2024 19:47,,1604.724,WGS84,,Stonex,3/15/2023,,RTK FIXED,327850.97,5504159.77
1,5/10/2024 11:23,Cruickshank,"RW, SM, LM",S1A,MOE 1,New tubes no name,2900,Cardinal 10 m,W,10,Density,5/10/2024 11:42,,0.5,4300,235,,,,,,,,214.5,O,,,1400,235,91,124.754,0.532,Good,,,,,,5/10/2024 19:47,,1604.724,WGS84,,Stonex,3/15/2023,,RTK FIXED,327839.2,5504158
1,5/10/2024 11:23,Cruickshank,"RW, SM, LM",S1A,MOE 1,New tubes no name,2900,Cardinal 10 m,E,10,Depth,5/10/2024 11:44,220,,,220,,,,,,,,,O,,,,,,,,Good,,,,,,5/10/2024 19:47,,1604.724,WGS84,,Stonex,3/15/2023,,RTK FIXED,327859.2,5504158
1,5/10/2024 11:23,Cruickshank,"RW, SM, LM",S1A,MOE 1,New tubes no name,2900,Cardinal 10 m,E,7.5,Depth,5/10/2024 11:44,214,,,214,,,,,,,,,O,,,,,,,,Good,,,,,,5/10/2024 19:47,,1604.724,WGS84,,Stonex,3/15/2023,,RTK FIXED,327856.7,5504158
1,5/10/2024 11:23,Cruickshank,"RW, SM, LM",S1A,MOE 1,New tubes no name,2900,Cardinal 10 m,E,5,Depth,5/10/2024 11:45,178,,,178,,,,,,,,,O,,,,,,,,Good,,,,,,5/10/2024 19:47,,1604.724,WGS84,,Stonex,3/15/2023,,RTK FIXED,327854.2,5504158
1,5/10/2024 11:23,Cruickshank,"RW, SM, LM",S1A,MOE 1,New tubes no name,2900,Cardinal 10 m,E,2.5,Depth,5/10/2024 11:45,126,,,126,,,,,,,,,O,,,,,,,,Good,,,,,,5/10/2024 19:47,,1604.724,WGS84,,Stonex,3/15/2023,,RTK FIXED,327851.7,5504158
1,5/10/2024 11:23,Cruickshank,"RW, SM, LM",S1A,MOE 1,New tubes no name,2900,Cardinal 10 m,E,10,Density,5/10/2024 11:45,,2,4080,218,,,,,,,,178,O,,,1180,218,82,105.15,0.487,Good,,,,,,5/10/2024 19:47,,1604.724,WGS84,,Stonex,3/15/2023,,RTK FIXED,327859.2,5504158
1,5/10/2024 11:23,Cruickshank,"RW, SM, LM",S1A,MOE 1,New tubes no name,2900,Cardinal 10 m,SE,10,Depth,5/10/2024 11:47,147,,,147,,,,,,,,,O,,,,,,,,Good,,,,,,5/10/2024 19:47,,1604.724,WGS84,,Stonex,3/15/2023,,RTK FIXED,327856.27,5504150.93
1,5/10/2024 11:23,Cruickshank,"RW, SM, LM",S1A,MOE 1,New tubes no name,2900,Cardinal 10 m,SE,7.5,Depth,5/10/2024 11:48,140,,,140,,,,,,,,,O,,,,,,,,Good,,,,,,5/10/2024 19:47,,1604.724,WGS84,,Stonex,3/15/2023,,RTK FIXED,327854.5,5504152.7
1,5/10/2024 11:23,Cruickshank,"RW, SM, LM",S1A,MOE 1,New tubes no name,2900,Cardinal 10 m,SE,5,Depth,5/10/2024 11:48,110,,,110,,,,,,,,,O,,,,,,,,Good,,,,,,5/10/2024 19:47,,1604.724,WGS84,,Stonex,3/15/2023,,RTK FIXED,327852.74,5504154.46
1,5/10/2024 11:23,Cruickshank,"RW, SM, LM",S1A,MOE 1,New tubes no name,2900,Cardinal 10 m,SE,2.5,Depth,5/10/2024 11:48,90,,,90,,,,,,,,,O,,,,,,,,Good,,,,,,5/10/2024 19:47,,1604.724,WGS84,,Stonex,3/15/2023,,RTK FIXED,327850.97,5504156.23
1,5/10/2024 13:08,Cruickshank,Ak bf sm,S3F,CHRL 1,Densities not taken at 10 m on cardinals,2930,Cardinal 10 m,E,10,Depth,5/10/2024 13:09,180,,,180,,,,,,,,,O,,,,,,,,Good,,,,,,5/10/2024 13:35,,1302.1061,WGS84,,Stonex,3/17/2023,,SBAS,328748.6191,5504268.939
1,5/10/2024 13:08,Cruickshank,Ak bf sm,S3F,CHRL 1,Densities not taken at 10 m on cardinals,2930,Cardinal 10 m,E,7.5,Depth,5/10/2024 13:10,89,,,89,,,,,,,,,O,,,,,,,,Good,,,,,,5/10/2024 13:35,,1302.1061,WGS84,,Stonex,3/17/2023,,SBAS,328746.1191,5504268.939
1,5/10/2024 13:08,Cruickshank,Ak bf sm,S3F,CHRL 1,Densities not taken at 10 m on cardinals,2930,Cardinal 10 m,E,5,Depth,5/10/2024 13:11,49,,,49,,,,,,,,,"U,TW",,,,,,,,Good,,,,,,5/10/2024 13:35,,1302.1061,WGS84,,Stonex,3/17/2023,,SBAS,328743.6191,5504268.939
1,5/10/2024 13:08,Cruickshank,Ak bf sm,S3F,CHRL 1,Densities not taken at 10 m on cardinals,2930,Cardinal 10 m,E,2.5,Depth,5/10/2024 13:12,138,,,138,,,,,,,,,O,,,,,,,,Good,,,,,,5/10/2024 13:35,,1302.1061,WGS84,,Stonex,3/17/2023,,SBAS,328741.1191,5504268.939
1,5/10/2024 13:08,Cruickshank,Ak bf sm,S3F,CHRL 1,Densities not taken at 10 m on cardinals,2930,Cardinal 10 m,E,10,Density,5/10/2024 13:13,,0,3780,180,,,,,,,,155,O,,,850,180,86,75.744,0.421,Good,,,,,,5/10/2024 13:35,,1302.1061,WGS84,,Stonex,3/17/2023,,SBAS,328748.6191,5504268.939
1,5/10/2024 13:08,Cruickshank,Ak bf sm,S3F,CHRL 1,Densities not taken at 10 m on cardinals,2930,Cardinal 10 m,N,10,Depth,5/10/2024 13:14,208,,,208,,,,,,,,,O,,,,,,,,Good,,,,,,5/10/2024 13:35,,1302.1061,WGS84,,Stonex,3/17/2023,,SBAS,328738.6191,5504278.939
1,5/10/2024 13:08,Cruickshank,Ak bf sm,S3F,CHRL 1,Densities not taken at 10 m on cardinals,2930,Cardinal 10 m,N,7.5,Depth,5/10/2024 13:14,120,,,120,,,,,,,,,U,,,,,,,,Good,,,,,,5/10/2024 13:35,,1302.1061,WGS84,,Stonex,3/17/2023,,SBAS,328738.6191,5504276.439
1,5/10/2024 13:08,Cruickshank,Ak bf sm,S3F,CHRL 1,Densities not taken at 10 m on cardinals,2930,Cardinal 10 m,N,5,Depth,5/10/2024 13:15,180,,,180,,,,,,,,,O,,,,,,,,Good,,,,,,5/10/2024 13:35,,1302.1061,WGS84,,Stonex,3/17/2023,,SBAS,328738.6191,5504273.939
1,5/10/2024 13:08,Cruickshank,Ak bf sm,S3F,CHRL 1,Densities not taken at 10 m on cardinals,2930,Cardinal 10 m,N,2.5,Depth,5/10/2024 13:17,51,,,51,,,,,,,,,U,,,,,,,,Good,,,,,,5/10/2024 13:35,,1302.1061,WGS84,,Stonex,3/17/2023,,SBAS,328738.6191,5504271.439
1,5/10/2024 13:08,Cruickshank,Ak bf sm,S3F,CHRL 1,Densities not taken at 10 m on cardinals,2930,Cardinal 10 m,Centre,,Depth,5/10/2024 13:17,88,,,88,,,,,,,,,"U,TW",,,,,,,,Good,,,,,,5/10/2024 13:35,,1302.1061,WGS84,,Stonex,3/17/2023,,SBAS,,
1,5/10/2024 13:08,Cruickshank,Ak bf sm,S3F,CHRL 1,Densities not taken at 10 m on cardinals,2930,Cardinal 10 m,S,2.5,Depth,5/10/2024 13:19,61,,,61,,,,,,,,,"U,TW",,,,,,,,Good,,,,,,5/10/2024 13:35,,1302.1061,WGS84,,Stonex,3/17/2023,,SBAS,328738.6191,5504266.439
1,5/10/2024 13:08,Cruickshank,Ak bf sm,S3F,CHRL 1,Densities not taken at 10 m on cardinals,2930,Cardinal 10 m,S,5,Density,5/10/2024 13:21,,0,3560,130,,,,,,,,90,E,,,630,130,69,56.139,0.432,Good,,,,,,5/10/2024 13:35,,1302.1061,WGS84,,Stonex,3/17/2023,,SBAS,328738.6191,5504263.939
1,5/10/2024 13:08,Cruickshank,Ak bf sm,S3F,CHRL 1,Densities not taken at 10 m on cardinals,2930,Cardinal 10 m,S,7.5,Density,5/10/2024 13:19,,0,3570,107,,,,,,,,95,U,,,640,107,89,57.03,0.533,Good,,,,,,5/10/2024 13:35,,1302.1061,WGS84,,Stonex,3/17/2023,,SBAS,328738.6191,5504261.439
1,5/10/2024 13:08,Cruickshank,Ak bf sm,S3F,CHRL 1,Densities not taken at 10 m on cardinals,2930,Cardinal 10 m,S,10,Depth,,,,,0,,,,,,,,,O,,,,,,,,Good,,,,,,5/10/2024 13:35,,1302.1061,WGS84,,Stonex,3/17/2023,,SBAS,328738.6191,5504258.939
1,5/10/2024 13:08,Cruickshank,Ak bf sm,S3F,CHRL 1,Densities not taken at 10 m on cardinals,2930,Cardinal 10 m,W,5,Depth,5/10/2024 13:20,105,,,105,,,,,,,,,E,,,,,,,,Good,,,,,,5/10/2024 13:35,,1302.1061,WGS84,,Stonex,3/17/2023,,SBAS,328733.6191,5504268.939
1,5/10/2024 13:08,Cruickshank,Ak bf sm,S3F,CHRL 1,Densities not taken at 10 m on cardinals,2930,Cardinal 10 m,W,2.5,Depth,5/10/2024 13:21,55,,,55,,,,,,,,,"U,TW",,,,,,,,Good,,,,,,5/10/2024 13:35,,1302.1061,WGS84,,Stonex,3/17/2023,,SBAS,328736.1191,5504268.939
1,5/10/2024 13:08,Cruickshank,Ak bf sm,S3F,CHRL 1,Densities not taken at 10 m on cardinals,2930,Cardinal 10 m,S,5,Depth,5/10/2024 13:22,130,,,130,,,,,,,,,O,,,,,,,,Good,,,,,,5/10/2024 13:35,,1302.1061,WGS84,,Stonex,3/17/2023,,SBAS,328738.6191,5504263.939
1,5/10/2024 13:08,Cruickshank,Ak bf sm,S3F,CHRL 1,Densities not taken at 10 m on cardinals,2930,Cardinal 10 m,S,7.5,Depth,5/10/2024 13:23,107,,,107,,,,,,,,,O,,,,,,,,Good,,,,,,5/10/2024 13:35,,1302.1061,WGS84,,Stonex,3/17/2023,,SBAS,328738.6191,5504261.439
1,5/10/2024 13:08,Cruickshank,Ak bf sm,S3F,CHRL 1,Densities not taken at 10 m on cardinals,2930,Cardinal 10 m,W,2.5,Density,5/10/2024 13:25,,0,3130,47,,,,,,,,39,U,,,200,47,83,17.822,0.379,Good,,,,,,5/10/2024 13:35,,1302.1061,WGS84,,Stonex,3/17/2023,,SBAS,328736.1191,5504268.939
1,5/10/2024 13:08,Cruickshank,Ak bf sm,S3F,CHRL 1,Densities not taken at 10 m on cardinals,2930,Cardinal 10 m,NW,10,Depth,5/10/2024 13:25,174,,,174,,,,,,,,,O,,,,,,,,Good,,,,,,5/10/2024 13:35,,1302.1061,WGS84,,Stonex,3/17/2023,,SBAS,328731.5483,5504276.009
1,5/10/2024 13:08,Cruickshank,Ak bf sm,S3F,CHRL 1,Densities not taken at 10 m on cardinals,2930,Cardinal 10 m,NW,7.5,Depth,5/10/2024 13:26,180,,,180,,,,,,,,,O,,,,,,,,Good,,,,,,5/10/2024 13:35,,1302.1061,WGS84,,Stonex,3/17/2023,,SBAS,328733.316,5504274.239
1,5/10/2024 13:08,Cruickshank,Ak bf sm,S3F,CHRL 1,Densities not taken at 10 m on cardinals,2930,Cardinal 10 m,NW,5,Depth,5/10/2024 13:26,87,,,87,,,,,,,,,E,,,,,,,,Good,,,,,,5/10/2024 13:35,,1302.1061,WGS84,,Stonex,3/17/2023,,SBAS,328735.0837,5504272.479
1,5/10/2024 13:08,Cruickshank,Ak bf sm,S3F,CHRL 1,Densities not taken at 10 m on cardinals,2930,Cardinal 10 m,NW,2.5,Depth,5/10/2024 13:26,80,,,80,,,,,,,,,"U,TW",,,,,,,,Good,,,,,,5/10/2024 13:35,,1302.1061,WGS84,,Stonex,3/17/2023,,SBAS,328736.8514,5504270.709
1,5/10/2024 13:08,Cruickshank,Ak bf sm,S3F,CHRL 1,Densities not taken at 10 m on cardinals,2930,Cardinal 10 m,Centre,,Density,5/10/2024 13:28,,0,3490,117,,,,,,,,90,E,,,560,117,77,49.902,0.427,Good,,,,,,5/10/2024 13:35,,1302.1061,WGS84,,Stonex,3/17/2023,,SBAS,,
1,5/10/2024 13:08,Cruickshank,Ak bf sm,S3F,CHRL 1,Densities not taken at 10 m on cardinals,2930,Cardinal 10 m,NE,10,Depth,5/10/2024 13:29,118,,,118,,,,,,,,,U,,,,,,,,Good,,,,,,5/10/2024 13:35,,1302.1061,WGS84,,Stonex,3/17/2023,,SBAS,328745.6891,5504276.009
1,5/10/2024 13:08,Cruickshank,Ak bf sm,S3F,CHRL 1,Densities not taken at 10 m on cardinals,2930,Cardinal 10 m,NE,7.5,Depth,5/10/2024 13:29,170,,,170,,,,,,,,,O,,,,,,,,Good,,,,,,5/10/2024 13:35,,1302.1061,WGS84,,Stonex,3/17/2023,,SBAS,328743.9191,5504274.239
1,5/10/2024 13:08,Cruickshank,Ak bf sm,S3F,CHRL 1,Densities not taken at 10 m on cardinals,2930,Cardinal 10 m,NE,5,Depth,5/10/2024 13:29,94,,,94,,,,,,,,,U,,,,,,,,Good,,,,,,5/10/2024 13:35,,1302.1061,WGS84,,Stonex,3/17/2023,,SBAS,328742.1591,5504272.479
1,5/10/2024 13:08,Cruickshank,Ak bf sm,S3F,CHRL 1,Densities not taken at 10 m on cardinals,2930,Cardinal 10 m,NE,2.5,Depth,5/10/2024 13:30,76,,,76,,,,,,,,,E,,,,,,,,Good,,,,,,5/10/2024 13:35,,1302.1061,WGS84,,Stonex,3/17/2023,,SBAS,328740.3891,5504270.709
1,5/10/2024 13:08,Cruickshank,Ak bf sm,S3F,CHRL 1,Densities not taken at 10 m on cardinals,2930,Cardinal 10 m,W,7.5,Depth,,,,,0,,,,,,,,,O,,,,,,,,Good,,,,,,5/10/2024 13:35,,1302.1061,WGS84,,Stonex,3/17/2023,,SBAS,328731.1191,5504268.939
1,5/10/2024 13:08,Cruickshank,Ak bf sm,S3F,CHRL 1,Densities not taken at 10 m on cardinals,2930,Cardinal 10 m,W,10,Depth,,,,,0,,,,,,,,,O,,,,,,,,Good,,,,,,5/10/2024 13:35,,1302.1061,WGS84,,Stonex,3/17/2023,,SBAS,328728.6191,5504268.939
1,5/10/2024 13:08,Cruickshank,Ak bf sm,S3F,CHRL 1,Densities not taken at 10 m on cardinals,2930,Cardinal 10 m,N,10,Density,5/10/2024 13:30,,0,3870,188,,,,,,,,155,O,,,940,188,82,83.763,0.446,Good,,,,,,5/10/2024 13:35,,1302.1061,WGS84,,Stonex,3/17/2023,,SBAS,328738.6191,5504278.939
1,5/10/2024 13:08,Cruickshank,Ak bf sm,S3F,CHRL 1,Densities not taken at 10 m on cardinals,2930,Cardinal 10 m,SE,10,Depth,5/10/2024 13:32,112,,,112,,,,,,,,,U,,,,,,,,Good,,,,,,5/10/2024 13:35,,1302.1061,WGS84,,Stonex,3/17/2023,,SBAS,328745.6891,5504261.869
1,5/10/2024 13:08,Cruickshank,Ak bf sm,S3F,CHRL 1,Densities not taken at 10 m on cardinals,2930,Cardinal 10 m,SE,7.5,Depth,5/10/2024 13:32,130,,,130,,,,,,,,,U,,,,,,,,Good,,,,,,5/10/2024 13:35,,1302.1061,WGS84,,Stonex,3/17/2023,,SBAS,328743.9191,5504263.639
1,5/10/2024 13:08,Cruickshank,Ak bf sm,S3F,CHRL 1,Densities not taken at 10 m on cardinals,2930,Cardinal 10 m,SE,5,Depth,5/10/2024 13:32,99,,,99,,,,,,,,,O,,,,,,,,Good,,,,,,5/10/2024 13:35,,1302.1061,WGS84,,Stonex,3/17/2023,,SBAS,328742.1591,5504265.399
1,5/10/2024 13:08,Cruickshank,Ak bf sm,S3F,CHRL 1,Densities not taken at 10 m on cardinals,2930,Cardinal 10 m,SE,,Depth,5/10/2024 13:32,105,,,105,,,,,,,,,E,,,,,,,,Good,,,,,,5/10/2024 13:35,,1302.1061,WGS84,,Stonex,3/17/2023,,SBAS,,
1,5/10/2024 13:08,Cruickshank,Ak bf sm,S3F,CHRL 1,Densities not taken at 10 m on cardinals,2930,Cardinal 10 m,SW,2.5,Depth,5/10/2024 13:34,84,,,84,,,,,,,,,O,,,,,,,,Good,,,,,,5/10/2024 13:35,,1302.1061,WGS84,,Stonex,3/17/2023,,SBAS,328736.8491,5504267.169
1,5/10/2024 13:08,Cruickshank,Ak bf sm,S3F,CHRL 1,Densities not taken at 10 m on cardinals,2930,Cardinal 10 m,SW,5,Depth,5/10/2024 13:35,50,,,50,,,,,,,,,"U,TW",,,,,,,,Good,,,,,,5/10/2024 13:35,,1302.1061,WGS84,,Stonex,3/17/2023,,SBAS,328735.0791,5504265.399
1,5/10/2024 13:12,Cruickshank,"RW, SM, LM",S4F,CHRL 1,,1980,Cardinal 10 m,N,10,Depth,5/10/2024 13:20,0,,,0,,,,,,,,,O,,,,,,,,Good,,,,,,,,1201.6251,WGS84,,Stonex,3/17/2023,,SBAS,329002.1654,5504078.203
1,5/10/2024 13:12,Cruickshank,"RW, SM, LM",S4F,CHRL 1,,1980,Cardinal 10 m,N,7.5,Depth,5/10/2024 13:21,0,,,0,,,,,,,,,O,,,,,,,,Good,,,,,,,,1201.6251,WGS84,,Stonex,3/17/2023,,SBAS,329002.1654,5504075.703
1,5/10/2024 13:12,Cruickshank,"RW, SM, LM",S4F,CHRL 1,,1980,Cardinal 10 m,N,5,Depth,5/10/2024 13:21,119,,,119,,,,,,,,,O,,,,,,,,Good,,,,,,,,1201.6251,WGS84,,Stonex,3/17/2023,,SBAS,329002.1654,5504073.203
1,5/10/2024 13:12,Cruickshank,"RW, SM, LM",S4F,CHRL 1,,1980,Cardinal 10 m,N,2.5,Depth,5/10/2024 13:21,103,,,103,,,,,,,,,O,,,,,,,,Good,,,,,,,,1201.6251,WGS84,,Stonex,3/17/2023,,SBAS,329002.1654,5504070.703
1,5/10/2024 13:12,Cruickshank,"RW, SM, LM",S4F,CHRL 1,,1980,Cardinal 10 m,E,10,Density,5/10/2024 13:29,,4,2660,76,no,,,,,,,47,"O,U",,,680,76,62,60.595,0.842,Good,,,,,,,,1201.6251,WGS84,,Stonex,3/17/2023,,SBAS,329012.1654,5504068.203
1,5/10/2024 13:12,Cruickshank,"RW, SM, LM",S4F,CHRL 1,,1980,Cardinal 10 m,E,7.5,Depth,5/10/2024 13:28,65,,,65,,,,,,,,,"O,U",,,,,,,,Good,,,,,,,,1201.6251,WGS84,,Stonex,3/17/2023,,SBAS,329009.6654,5504068.203
1,5/10/2024 13:12,Cruickshank,"RW, SM, LM",S4F,CHRL 1,,1980,Cardinal 10 m,E,5,Depth,5/10/2024 13:28,85,,,85,,,,,,,,,O,,,,,,,,Good,,,,,,,,1201.6251,WGS84,,Stonex,3/17/2023,,SBAS,329007.1654,5504068.203
1,5/10/2024 13:12,Cruickshank,"RW, SM, LM",S4F,CHRL 1,,1980,Cardinal 10 m,E,2.5,Depth,5/10/2024 13:28,38,,,38,,,,,,,,,"O,U,TW",,,,,,,,Good,,,,,,,,1201.6251,WGS84,,Stonex,3/17/2023,,SBAS,329004.6654,5504068.203
1,5/10/2024 13:12,Cruickshank,"RW, SM, LM",S4F,CHRL 1,,1980,Cardinal 10 m,S,10,Density,5/10/2024 13:25,,2,2790,85,no,,,,,,,67,O,,,810,85,79,72.179,0.87,Good,,,,,,,,1201.6251,WGS84,,Stonex,3/17/2023,,SBAS,329002.1654,5504058.203
1,5/10/2024 13:12,Cruickshank,"RW, SM, LM",S4F,CHRL 1,,1980,Cardinal 10 m,S,10,Depth,5/10/2024 13:24,130,,,130,,,,,,,,,"O,TW",,,,,,,,Good,,,,,,,,1201.6251,WGS84,,Stonex,3/17/2023,,SBAS,329002.1654,5504058.203
1,5/10/2024 13:12,Cruickshank,"RW, SM, LM",S4F,CHRL 1,,1980,Cardinal 10 m,S,7.5,Depth,5/10/2024 13:24,80,,,80,,,,,,,,,O,,,,,,,,Good,,,,,,,,1201.6251,WGS84,,Stonex,3/17/2023,,SBAS,329002.1654,5504060.703
1,5/10/2024 13:12,Cruickshank,"RW, SM, LM",S4F,CHRL 1,,1980,Cardinal 10 m,S,5,Depth,5/10/2024 13:24,48,,,48,,,,,,,,,"O,E",,,,,,,,Good,,,,,,,,1201.6251,WGS84,,Stonex,3/17/2023,,SBAS,329002.1654,5504063.203
1,5/10/2024 13:12,Cruickshank,"RW, SM, LM",S4F,CHRL 1,,1980,Cardinal 10 m,S,2.5,Depth,5/10/2024 13:26,105,,,105,,,,,,,,,"O,U",,,,,,,,Good,,,,,,,,1201.6251,WGS84,,Stonex,3/17/2023,,SBAS,329002.1654,5504065.703
1,5/10/2024 13:12,Cruickshank,"RW, SM, LM",S4F,CHRL 1,,1980,Cardinal 10 m,Centre,,Density,5/10/2024 13:22,,0,2810,81,,,,,,,,76,O,,,830,81,94,73.961,0.913,Good,Stopped at spunky bottom,,,,,,,1201.6251,WGS84,,Stonex,3/17/2023,,SBAS,,
1,5/10/2024 13:12,Cruickshank,"RW, SM, LM",S4F,CHRL 1,,1980,Cardinal 10 m,E,10,Depth,5/10/2024 13:27,77,,,77,,,,,,,,,"O,E",,,,,,,,Good,,,,,,,,1201.6251,WGS84,,Stonex,3/17/2023,,SBAS,329012.1654,5504068.203
1,5/10/2024 13:12,Cruickshank,"RW, SM, LM",S4F,CHRL 1,,1980,Cardinal 10 m,W,,Density,5/10/2024 13:32,,3,2790,97,,,,,,,,78,O,,,810,97,80,72.179,0.768,Good,,,,,,,,1201.6251,WGS84,,Stonex,3/17/2023,,SBAS,,
1,5/10/2024 13:12,Cruickshank,"RW, SM, LM",S4F,CHRL 1,,1980,Cardinal 10 m,W,10,Depth,5/10/2024 13:30,105,,,105,,,,,,,,,O,,,,,,,,Good,,,,,,,,1201.6251,WGS84,,Stonex,3/17/2023,,SBAS,328992.1654,5504068.203
1,5/10/2024 13:12,Cruickshank,"RW, SM, LM",S4F,CHRL 1,,1980,Cardinal 10 m,W,7.5,Depth,5/10/2024 13:30,79,,,79,,,,,,,,,E,,,,,,,,Good,,,,,,,,1201.6251,WGS84,,Stonex,3/17/2023,,SBAS,328994.6654,5504068.203
1,5/10/2024 13:12,Cruickshank,"RW, SM, LM",S4F,CHRL 1,,1980,Cardinal 10 m,W,5,Depth,5/10/2024 13:31,94,,,94,,,,,,,,,U,,,,,,,,Good,,,,,,,,1201.6251,WGS84,,Stonex,3/17/2023,,SBAS,328997.1654,5504068.203
1,5/10/2024 13:12,Cruickshank,"RW, SM, LM",S4F,CHRL 1,,1980,Cardinal 10 m,W,2.5,Depth,5/10/2024 13:31,96,,,96,,,,,,,,,"E,U",,,,,,,,Good,,,,,,,,1201.6251,WGS84,,Stonex,3/17/2023,,SBAS,328999.6654,5504068.203
1,5/10/2024 13:12,Cruickshank,"RW, SM, LM",S4F,CHRL 1,,1980,Cardinal 10 m,NW,10,Depth,5/10/2024 13:33,7,,,7,,,,,,,,,U,,,,,,,,Good,,,,,,,,1201.6251,WGS84,,Stonex,3/17/2023,,SBAS,328995.0946,5504075.273
1,5/10/2024 13:12,Cruickshank,"RW, SM, LM",S4F,CHRL 1,,1980,Cardinal 10 m,NW,7.5,Depth,5/10/2024 13:33,87,,,87,,,,,,,,,U,,,,,,,,Good,,,,,,,,1201.6251,WGS84,,Stonex,3/17/2023,,SBAS,328996.8623,5504073.503
1,5/10/2024 13:12,Cruickshank,"RW, SM, LM",S4F,CHRL 1,,1980,Cardinal 10 m,NW,5,Depth,5/10/2024 13:33,32,,,32,,,,,,,,,TW,,,,,,,,Good,,,,,,,,1201.6251,WGS84,,Stonex,3/17/2023,,SBAS,328998.63,5504071.743
1,5/10/2024 13:12,Cruickshank,"RW, SM, LM",S4F,CHRL 1,,1980,Cardinal 10 m,NW,2.5,Depth,5/10/2024 13:33,113,,,113,,,,,,,,,E,,,,,,,,Good,,,,,,,,1201.6251,WGS84,,Stonex,3/17/2023,,SBAS,329000.3977,5504069.973
1,5/10/2024 13:12,Cruickshank,"RW, SM, LM",S4F,CHRL 1,,1980,Cardinal 10 m,SE,10,Depth,5/10/2024 13:35,78,,,78,,,,,,,,,E,,,,,,,,Good,,,,,,,,1201.6251,WGS84,,Stonex,3/17/2023,,SBAS,329009.2354,5504061.133
1,5/10/2024 13:12,Cruickshank,"RW, SM, LM",S4F,CHRL 1,,1980,Cardinal 10 m,SE,7.5,Depth,5/10/2024 13:35,63,,,63,,,,,,,,,U,,,,,,,,Good,,,,,,,,1201.6251,WGS84,,Stonex,3/17/2023,,SBAS,329007.4654,5504062.903
1,5/10/2024 13:12,Cruickshank,"RW, SM, LM",S4F,CHRL 1,,1980,Cardinal 10 m,SE,5,Depth,5/10/2024 13:35,86,,,86,,,,,,,,,E,,,,,,,,Good,,,,,,,,1201.6251,WGS84,,Stonex,3/17/2023,,SBAS,329005.7054,5504064.663
1,5/10/2024 13:12,Cruickshank,"RW, SM, LM",S4F,CHRL 1,,1980,Cardinal 10 m,SE,2.5,Depth,5/10/2024 13:36,95,,,95,,,,,,,,,E,,,,,,,,Good,,,,,,,,1201.6251,WGS84,,Stonex,3/17/2023,,SBAS,329003.9354,5504066.433
1,5/10/2024 13:12,Cruickshank,"RW, SM, LM",S4F,CHRL 1,,1980,Cardinal 10 m,NE,10,Depth,5/10/2024 13:37,95,,,95,,,,,,,,,U,,,,,,,,Good,,,,,,,,1201.6251,WGS84,,Stonex,3/17/2023,,SBAS,329009.2354,5504075.273
1,5/10/2024 13:12,Cruickshank,"RW, SM, LM",S4F,CHRL 1,,1980,Cardinal 10 m,NE,7.5,Depth,5/10/2024 13:38,58,,,58,,,,,,,,,E,,,,,,,,Good,,,,,,,,1201.6251,WGS84,,Stonex,3/17/2023,,SBAS,329007.4654,5504073.503
1,5/10/2024 13:12,Cruickshank,"RW, SM, LM",S4F,CHRL 1,,1980,Cardinal 10 m,NE,5,Depth,5/10/2024 13:38,72,,,72,,,,,,,,,E,,,,,,,,Good,,,,,,,,1201.6251,WGS84,,Stonex,3/17/2023,,SBAS,329005.7054,5504071.743
1,5/10/2024 13:12,Cruickshank,"RW, SM, LM",S4F,CHRL 1,,1980,Cardinal 10 m,NE,2.5,Depth,5/10/2024 13:38,104,,,104,,,,,,,,,U,,,,,,,,Good,,,,,,,,1201.6251,WGS84,,Stonex,3/17/2023,,SBAS,329003.9354,5504069.973
1,5/10/2024 13:12,Cruickshank,"RW, SM, LM",S4F,CHRL 1,,1980,Cardinal 10 m,SW,10,Depth,5/10/2024 13:40,136,,,136,,,,,,,,,U,,,,,,,,Good,,,,,,,,1201.6251,WGS84,,Stonex,3/17/2023,,SBAS,328995.0954,5504061.133
1,5/10/2024 13:12,Cruickshank,"RW, SM, LM",S4F,CHRL 1,,1980,Cardinal 10 m,SW,7.5,Depth,5/10/2024 13:40,86,,,86,,,,,,,,,E,,,,,,,,Good,,,,,,,,1201.6251,WGS84,,Stonex,3/17/2023,,SBAS,328996.8654,5504062.903
1,5/10/2024 13:12,Cruickshank,"RW, SM, LM",S4F,CHRL 1,,1980,Cardinal 10 m,SW,5,Depth,5/10/2024 13:40,118,,,118,,,,,,,,,U,,,,,,,,Good,,,,,,,,1201.6251,WGS84,,Stonex,3/17/2023,,SBAS,328998.6254,5504064.663
1,5/10/2024 13:12,Cruickshank,"RW, SM, LM",S4F,CHRL 1,,1980,Cardinal 10 m,SW,2.5,Depth,5/10/2024 13:40,15,,,15,,,,,,,,,TW,,,,,,,,Good,,,,,,,,1201.6251,WGS84,,Stonex,3/17/2023,,SBAS,329000.3954,5504066.433
1,5/10/2024 14:04,Cruickshank,"Rw, lm, sm",S5O,CHRL 1,New pokes,2360,Cardinal 10 m,N,10,Depth,5/10/2024 14:05,99,,,99,,,,,,,,,O,,,,,,,,Good,,,,,,,,1108.2871,WGS84,,Stonex,3/17/2023,,SBAS,329421.1586,5503816.23
1,5/10/2024 14:04,Cruickshank,"Rw, lm, sm",S5O,CHRL 1,New pokes,2360,Cardinal 10 m,N,7.5,Depth,5/10/2024 14:05,95,,,95,,,,,,,,,O,,,,,,,,Good,,,,,,,,1108.2871,WGS84,,Stonex,3/17/2023,,SBAS,329421.1586,5503813.73
1,5/10/2024 14:04,Cruickshank,"Rw, lm, sm",S5O,CHRL 1,New pokes,2360,Cardinal 10 m,N,5,Depth,5/10/2024 14:05,95,,,95,,,,,,,,,O,,,,,,,,Good,,,,,,,,1108.2871,WGS84,,Stonex,3/17/2023,,SBAS,329421.1586,5503811.23
1,5/10/2024 14:04,Cruickshank,"Rw, lm, sm",S5O,CHRL 1,New pokes,2360,Cardinal 10 m,N,2.5,Depth,5/10/2024 14:05,78,,,78,,,,,,,,,O,,,,,,,,Good,,,,,,,,1108.2871,WGS84,,Stonex,3/17/2023,,SBAS,329421.1586,5503808.73
1,5/10/2024 14:04,Cruickshank,"Rw, lm, sm",S5O,CHRL 1,New pokes,2360,Cardinal 10 m,Centre,,Density,5/10/2024 14:06,,0.1,2850,89,,,,,,,,72.9,O,,,490,89,82,43.664,0.491,Good,,,,,,,,1108.2871,WGS84,,Stonex,3/17/2023,,SBAS,,
1,5/10/2024 14:04,Cruickshank,"Rw, lm, sm",S5O,CHRL 1,New pokes,2360,Cardinal 10 m,S,10,Depth,5/10/2024 14:07,190,,,190,,,,,,,,,O,,,,,,,,Good,,,,,,,,1108.2871,WGS84,,Stonex,3/17/2023,,SBAS,329421.1586,5503796.23
1,5/10/2024 14:04,Cruickshank,"Rw, lm, sm",S5O,CHRL 1,New pokes,2360,Cardinal 10 m,S,7.5,Depth,5/10/2024 14:07,135,,,135,,,,,,,,,O,,,,,,,,Good,,,,,,,,1108.2871,WGS84,,Stonex,3/17/2023,,SBAS,329421.1586,5503798.73
1,5/10/2024 14:04,Cruickshank,"Rw, lm, sm",S5O,CHRL 1,New pokes,2360,Cardinal 10 m,S,5,Depth,5/10/2024 14:08,102,,,102,,,,,,,,,O,,,,,,,,Good,,,,,,,,1108.2871,WGS84,,Stonex,3/17/2023,,SBAS,329421.1586,5503801.23
1,5/10/2024 14:04,Cruickshank,"Rw, lm, sm",S5O,CHRL 1,New pokes,2360,Cardinal 10 m,S,2.5,Depth,5/10/2024 14:08,97,,,97,,,,,,,,,O,,,,,,,,Good,,,,,,,,1108.2871,WGS84,,Stonex,3/17/2023,,SBAS,329421.1586,5503803.73
1,5/10/2024 14:04,Cruickshank,"Rw, lm, sm",S5O,CHRL 1,New pokes,2360,Cardinal 10 m,S,10,Density,5/10/2024 14:10,,0,2960,107,,,,,,,,106,O,,,600,107,99,53.466,0.5,Good,,,,,,,,1108.2871,WGS84,,Stonex,3/17/2023,,SBAS,329421.1586,5503796.23
1,5/10/2024 14:04,Cruickshank,"Rw, lm, sm",S5O,CHRL 1,New pokes,2360,Cardinal 10 m,E,10,Depth,5/10/2024 14:09,70,,,70,,,,,,,,,O,,,,,,,,Good,,,,,,,,1108.2871,WGS84,,Stonex,3/17/2023,,SBAS,329431.1586,5503806.23
1,5/10/2024 14:04,Cruickshank,"Rw, lm, sm",S5O,CHRL 1,New pokes,2360,Cardinal 10 m,E,7.5,Depth,5/10/2024 14:09,92,,,92,,,,,,,,,O,,,,,,,,Good,,,,,,,,1108.2871,WGS84,,Stonex,3/17/2023,,SBAS,329428.6586,5503806.23
1,5/10/2024 14:04,Cruickshank,"Rw, lm, sm",S5O,CHRL 1,New pokes,2360,Cardinal 10 m,E,5,Depth,5/10/2024 14:10,90,,,90,,,,,,,,,O,,,,,,,,Good,,,,,,,,1108.2871,WGS84,,Stonex,3/17/2023,,SBAS,329426.1586,5503806.23
1,5/10/2024 14:04,Cruickshank,"Rw, lm, sm",S5O,CHRL 1,New pokes,2360,Cardinal 10 m,E,,Depth,5/10/2024 14:10,94,,,94,,,,,,,,,O,,,,,,,,Good,,,,,,,,1108.2871,WGS84,,Stonex,3/17/2023,,SBAS,,
1,5/10/2024 14:04,Cruickshank,"Rw, lm, sm",S5O,CHRL 1,New pokes,2360,Cardinal 10 m,W,10,Depth,5/10/2024 14:11,35,,,35,,,,,,,,,O,,,,,,,,Good,,,,,,,,1108.2871,WGS84,,Stonex,3/17/2023,,SBAS,329411.1586,5503806.23
1,5/10/2024 14:04,Cruickshank,"Rw, lm, sm",S5O,CHRL 1,New pokes,2360,Cardinal 10 m,W,7.5,Depth,5/10/2024 14:12,0,,,0,,,,,,,,,O,,,,,,,,Good,,,,,,,,1108.2871,WGS84,,Stonex,3/17/2023,,SBAS,329413.6586,5503806.23
1,5/10/2024 14:04,Cruickshank,"Rw, lm, sm",S5O,CHRL 1,New pokes,2360,Cardinal 10 m,W,5,Depth,5/10/2024 14:12,104,,,104,,,,,,,,,O,,,,,,,,Good,,,,,,,,1108.2871,WGS84,,Stonex,3/17/2023,,SBAS,329416.1586,5503806.23
1,5/10/2024 14:04,Cruickshank,"Rw, lm, sm",S5O,CHRL 1,New pokes,2360,Cardinal 10 m,W,2.5,Depth,5/10/2024 14:12,91,,,91,,,,,,,,,O,,,,,,,,Good,,,,,,,,1108.2871,WGS84,,Stonex,3/17/2023,,SBAS,329418.6586,5503806.23
1,5/10/2024 14:04,Cruickshank,"Rw, lm, sm",S5O,CHRL 1,New pokes,2360,Cardinal 10 m,E,10,Density,5/10/2024 14:12,,0,2650,74,,,,,,,,4,O,,,290,74,5,25.842,0.349,Good,,,,,,,,1108.2871,WGS84,,Stonex,3/17/2023,,SBAS,329431.1586,5503806.23
1,5/10/2024 14:04,Cruickshank,"Rw, lm, sm",S5O,CHRL 1,New pokes,2360,Cardinal 10 m,SE,10,Depth,5/10/2024 14:13,82,,,82,,,,,,,,,O,,,,,,,,Good,,,,,,,,1108.2871,WGS84,,Stonex,3/17/2023,,SBAS,329428.2286,5503799.16
1,5/10/2024 14:04,Cruickshank,"Rw, lm, sm",S5O,CHRL 1,New pokes,2360,Cardinal 10 m,SE,,Depth,5/10/2024 14:14,92,,,92,,,,,,,,,O,,,,,,,,Good,,,,,,,,1108.2871,WGS84,,Stonex,3/17/2023,,SBAS,,
1,5/10/2024 14:04,Cruickshank,"Rw, lm, sm",S5O,CHRL 1,New pokes,2360,Cardinal 10 m,SE,5,Depth,5/10/2024 14:14,69,,,69,,,,,,,,,"O,TW",,,,,,,,Good,,,,,,,,1108.2871,WGS84,,Stonex,3/17/2023,,SBAS,329424.6986,5503802.69
1,5/10/2024 14:04,Cruickshank,"Rw, lm, sm",S5O,CHRL 1,New pokes,2360,Cardinal 10 m,SE,2.5,Depth,5/10/2024 14:14,110,,,110,,,,,,,,,O,,,,,,,,Good,,,,,,,,1108.2871,WGS84,,Stonex,3/17/2023,,SBAS,329422.9286,5503804.46
1,5/10/2024 14:04,Cruickshank,"Rw, lm, sm",S5O,CHRL 1,New pokes,2360,Cardinal 10 m,N,,Density,5/10/2024 14:14,,0,2770,83,no,,,,,,,63,O,,,410,83,76,36.535,0.44,Good,,,,,,,,1108.2871,WGS84,,Stonex,3/17/2023,,SBAS,,
1,5/10/2024 14:04,Cruickshank,"Rw, lm, sm",S5O,CHRL 1,New pokes,2360,Cardinal 10 m,NW,10,Depth,5/10/2024 14:15,90,,,90,,,,,,,,,O,,,,,,,,Good,,,,,,,,1108.2871,WGS84,,Stonex,3/17/2023,,SBAS,329414.0878,5503813.3
1,5/10/2024 14:04,Cruickshank,"Rw, lm, sm",S5O,CHRL 1,New pokes,2360,Cardinal 10 m,NW,7.5,Depth,5/10/2024 14:16,116,,,116,,,,,,,,,O,,,,,,,,Good,,,,,,,,1108.2871,WGS84,,Stonex,3/17/2023,,SBAS,329415.8555,5503811.53
1,5/10/2024 14:04,Cruickshank,"Rw, lm, sm",S5O,CHRL 1,New pokes,2360,Cardinal 10 m,NW,5,Depth,5/10/2024 14:16,96,,,96,,,,,,,,,O,,,,,,,,Good,,,,,,,,1108.2871,WGS84,,Stonex,3/17/2023,,SBAS,329417.6232,5503809.77
1,5/10/2024 14:04,Cruickshank,"Rw, lm, sm",S5O,CHRL 1,New pokes,2360,Cardinal 10 m,NW,2.5,Depth,5/10/2024 14:16,97,,,97,,,,,,,,,O,,,,,,,,Good,,,,,,,,1108.2871,WGS84,,Stonex,3/17/2023,,SBAS,329419.3909,5503808
1,5/10/2024 14:04,Cruickshank,"Rw, lm, sm",S5O,CHRL 1,New pokes,540,Cardinal 10 m,W,10,Density,5/10/2024 14:24,39,0,760,78,no,,,,,,,34,O,Stump,,220,39,87,19.604,0.503,Good,"Tare weight redone so we could use one tube

Tare weight 540 kg",,,,,,,1108.2871,WGS84,,Stonex,3/17/2023,,SBAS,329411.1586,5503806.23
1,5/10/2024 14:04,Cruickshank,"Rw, lm, sm",S5O,CHRL 1,New pokes,2360,Cardinal 10 m,NE,10,Depth,5/10/2024 14:18,95,,,95,,,,,,,,,O,,,,,,,,Good,,,,,,,,1108.2871,WGS84,,Stonex,3/17/2023,,SBAS,329428.2286,5503813.3
1,5/10/2024 14:04,Cruickshank,"Rw, lm, sm",S5O,CHRL 1,New pokes,2360,Cardinal 10 m,NE,7.5,Depth,5/10/2024 14:18,32,,,32,,,,,,,,,O,,,,,,,,Good,,,,,,,,1108.2871,WGS84,,Stonex,3/17/2023,,SBAS,329426.4586,5503811.53
1,5/10/2024 14:04,Cruickshank,"Rw, lm, sm",S5O,CHRL 1,New pokes,2360,Cardinal 10 m,NE,5,Depth,5/10/2024 14:18,66,,,66,,,,,,,,,O,,,,,,,,Good,,,,,,,,1108.2871,WGS84,,Stonex,3/17/2023,,SBAS,329424.6986,5503809.77
1,5/10/2024 14:04,Cruickshank,"Rw, lm, sm",S5O,CHRL 1,New pokes,2360,Cardinal 10 m,NE,2.5,Depth,5/10/2024 14:18,95,,,95,,,,,,,,,O,,,,,,,,Good,,,,,,,,1108.2871,WGS84,,Stonex,3/17/2023,,SBAS,329422.9286,5503808
1,5/10/2024 14:04,Cruickshank,"Rw, lm, sm",S5O,CHRL 1,New pokes,2360,Cardinal 10 m,SW,10,Depth,,,,,0,,,,,,,,,O,,,,,,,,Good,,,,,,,,1108.2871,WGS84,,Stonex,3/17/2023,,SBAS,329414.0886,5503799.16
1,5/10/2024 14:04,Cruickshank,"Rw, lm, sm",S5O,CHRL 1,New pokes,2360,Cardinal 10 m,SW,7.5,Depth,5/10/2024 14:20,0,,,0,,,,,,,,,O,,,,,,,,Good,,,,,,,,1108.2871,WGS84,,Stonex,3/17/2023,,SBAS,329415.8586,5503800.93
1,5/10/2024 14:04,Cruickshank,"Rw, lm, sm",S5O,CHRL 1,New pokes,2360,Cardinal 10 m,SW,5,Depth,5/10/2024 14:20,70,,,70,,,,,,,,,O,,,,,,,,Good,,,,,,,,1108.2871,WGS84,,Stonex,3/17/2023,,SBAS,329417.6186,5503802.69
1,5/10/2024 14:04,Cruickshank,"Rw, lm, sm",S5O,CHRL 1,New pokes,2360,Cardinal 10 m,SW,2.5,Depth,5/10/2024 14:20,103,,,103,,,,,,,,,O,,,,,,,,Good,,,,,,,,1108.2871,WGS84,,Stonex,3/17/2023,,SBAS,329419.3886,5503804.46
